Timing Analyzer report for Lab3_Stud
Wed May 20 15:25:31 2026
Quartus Prime Version 22.1std.1 Build 917 02/14/2023 SC Lite Edition


---------------------
; Table of Contents ;
---------------------
  1. Legal Notice
  2. Timing Analyzer Summary
  3. Parallel Compilation
  4. SDC File List
  5. Clocks
  6. Slow 1200mV 85C Model Fmax Summary
  7. Timing Closure Recommendations
  8. Slow 1200mV 85C Model Setup Summary
  9. Slow 1200mV 85C Model Hold Summary
 10. Slow 1200mV 85C Model Recovery Summary
 11. Slow 1200mV 85C Model Removal Summary
 12. Slow 1200mV 85C Model Minimum Pulse Width Summary
 13. Slow 1200mV 85C Model Setup: 'CLOCK_50'
 14. Slow 1200mV 85C Model Hold: 'CLOCK_50'
 15. Slow 1200mV 85C Model Metastability Summary
 16. Slow 1200mV 0C Model Fmax Summary
 17. Slow 1200mV 0C Model Setup Summary
 18. Slow 1200mV 0C Model Hold Summary
 19. Slow 1200mV 0C Model Recovery Summary
 20. Slow 1200mV 0C Model Removal Summary
 21. Slow 1200mV 0C Model Minimum Pulse Width Summary
 22. Slow 1200mV 0C Model Setup: 'CLOCK_50'
 23. Slow 1200mV 0C Model Hold: 'CLOCK_50'
 24. Slow 1200mV 0C Model Metastability Summary
 25. Fast 1200mV 0C Model Setup Summary
 26. Fast 1200mV 0C Model Hold Summary
 27. Fast 1200mV 0C Model Recovery Summary
 28. Fast 1200mV 0C Model Removal Summary
 29. Fast 1200mV 0C Model Minimum Pulse Width Summary
 30. Fast 1200mV 0C Model Setup: 'CLOCK_50'
 31. Fast 1200mV 0C Model Hold: 'CLOCK_50'
 32. Fast 1200mV 0C Model Metastability Summary
 33. Multicorner Timing Analysis Summary
 34. Board Trace Model Assignments
 35. Input Transition Times
 36. Signal Integrity Metrics (Slow 1200mv 0c Model)
 37. Signal Integrity Metrics (Slow 1200mv 85c Model)
 38. Signal Integrity Metrics (Fast 1200mv 0c Model)
 39. Setup Transfers
 40. Hold Transfers
 41. Report TCCS
 42. Report RSKM
 43. Unconstrained Paths Summary
 44. Clock Status Summary
 45. Unconstrained Input Ports
 46. Unconstrained Output Ports
 47. Unconstrained Input Ports
 48. Unconstrained Output Ports
 49. Timing Analyzer Messages



----------------
; Legal Notice ;
----------------
Copyright (C) 2023  Intel Corporation. All rights reserved.
Your use of Intel Corporation's design tools, logic functions 
and other software and tools, and any partner logic 
functions, and any output files from any of the foregoing 
(including device programming or simulation files), and any 
associated documentation or information are expressly subject 
to the terms and conditions of the Intel Program License 
Subscription Agreement, the Intel Quartus Prime License Agreement,
the Intel FPGA IP License Agreement, or other applicable license
agreement, including, without limitation, that your use is for
the sole purpose of programming logic devices manufactured by
Intel and sold by Intel or its authorized distributors.  Please
refer to the applicable agreement for further details, at
https://fpgasoftware.intel.com/eula.



+--------------------------------------------------------------------------------+
; Timing Analyzer Summary                                                        ;
+-----------------------+--------------------------------------------------------+
; Quartus Prime Version ; Version 22.1std.1 Build 917 02/14/2023 SC Lite Edition ;
; Timing Analyzer       ; Legacy Timing Analyzer                                 ;
; Revision Name         ; Lab3_Stud                                              ;
; Device Family         ; Cyclone IV E                                           ;
; Device Name           ; EP4CE22F17C6                                           ;
; Timing Models         ; Final                                                  ;
; Delay Model           ; Combined                                               ;
; Rise/Fall Delays      ; Enabled                                                ;
+-----------------------+--------------------------------------------------------+


+------------------------------------------+
; Parallel Compilation                     ;
+----------------------------+-------------+
; Processors                 ; Number      ;
+----------------------------+-------------+
; Number detected on machine ; 28          ;
; Maximum allowed            ; 16          ;
;                            ;             ;
; Average used               ; 1.07        ;
; Maximum used               ; 16          ;
;                            ;             ;
; Usage by Processor         ; % Time Used ;
;     Processor 1            ; 100.0%      ;
;     Processors 2-16        ;   0.5%      ;
+----------------------------+-------------+


+---------------------------------------------------+
; SDC File List                                     ;
+---------------+--------+--------------------------+
; SDC File Path ; Status ; Read at                  ;
+---------------+--------+--------------------------+
; Lab3_Stud.SDC ; OK     ; Wed May 20 15:25:30 2026 ;
+---------------+--------+--------------------------+


+--------------------------------------------------------------------------------------------------------------------------------------------------------------------------------------+
; Clocks                                                                                                                                                                               ;
+------------+------+--------+-----------+-------+--------+------------+-----------+-------------+-------+--------+-----------+------------+----------+--------+--------+--------------+
; Clock Name ; Type ; Period ; Frequency ; Rise  ; Fall   ; Duty Cycle ; Divide by ; Multiply by ; Phase ; Offset ; Edge List ; Edge Shift ; Inverted ; Master ; Source ; Targets      ;
+------------+------+--------+-----------+-------+--------+------------+-----------+-------------+-------+--------+-----------+------------+----------+--------+--------+--------------+
; CLOCK_50   ; Base ; 20.000 ; 50.0 MHz  ; 0.000 ; 10.000 ;            ;           ;             ;       ;        ;           ;            ;          ;        ;        ; { CLOCK_50 } ;
+------------+------+--------+-----------+-------+--------+------------+-----------+-------------+-------+--------+-----------+------------+----------+--------+--------+--------------+


+-----------------------------------------------------------------------------------------------------------+
; Slow 1200mV 85C Model Fmax Summary                                                                        ;
+------------+-----------------+------------+---------------------------------------------------------------+
; Fmax       ; Restricted Fmax ; Clock Name ; Note                                                          ;
+------------+-----------------+------------+---------------------------------------------------------------+
; 351.99 MHz ; 250.0 MHz       ; CLOCK_50   ; limit due to minimum period restriction (max I/O toggle rate) ;
+------------+-----------------+------------+---------------------------------------------------------------+
This panel reports FMAX for every clock in the design, regardless of the user-specified clock periods.  FMAX is only computed for paths where the source and destination registers or ports are driven by the same clock.  Paths of different clocks, including generated clocks, are ignored.  For paths between a clock and its inversion, FMAX is computed as if the rising and falling edges are scaled along with FMAX, such that the duty cycle (in terms of a percentage) is maintained. Altera recommends that you always use clock constraints and other slack reports for sign-off analysis.


----------------------------------
; Timing Closure Recommendations ;
----------------------------------
HTML report is unavailable in plain text report export.


+-------------------------------------+
; Slow 1200mV 85C Model Setup Summary ;
+----------+--------+-----------------+
; Clock    ; Slack  ; End Point TNS   ;
+----------+--------+-----------------+
; CLOCK_50 ; 17.159 ; 0.000           ;
+----------+--------+-----------------+


+------------------------------------+
; Slow 1200mV 85C Model Hold Summary ;
+----------+-------+-----------------+
; Clock    ; Slack ; End Point TNS   ;
+----------+-------+-----------------+
; CLOCK_50 ; 0.395 ; 0.000           ;
+----------+-------+-----------------+


------------------------------------------
; Slow 1200mV 85C Model Recovery Summary ;
------------------------------------------
No paths to report.


-----------------------------------------
; Slow 1200mV 85C Model Removal Summary ;
-----------------------------------------
No paths to report.


+---------------------------------------------------+
; Slow 1200mV 85C Model Minimum Pulse Width Summary ;
+----------+-------+--------------------------------+
; Clock    ; Slack ; End Point TNS                  ;
+----------+-------+--------------------------------+
; CLOCK_50 ; 9.597 ; 0.000                          ;
+----------+-------+--------------------------------+


+--------------------------------------------------------------------------------------------------------------------------------------------------------------------------------------------------------------+
; Slow 1200mV 85C Model Setup: 'CLOCK_50'                                                                                                                                                                      ;
+--------+---------------------------------------------------------------+---------------------------------------------------------------+--------------+-------------+--------------+------------+------------+
; Slack  ; From Node                                                     ; To Node                                                       ; Launch Clock ; Latch Clock ; Relationship ; Clock Skew ; Data Delay ;
+--------+---------------------------------------------------------------+---------------------------------------------------------------+--------------+-------------+--------------+------------+------------+
; 17.159 ; lpm_counter:inst6|cntr_f3g:auto_generated|counter_reg_bit[1]  ; lpm_counter:inst6|cntr_f3g:auto_generated|counter_reg_bit[24] ; CLOCK_50     ; CLOCK_50    ; 20.000       ; -0.063     ; 2.773      ;
; 17.240 ; lpm_counter:inst6|cntr_f3g:auto_generated|counter_reg_bit[0]  ; lpm_counter:inst6|cntr_f3g:auto_generated|counter_reg_bit[24] ; CLOCK_50     ; CLOCK_50    ; 20.000       ; -0.063     ; 2.692      ;
; 17.275 ; lpm_counter:inst6|cntr_f3g:auto_generated|counter_reg_bit[1]  ; lpm_counter:inst6|cntr_f3g:auto_generated|counter_reg_bit[22] ; CLOCK_50     ; CLOCK_50    ; 20.000       ; -0.063     ; 2.657      ;
; 17.277 ; lpm_counter:inst6|cntr_f3g:auto_generated|counter_reg_bit[3]  ; lpm_counter:inst6|cntr_f3g:auto_generated|counter_reg_bit[24] ; CLOCK_50     ; CLOCK_50    ; 20.000       ; -0.063     ; 2.655      ;
; 17.280 ; lpm_counter:inst6|cntr_f3g:auto_generated|counter_reg_bit[0]  ; lpm_counter:inst6|cntr_f3g:auto_generated|counter_reg_bit[23] ; CLOCK_50     ; CLOCK_50    ; 20.000       ; -0.063     ; 2.652      ;
; 17.281 ; lpm_counter:inst6|cntr_f3g:auto_generated|counter_reg_bit[1]  ; lpm_counter:inst6|cntr_f3g:auto_generated|counter_reg_bit[23] ; CLOCK_50     ; CLOCK_50    ; 20.000       ; -0.063     ; 2.651      ;
; 17.354 ; lpm_counter:inst6|cntr_f3g:auto_generated|counter_reg_bit[2]  ; lpm_counter:inst6|cntr_f3g:auto_generated|counter_reg_bit[24] ; CLOCK_50     ; CLOCK_50    ; 20.000       ; -0.063     ; 2.578      ;
; 17.356 ; lpm_counter:inst6|cntr_f3g:auto_generated|counter_reg_bit[0]  ; lpm_counter:inst6|cntr_f3g:auto_generated|counter_reg_bit[22] ; CLOCK_50     ; CLOCK_50    ; 20.000       ; -0.063     ; 2.576      ;
; 17.389 ; lpm_counter:inst6|cntr_f3g:auto_generated|counter_reg_bit[5]  ; lpm_counter:inst6|cntr_f3g:auto_generated|counter_reg_bit[24] ; CLOCK_50     ; CLOCK_50    ; 20.000       ; -0.063     ; 2.543      ;
; 17.391 ; lpm_counter:inst6|cntr_f3g:auto_generated|counter_reg_bit[1]  ; lpm_counter:inst6|cntr_f3g:auto_generated|counter_reg_bit[20] ; CLOCK_50     ; CLOCK_50    ; 20.000       ; -0.063     ; 2.541      ;
; 17.393 ; lpm_counter:inst6|cntr_f3g:auto_generated|counter_reg_bit[3]  ; lpm_counter:inst6|cntr_f3g:auto_generated|counter_reg_bit[22] ; CLOCK_50     ; CLOCK_50    ; 20.000       ; -0.063     ; 2.539      ;
; 17.395 ; lpm_counter:inst6|cntr_f3g:auto_generated|counter_reg_bit[2]  ; lpm_counter:inst6|cntr_f3g:auto_generated|counter_reg_bit[23] ; CLOCK_50     ; CLOCK_50    ; 20.000       ; -0.063     ; 2.537      ;
; 17.396 ; lpm_counter:inst6|cntr_f3g:auto_generated|counter_reg_bit[0]  ; lpm_counter:inst6|cntr_f3g:auto_generated|counter_reg_bit[21] ; CLOCK_50     ; CLOCK_50    ; 20.000       ; -0.063     ; 2.536      ;
; 17.397 ; lpm_counter:inst6|cntr_f3g:auto_generated|counter_reg_bit[1]  ; lpm_counter:inst6|cntr_f3g:auto_generated|counter_reg_bit[21] ; CLOCK_50     ; CLOCK_50    ; 20.000       ; -0.063     ; 2.535      ;
; 17.399 ; lpm_counter:inst6|cntr_f3g:auto_generated|counter_reg_bit[3]  ; lpm_counter:inst6|cntr_f3g:auto_generated|counter_reg_bit[23] ; CLOCK_50     ; CLOCK_50    ; 20.000       ; -0.063     ; 2.533      ;
; 17.470 ; lpm_counter:inst6|cntr_f3g:auto_generated|counter_reg_bit[2]  ; lpm_counter:inst6|cntr_f3g:auto_generated|counter_reg_bit[22] ; CLOCK_50     ; CLOCK_50    ; 20.000       ; -0.063     ; 2.462      ;
; 17.472 ; lpm_counter:inst6|cntr_f3g:auto_generated|counter_reg_bit[4]  ; lpm_counter:inst6|cntr_f3g:auto_generated|counter_reg_bit[24] ; CLOCK_50     ; CLOCK_50    ; 20.000       ; -0.063     ; 2.460      ;
; 17.472 ; lpm_counter:inst6|cntr_f3g:auto_generated|counter_reg_bit[0]  ; lpm_counter:inst6|cntr_f3g:auto_generated|counter_reg_bit[20] ; CLOCK_50     ; CLOCK_50    ; 20.000       ; -0.063     ; 2.460      ;
; 17.505 ; lpm_counter:inst6|cntr_f3g:auto_generated|counter_reg_bit[7]  ; lpm_counter:inst6|cntr_f3g:auto_generated|counter_reg_bit[24] ; CLOCK_50     ; CLOCK_50    ; 20.000       ; -0.063     ; 2.427      ;
; 17.505 ; lpm_counter:inst6|cntr_f3g:auto_generated|counter_reg_bit[5]  ; lpm_counter:inst6|cntr_f3g:auto_generated|counter_reg_bit[22] ; CLOCK_50     ; CLOCK_50    ; 20.000       ; -0.063     ; 2.427      ;
; 17.507 ; lpm_counter:inst6|cntr_f3g:auto_generated|counter_reg_bit[1]  ; lpm_counter:inst6|cntr_f3g:auto_generated|counter_reg_bit[18] ; CLOCK_50     ; CLOCK_50    ; 20.000       ; -0.063     ; 2.425      ;
; 17.508 ; lpm_counter:inst6|cntr_f3g:auto_generated|counter_reg_bit[4]  ; lpm_counter:inst6|cntr_f3g:auto_generated|counter_reg_bit[23] ; CLOCK_50     ; CLOCK_50    ; 20.000       ; -0.063     ; 2.424      ;
; 17.509 ; lpm_counter:inst6|cntr_f3g:auto_generated|counter_reg_bit[3]  ; lpm_counter:inst6|cntr_f3g:auto_generated|counter_reg_bit[20] ; CLOCK_50     ; CLOCK_50    ; 20.000       ; -0.063     ; 2.423      ;
; 17.511 ; lpm_counter:inst6|cntr_f3g:auto_generated|counter_reg_bit[5]  ; lpm_counter:inst6|cntr_f3g:auto_generated|counter_reg_bit[23] ; CLOCK_50     ; CLOCK_50    ; 20.000       ; -0.063     ; 2.421      ;
; 17.511 ; lpm_counter:inst6|cntr_f3g:auto_generated|counter_reg_bit[2]  ; lpm_counter:inst6|cntr_f3g:auto_generated|counter_reg_bit[21] ; CLOCK_50     ; CLOCK_50    ; 20.000       ; -0.063     ; 2.421      ;
; 17.512 ; lpm_counter:inst6|cntr_f3g:auto_generated|counter_reg_bit[0]  ; lpm_counter:inst6|cntr_f3g:auto_generated|counter_reg_bit[19] ; CLOCK_50     ; CLOCK_50    ; 20.000       ; -0.063     ; 2.420      ;
; 17.513 ; lpm_counter:inst6|cntr_f3g:auto_generated|counter_reg_bit[1]  ; lpm_counter:inst6|cntr_f3g:auto_generated|counter_reg_bit[19] ; CLOCK_50     ; CLOCK_50    ; 20.000       ; -0.063     ; 2.419      ;
; 17.515 ; lpm_counter:inst6|cntr_f3g:auto_generated|counter_reg_bit[3]  ; lpm_counter:inst6|cntr_f3g:auto_generated|counter_reg_bit[21] ; CLOCK_50     ; CLOCK_50    ; 20.000       ; -0.063     ; 2.417      ;
; 17.547 ; lpm_counter:inst6|cntr_f3g:auto_generated|counter_reg_bit[0]  ; lpm_counter:inst6|cntr_f3g:auto_generated|counter_reg_bit[25] ; CLOCK_50     ; CLOCK_50    ; 20.000       ; 0.320      ; 2.768      ;
; 17.548 ; lpm_counter:inst6|cntr_f3g:auto_generated|counter_reg_bit[1]  ; lpm_counter:inst6|cntr_f3g:auto_generated|counter_reg_bit[25] ; CLOCK_50     ; CLOCK_50    ; 20.000       ; 0.320      ; 2.767      ;
; 17.586 ; lpm_counter:inst6|cntr_f3g:auto_generated|counter_reg_bit[2]  ; lpm_counter:inst6|cntr_f3g:auto_generated|counter_reg_bit[20] ; CLOCK_50     ; CLOCK_50    ; 20.000       ; -0.063     ; 2.346      ;
; 17.588 ; lpm_counter:inst6|cntr_f3g:auto_generated|counter_reg_bit[6]  ; lpm_counter:inst6|cntr_f3g:auto_generated|counter_reg_bit[24] ; CLOCK_50     ; CLOCK_50    ; 20.000       ; -0.063     ; 2.344      ;
; 17.588 ; lpm_counter:inst6|cntr_f3g:auto_generated|counter_reg_bit[4]  ; lpm_counter:inst6|cntr_f3g:auto_generated|counter_reg_bit[22] ; CLOCK_50     ; CLOCK_50    ; 20.000       ; -0.063     ; 2.344      ;
; 17.588 ; lpm_counter:inst6|cntr_f3g:auto_generated|counter_reg_bit[0]  ; lpm_counter:inst6|cntr_f3g:auto_generated|counter_reg_bit[18] ; CLOCK_50     ; CLOCK_50    ; 20.000       ; -0.063     ; 2.344      ;
; 17.621 ; lpm_counter:inst6|cntr_f3g:auto_generated|counter_reg_bit[7]  ; lpm_counter:inst6|cntr_f3g:auto_generated|counter_reg_bit[22] ; CLOCK_50     ; CLOCK_50    ; 20.000       ; -0.063     ; 2.311      ;
; 17.621 ; lpm_counter:inst6|cntr_f3g:auto_generated|counter_reg_bit[5]  ; lpm_counter:inst6|cntr_f3g:auto_generated|counter_reg_bit[20] ; CLOCK_50     ; CLOCK_50    ; 20.000       ; -0.063     ; 2.311      ;
; 17.623 ; lpm_counter:inst6|cntr_f3g:auto_generated|counter_reg_bit[1]  ; lpm_counter:inst6|cntr_f3g:auto_generated|counter_reg_bit[16] ; CLOCK_50     ; CLOCK_50    ; 20.000       ; -0.063     ; 2.309      ;
; 17.623 ; lpm_counter:inst6|cntr_f3g:auto_generated|counter_reg_bit[9]  ; lpm_counter:inst6|cntr_f3g:auto_generated|counter_reg_bit[24] ; CLOCK_50     ; CLOCK_50    ; 20.000       ; -0.063     ; 2.309      ;
; 17.624 ; lpm_counter:inst6|cntr_f3g:auto_generated|counter_reg_bit[6]  ; lpm_counter:inst6|cntr_f3g:auto_generated|counter_reg_bit[23] ; CLOCK_50     ; CLOCK_50    ; 20.000       ; -0.063     ; 2.308      ;
; 17.624 ; lpm_counter:inst6|cntr_f3g:auto_generated|counter_reg_bit[4]  ; lpm_counter:inst6|cntr_f3g:auto_generated|counter_reg_bit[21] ; CLOCK_50     ; CLOCK_50    ; 20.000       ; -0.063     ; 2.308      ;
; 17.625 ; lpm_counter:inst6|cntr_f3g:auto_generated|counter_reg_bit[3]  ; lpm_counter:inst6|cntr_f3g:auto_generated|counter_reg_bit[18] ; CLOCK_50     ; CLOCK_50    ; 20.000       ; -0.063     ; 2.307      ;
; 17.627 ; lpm_counter:inst6|cntr_f3g:auto_generated|counter_reg_bit[7]  ; lpm_counter:inst6|cntr_f3g:auto_generated|counter_reg_bit[23] ; CLOCK_50     ; CLOCK_50    ; 20.000       ; -0.063     ; 2.305      ;
; 17.627 ; lpm_counter:inst6|cntr_f3g:auto_generated|counter_reg_bit[5]  ; lpm_counter:inst6|cntr_f3g:auto_generated|counter_reg_bit[21] ; CLOCK_50     ; CLOCK_50    ; 20.000       ; -0.063     ; 2.305      ;
; 17.627 ; lpm_counter:inst6|cntr_f3g:auto_generated|counter_reg_bit[2]  ; lpm_counter:inst6|cntr_f3g:auto_generated|counter_reg_bit[19] ; CLOCK_50     ; CLOCK_50    ; 20.000       ; -0.063     ; 2.305      ;
; 17.628 ; lpm_counter:inst6|cntr_f3g:auto_generated|counter_reg_bit[0]  ; lpm_counter:inst6|cntr_f3g:auto_generated|counter_reg_bit[17] ; CLOCK_50     ; CLOCK_50    ; 20.000       ; -0.063     ; 2.304      ;
; 17.629 ; lpm_counter:inst6|cntr_f3g:auto_generated|counter_reg_bit[1]  ; lpm_counter:inst6|cntr_f3g:auto_generated|counter_reg_bit[17] ; CLOCK_50     ; CLOCK_50    ; 20.000       ; -0.063     ; 2.303      ;
; 17.631 ; lpm_counter:inst6|cntr_f3g:auto_generated|counter_reg_bit[3]  ; lpm_counter:inst6|cntr_f3g:auto_generated|counter_reg_bit[19] ; CLOCK_50     ; CLOCK_50    ; 20.000       ; -0.063     ; 2.301      ;
; 17.662 ; lpm_counter:inst6|cntr_f3g:auto_generated|counter_reg_bit[2]  ; lpm_counter:inst6|cntr_f3g:auto_generated|counter_reg_bit[25] ; CLOCK_50     ; CLOCK_50    ; 20.000       ; 0.320      ; 2.653      ;
; 17.666 ; lpm_counter:inst6|cntr_f3g:auto_generated|counter_reg_bit[3]  ; lpm_counter:inst6|cntr_f3g:auto_generated|counter_reg_bit[25] ; CLOCK_50     ; CLOCK_50    ; 20.000       ; 0.320      ; 2.649      ;
; 17.702 ; lpm_counter:inst6|cntr_f3g:auto_generated|counter_reg_bit[2]  ; lpm_counter:inst6|cntr_f3g:auto_generated|counter_reg_bit[18] ; CLOCK_50     ; CLOCK_50    ; 20.000       ; -0.063     ; 2.230      ;
; 17.703 ; lpm_counter:inst6|cntr_f3g:auto_generated|counter_reg_bit[8]  ; lpm_counter:inst6|cntr_f3g:auto_generated|counter_reg_bit[24] ; CLOCK_50     ; CLOCK_50    ; 20.000       ; -0.063     ; 2.229      ;
; 17.704 ; lpm_counter:inst6|cntr_f3g:auto_generated|counter_reg_bit[6]  ; lpm_counter:inst6|cntr_f3g:auto_generated|counter_reg_bit[22] ; CLOCK_50     ; CLOCK_50    ; 20.000       ; -0.063     ; 2.228      ;
; 17.704 ; lpm_counter:inst6|cntr_f3g:auto_generated|counter_reg_bit[4]  ; lpm_counter:inst6|cntr_f3g:auto_generated|counter_reg_bit[20] ; CLOCK_50     ; CLOCK_50    ; 20.000       ; -0.063     ; 2.228      ;
; 17.704 ; lpm_counter:inst6|cntr_f3g:auto_generated|counter_reg_bit[0]  ; lpm_counter:inst6|cntr_f3g:auto_generated|counter_reg_bit[16] ; CLOCK_50     ; CLOCK_50    ; 20.000       ; -0.063     ; 2.228      ;
; 17.737 ; lpm_counter:inst6|cntr_f3g:auto_generated|counter_reg_bit[7]  ; lpm_counter:inst6|cntr_f3g:auto_generated|counter_reg_bit[20] ; CLOCK_50     ; CLOCK_50    ; 20.000       ; -0.063     ; 2.195      ;
; 17.737 ; lpm_counter:inst6|cntr_f3g:auto_generated|counter_reg_bit[5]  ; lpm_counter:inst6|cntr_f3g:auto_generated|counter_reg_bit[18] ; CLOCK_50     ; CLOCK_50    ; 20.000       ; -0.063     ; 2.195      ;
; 17.739 ; lpm_counter:inst6|cntr_f3g:auto_generated|counter_reg_bit[1]  ; lpm_counter:inst6|cntr_f3g:auto_generated|counter_reg_bit[14] ; CLOCK_50     ; CLOCK_50    ; 20.000       ; -0.063     ; 2.193      ;
; 17.739 ; lpm_counter:inst6|cntr_f3g:auto_generated|counter_reg_bit[11] ; lpm_counter:inst6|cntr_f3g:auto_generated|counter_reg_bit[24] ; CLOCK_50     ; CLOCK_50    ; 20.000       ; -0.063     ; 2.193      ;
; 17.739 ; lpm_counter:inst6|cntr_f3g:auto_generated|counter_reg_bit[9]  ; lpm_counter:inst6|cntr_f3g:auto_generated|counter_reg_bit[22] ; CLOCK_50     ; CLOCK_50    ; 20.000       ; -0.063     ; 2.193      ;
; 17.740 ; lpm_counter:inst6|cntr_f3g:auto_generated|counter_reg_bit[6]  ; lpm_counter:inst6|cntr_f3g:auto_generated|counter_reg_bit[21] ; CLOCK_50     ; CLOCK_50    ; 20.000       ; -0.063     ; 2.192      ;
; 17.740 ; lpm_counter:inst6|cntr_f3g:auto_generated|counter_reg_bit[4]  ; lpm_counter:inst6|cntr_f3g:auto_generated|counter_reg_bit[19] ; CLOCK_50     ; CLOCK_50    ; 20.000       ; -0.063     ; 2.192      ;
; 17.741 ; lpm_counter:inst6|cntr_f3g:auto_generated|counter_reg_bit[3]  ; lpm_counter:inst6|cntr_f3g:auto_generated|counter_reg_bit[16] ; CLOCK_50     ; CLOCK_50    ; 20.000       ; -0.063     ; 2.191      ;
; 17.743 ; lpm_counter:inst6|cntr_f3g:auto_generated|counter_reg_bit[8]  ; lpm_counter:inst6|cntr_f3g:auto_generated|counter_reg_bit[23] ; CLOCK_50     ; CLOCK_50    ; 20.000       ; -0.063     ; 2.189      ;
; 17.743 ; lpm_counter:inst6|cntr_f3g:auto_generated|counter_reg_bit[7]  ; lpm_counter:inst6|cntr_f3g:auto_generated|counter_reg_bit[21] ; CLOCK_50     ; CLOCK_50    ; 20.000       ; -0.063     ; 2.189      ;
; 17.743 ; lpm_counter:inst6|cntr_f3g:auto_generated|counter_reg_bit[5]  ; lpm_counter:inst6|cntr_f3g:auto_generated|counter_reg_bit[19] ; CLOCK_50     ; CLOCK_50    ; 20.000       ; -0.063     ; 2.189      ;
; 17.743 ; lpm_counter:inst6|cntr_f3g:auto_generated|counter_reg_bit[2]  ; lpm_counter:inst6|cntr_f3g:auto_generated|counter_reg_bit[17] ; CLOCK_50     ; CLOCK_50    ; 20.000       ; -0.063     ; 2.189      ;
; 17.744 ; lpm_counter:inst6|cntr_f3g:auto_generated|counter_reg_bit[0]  ; lpm_counter:inst6|cntr_f3g:auto_generated|counter_reg_bit[15] ; CLOCK_50     ; CLOCK_50    ; 20.000       ; -0.063     ; 2.188      ;
; 17.745 ; lpm_counter:inst6|cntr_f3g:auto_generated|counter_reg_bit[9]  ; lpm_counter:inst6|cntr_f3g:auto_generated|counter_reg_bit[23] ; CLOCK_50     ; CLOCK_50    ; 20.000       ; -0.063     ; 2.187      ;
; 17.745 ; lpm_counter:inst6|cntr_f3g:auto_generated|counter_reg_bit[1]  ; lpm_counter:inst6|cntr_f3g:auto_generated|counter_reg_bit[15] ; CLOCK_50     ; CLOCK_50    ; 20.000       ; -0.063     ; 2.187      ;
; 17.747 ; lpm_counter:inst6|cntr_f3g:auto_generated|counter_reg_bit[3]  ; lpm_counter:inst6|cntr_f3g:auto_generated|counter_reg_bit[17] ; CLOCK_50     ; CLOCK_50    ; 20.000       ; -0.063     ; 2.185      ;
; 17.775 ; lpm_counter:inst6|cntr_f3g:auto_generated|counter_reg_bit[4]  ; lpm_counter:inst6|cntr_f3g:auto_generated|counter_reg_bit[25] ; CLOCK_50     ; CLOCK_50    ; 20.000       ; 0.320      ; 2.540      ;
; 17.778 ; lpm_counter:inst6|cntr_f3g:auto_generated|counter_reg_bit[5]  ; lpm_counter:inst6|cntr_f3g:auto_generated|counter_reg_bit[25] ; CLOCK_50     ; CLOCK_50    ; 20.000       ; 0.320      ; 2.537      ;
; 17.818 ; lpm_counter:inst6|cntr_f3g:auto_generated|counter_reg_bit[2]  ; lpm_counter:inst6|cntr_f3g:auto_generated|counter_reg_bit[16] ; CLOCK_50     ; CLOCK_50    ; 20.000       ; -0.063     ; 2.114      ;
; 17.819 ; lpm_counter:inst6|cntr_f3g:auto_generated|counter_reg_bit[8]  ; lpm_counter:inst6|cntr_f3g:auto_generated|counter_reg_bit[22] ; CLOCK_50     ; CLOCK_50    ; 20.000       ; -0.063     ; 2.113      ;
; 17.820 ; lpm_counter:inst6|cntr_f3g:auto_generated|counter_reg_bit[10] ; lpm_counter:inst6|cntr_f3g:auto_generated|counter_reg_bit[24] ; CLOCK_50     ; CLOCK_50    ; 20.000       ; -0.063     ; 2.112      ;
; 17.820 ; lpm_counter:inst6|cntr_f3g:auto_generated|counter_reg_bit[6]  ; lpm_counter:inst6|cntr_f3g:auto_generated|counter_reg_bit[20] ; CLOCK_50     ; CLOCK_50    ; 20.000       ; -0.063     ; 2.112      ;
; 17.820 ; lpm_counter:inst6|cntr_f3g:auto_generated|counter_reg_bit[4]  ; lpm_counter:inst6|cntr_f3g:auto_generated|counter_reg_bit[18] ; CLOCK_50     ; CLOCK_50    ; 20.000       ; -0.063     ; 2.112      ;
; 17.820 ; lpm_counter:inst6|cntr_f3g:auto_generated|counter_reg_bit[0]  ; lpm_counter:inst6|cntr_f3g:auto_generated|counter_reg_bit[14] ; CLOCK_50     ; CLOCK_50    ; 20.000       ; -0.063     ; 2.112      ;
; 17.853 ; lpm_counter:inst6|cntr_f3g:auto_generated|counter_reg_bit[7]  ; lpm_counter:inst6|cntr_f3g:auto_generated|counter_reg_bit[18] ; CLOCK_50     ; CLOCK_50    ; 20.000       ; -0.063     ; 2.079      ;
; 17.853 ; lpm_counter:inst6|cntr_f3g:auto_generated|counter_reg_bit[5]  ; lpm_counter:inst6|cntr_f3g:auto_generated|counter_reg_bit[16] ; CLOCK_50     ; CLOCK_50    ; 20.000       ; -0.063     ; 2.079      ;
; 17.855 ; lpm_counter:inst6|cntr_f3g:auto_generated|counter_reg_bit[11] ; lpm_counter:inst6|cntr_f3g:auto_generated|counter_reg_bit[22] ; CLOCK_50     ; CLOCK_50    ; 20.000       ; -0.063     ; 2.077      ;
; 17.855 ; lpm_counter:inst6|cntr_f3g:auto_generated|counter_reg_bit[9]  ; lpm_counter:inst6|cntr_f3g:auto_generated|counter_reg_bit[20] ; CLOCK_50     ; CLOCK_50    ; 20.000       ; -0.063     ; 2.077      ;
; 17.856 ; lpm_counter:inst6|cntr_f3g:auto_generated|counter_reg_bit[1]  ; lpm_counter:inst6|cntr_f3g:auto_generated|counter_reg_bit[12] ; CLOCK_50     ; CLOCK_50    ; 20.000       ; -0.062     ; 2.077      ;
; 17.856 ; lpm_counter:inst6|cntr_f3g:auto_generated|counter_reg_bit[13] ; lpm_counter:inst6|cntr_f3g:auto_generated|counter_reg_bit[24] ; CLOCK_50     ; CLOCK_50    ; 20.000       ; -0.063     ; 2.076      ;
; 17.856 ; lpm_counter:inst6|cntr_f3g:auto_generated|counter_reg_bit[6]  ; lpm_counter:inst6|cntr_f3g:auto_generated|counter_reg_bit[19] ; CLOCK_50     ; CLOCK_50    ; 20.000       ; -0.063     ; 2.076      ;
; 17.856 ; lpm_counter:inst6|cntr_f3g:auto_generated|counter_reg_bit[4]  ; lpm_counter:inst6|cntr_f3g:auto_generated|counter_reg_bit[17] ; CLOCK_50     ; CLOCK_50    ; 20.000       ; -0.063     ; 2.076      ;
; 17.857 ; lpm_counter:inst6|cntr_f3g:auto_generated|counter_reg_bit[3]  ; lpm_counter:inst6|cntr_f3g:auto_generated|counter_reg_bit[14] ; CLOCK_50     ; CLOCK_50    ; 20.000       ; -0.063     ; 2.075      ;
; 17.859 ; lpm_counter:inst6|cntr_f3g:auto_generated|counter_reg_bit[8]  ; lpm_counter:inst6|cntr_f3g:auto_generated|counter_reg_bit[21] ; CLOCK_50     ; CLOCK_50    ; 20.000       ; -0.063     ; 2.073      ;
; 17.859 ; lpm_counter:inst6|cntr_f3g:auto_generated|counter_reg_bit[7]  ; lpm_counter:inst6|cntr_f3g:auto_generated|counter_reg_bit[19] ; CLOCK_50     ; CLOCK_50    ; 20.000       ; -0.063     ; 2.073      ;
; 17.859 ; lpm_counter:inst6|cntr_f3g:auto_generated|counter_reg_bit[5]  ; lpm_counter:inst6|cntr_f3g:auto_generated|counter_reg_bit[17] ; CLOCK_50     ; CLOCK_50    ; 20.000       ; -0.063     ; 2.073      ;
; 17.859 ; lpm_counter:inst6|cntr_f3g:auto_generated|counter_reg_bit[2]  ; lpm_counter:inst6|cntr_f3g:auto_generated|counter_reg_bit[15] ; CLOCK_50     ; CLOCK_50    ; 20.000       ; -0.063     ; 2.073      ;
; 17.860 ; lpm_counter:inst6|cntr_f3g:auto_generated|counter_reg_bit[0]  ; lpm_counter:inst6|cntr_f3g:auto_generated|counter_reg_bit[13] ; CLOCK_50     ; CLOCK_50    ; 20.000       ; -0.063     ; 2.072      ;
; 17.860 ; lpm_counter:inst6|cntr_f3g:auto_generated|counter_reg_bit[10] ; lpm_counter:inst6|cntr_f3g:auto_generated|counter_reg_bit[23] ; CLOCK_50     ; CLOCK_50    ; 20.000       ; -0.063     ; 2.072      ;
; 17.861 ; lpm_counter:inst6|cntr_f3g:auto_generated|counter_reg_bit[11] ; lpm_counter:inst6|cntr_f3g:auto_generated|counter_reg_bit[23] ; CLOCK_50     ; CLOCK_50    ; 20.000       ; -0.063     ; 2.071      ;
; 17.861 ; lpm_counter:inst6|cntr_f3g:auto_generated|counter_reg_bit[9]  ; lpm_counter:inst6|cntr_f3g:auto_generated|counter_reg_bit[21] ; CLOCK_50     ; CLOCK_50    ; 20.000       ; -0.063     ; 2.071      ;
; 17.861 ; lpm_counter:inst6|cntr_f3g:auto_generated|counter_reg_bit[1]  ; lpm_counter:inst6|cntr_f3g:auto_generated|counter_reg_bit[13] ; CLOCK_50     ; CLOCK_50    ; 20.000       ; -0.063     ; 2.071      ;
; 17.863 ; lpm_counter:inst6|cntr_f3g:auto_generated|counter_reg_bit[3]  ; lpm_counter:inst6|cntr_f3g:auto_generated|counter_reg_bit[15] ; CLOCK_50     ; CLOCK_50    ; 20.000       ; -0.063     ; 2.069      ;
; 17.891 ; lpm_counter:inst6|cntr_f3g:auto_generated|counter_reg_bit[6]  ; lpm_counter:inst6|cntr_f3g:auto_generated|counter_reg_bit[25] ; CLOCK_50     ; CLOCK_50    ; 20.000       ; 0.320      ; 2.424      ;
; 17.894 ; lpm_counter:inst6|cntr_f3g:auto_generated|counter_reg_bit[7]  ; lpm_counter:inst6|cntr_f3g:auto_generated|counter_reg_bit[25] ; CLOCK_50     ; CLOCK_50    ; 20.000       ; 0.320      ; 2.421      ;
; 17.934 ; lpm_counter:inst6|cntr_f3g:auto_generated|counter_reg_bit[2]  ; lpm_counter:inst6|cntr_f3g:auto_generated|counter_reg_bit[14] ; CLOCK_50     ; CLOCK_50    ; 20.000       ; -0.063     ; 1.998      ;
+--------+---------------------------------------------------------------+---------------------------------------------------------------+--------------+-------------+--------------+------------+------------+


+-------------------------------------------------------------------------------------------------------------------------------------------------------------------------------------------------------------+
; Slow 1200mV 85C Model Hold: 'CLOCK_50'                                                                                                                                                                      ;
+-------+---------------------------------------------------------------+---------------------------------------------------------------+--------------+-------------+--------------+------------+------------+
; Slack ; From Node                                                     ; To Node                                                       ; Launch Clock ; Latch Clock ; Relationship ; Clock Skew ; Data Delay ;
+-------+---------------------------------------------------------------+---------------------------------------------------------------+--------------+-------------+--------------+------------+------------+
; 0.395 ; lpm_counter:inst6|cntr_f3g:auto_generated|counter_reg_bit[24] ; lpm_counter:inst6|cntr_f3g:auto_generated|counter_reg_bit[25] ; CLOCK_50     ; CLOCK_50    ; 0.000        ; 0.506      ; 1.058      ;
; 0.493 ; lpm_counter:inst6|cntr_f3g:auto_generated|counter_reg_bit[23] ; lpm_counter:inst6|cntr_f3g:auto_generated|counter_reg_bit[25] ; CLOCK_50     ; CLOCK_50    ; 0.000        ; 0.506      ; 1.156      ;
; 0.510 ; lpm_counter:inst6|cntr_f3g:auto_generated|counter_reg_bit[22] ; lpm_counter:inst6|cntr_f3g:auto_generated|counter_reg_bit[25] ; CLOCK_50     ; CLOCK_50    ; 0.000        ; 0.506      ; 1.173      ;
; 0.549 ; lpm_counter:inst6|cntr_f3g:auto_generated|counter_reg_bit[19] ; lpm_counter:inst6|cntr_f3g:auto_generated|counter_reg_bit[19] ; CLOCK_50     ; CLOCK_50    ; 0.000        ; 0.063      ; 0.769      ;
; 0.549 ; lpm_counter:inst6|cntr_f3g:auto_generated|counter_reg_bit[16] ; lpm_counter:inst6|cntr_f3g:auto_generated|counter_reg_bit[16] ; CLOCK_50     ; CLOCK_50    ; 0.000        ; 0.063      ; 0.769      ;
; 0.549 ; lpm_counter:inst6|cntr_f3g:auto_generated|counter_reg_bit[13] ; lpm_counter:inst6|cntr_f3g:auto_generated|counter_reg_bit[13] ; CLOCK_50     ; CLOCK_50    ; 0.000        ; 0.063      ; 0.769      ;
; 0.549 ; lpm_counter:inst6|cntr_f3g:auto_generated|counter_reg_bit[12] ; lpm_counter:inst6|cntr_f3g:auto_generated|counter_reg_bit[12] ; CLOCK_50     ; CLOCK_50    ; 0.000        ; 0.062      ; 0.768      ;
; 0.549 ; lpm_counter:inst6|cntr_f3g:auto_generated|counter_reg_bit[10] ; lpm_counter:inst6|cntr_f3g:auto_generated|counter_reg_bit[10] ; CLOCK_50     ; CLOCK_50    ; 0.000        ; 0.062      ; 0.768      ;
; 0.549 ; lpm_counter:inst6|cntr_f3g:auto_generated|counter_reg_bit[3]  ; lpm_counter:inst6|cntr_f3g:auto_generated|counter_reg_bit[3]  ; CLOCK_50     ; CLOCK_50    ; 0.000        ; 0.062      ; 0.768      ;
; 0.550 ; lpm_counter:inst6|cntr_f3g:auto_generated|counter_reg_bit[24] ; lpm_counter:inst6|cntr_f3g:auto_generated|counter_reg_bit[24] ; CLOCK_50     ; CLOCK_50    ; 0.000        ; 0.063      ; 0.770      ;
; 0.550 ; lpm_counter:inst6|cntr_f3g:auto_generated|counter_reg_bit[18] ; lpm_counter:inst6|cntr_f3g:auto_generated|counter_reg_bit[18] ; CLOCK_50     ; CLOCK_50    ; 0.000        ; 0.063      ; 0.770      ;
; 0.550 ; lpm_counter:inst6|cntr_f3g:auto_generated|counter_reg_bit[15] ; lpm_counter:inst6|cntr_f3g:auto_generated|counter_reg_bit[15] ; CLOCK_50     ; CLOCK_50    ; 0.000        ; 0.063      ; 0.770      ;
; 0.550 ; lpm_counter:inst6|cntr_f3g:auto_generated|counter_reg_bit[11] ; lpm_counter:inst6|cntr_f3g:auto_generated|counter_reg_bit[11] ; CLOCK_50     ; CLOCK_50    ; 0.000        ; 0.062      ; 0.769      ;
; 0.550 ; lpm_counter:inst6|cntr_f3g:auto_generated|counter_reg_bit[8]  ; lpm_counter:inst6|cntr_f3g:auto_generated|counter_reg_bit[8]  ; CLOCK_50     ; CLOCK_50    ; 0.000        ; 0.062      ; 0.769      ;
; 0.550 ; lpm_counter:inst6|cntr_f3g:auto_generated|counter_reg_bit[2]  ; lpm_counter:inst6|cntr_f3g:auto_generated|counter_reg_bit[2]  ; CLOCK_50     ; CLOCK_50    ; 0.000        ; 0.062      ; 0.769      ;
; 0.551 ; lpm_counter:inst6|cntr_f3g:auto_generated|counter_reg_bit[17] ; lpm_counter:inst6|cntr_f3g:auto_generated|counter_reg_bit[17] ; CLOCK_50     ; CLOCK_50    ; 0.000        ; 0.063      ; 0.771      ;
; 0.551 ; lpm_counter:inst6|cntr_f3g:auto_generated|counter_reg_bit[14] ; lpm_counter:inst6|cntr_f3g:auto_generated|counter_reg_bit[14] ; CLOCK_50     ; CLOCK_50    ; 0.000        ; 0.063      ; 0.771      ;
; 0.551 ; lpm_counter:inst6|cntr_f3g:auto_generated|counter_reg_bit[9]  ; lpm_counter:inst6|cntr_f3g:auto_generated|counter_reg_bit[9]  ; CLOCK_50     ; CLOCK_50    ; 0.000        ; 0.062      ; 0.770      ;
; 0.551 ; lpm_counter:inst6|cntr_f3g:auto_generated|counter_reg_bit[1]  ; lpm_counter:inst6|cntr_f3g:auto_generated|counter_reg_bit[1]  ; CLOCK_50     ; CLOCK_50    ; 0.000        ; 0.062      ; 0.770      ;
; 0.552 ; lpm_counter:inst6|cntr_f3g:auto_generated|counter_reg_bit[23] ; lpm_counter:inst6|cntr_f3g:auto_generated|counter_reg_bit[23] ; CLOCK_50     ; CLOCK_50    ; 0.000        ; 0.063      ; 0.772      ;
; 0.552 ; lpm_counter:inst6|cntr_f3g:auto_generated|counter_reg_bit[21] ; lpm_counter:inst6|cntr_f3g:auto_generated|counter_reg_bit[21] ; CLOCK_50     ; CLOCK_50    ; 0.000        ; 0.063      ; 0.772      ;
; 0.552 ; lpm_counter:inst6|cntr_f3g:auto_generated|counter_reg_bit[7]  ; lpm_counter:inst6|cntr_f3g:auto_generated|counter_reg_bit[7]  ; CLOCK_50     ; CLOCK_50    ; 0.000        ; 0.062      ; 0.771      ;
; 0.552 ; lpm_counter:inst6|cntr_f3g:auto_generated|counter_reg_bit[5]  ; lpm_counter:inst6|cntr_f3g:auto_generated|counter_reg_bit[5]  ; CLOCK_50     ; CLOCK_50    ; 0.000        ; 0.062      ; 0.771      ;
; 0.554 ; lpm_counter:inst6|cntr_f3g:auto_generated|counter_reg_bit[22] ; lpm_counter:inst6|cntr_f3g:auto_generated|counter_reg_bit[22] ; CLOCK_50     ; CLOCK_50    ; 0.000        ; 0.063      ; 0.774      ;
; 0.554 ; lpm_counter:inst6|cntr_f3g:auto_generated|counter_reg_bit[20] ; lpm_counter:inst6|cntr_f3g:auto_generated|counter_reg_bit[20] ; CLOCK_50     ; CLOCK_50    ; 0.000        ; 0.063      ; 0.774      ;
; 0.554 ; lpm_counter:inst6|cntr_f3g:auto_generated|counter_reg_bit[6]  ; lpm_counter:inst6|cntr_f3g:auto_generated|counter_reg_bit[6]  ; CLOCK_50     ; CLOCK_50    ; 0.000        ; 0.062      ; 0.773      ;
; 0.554 ; lpm_counter:inst6|cntr_f3g:auto_generated|counter_reg_bit[4]  ; lpm_counter:inst6|cntr_f3g:auto_generated|counter_reg_bit[4]  ; CLOCK_50     ; CLOCK_50    ; 0.000        ; 0.062      ; 0.773      ;
; 0.567 ; lpm_counter:inst6|cntr_f3g:auto_generated|counter_reg_bit[0]  ; lpm_counter:inst6|cntr_f3g:auto_generated|counter_reg_bit[0]  ; CLOCK_50     ; CLOCK_50    ; 0.000        ; 0.062      ; 0.786      ;
; 0.584 ; lpm_counter:inst6|cntr_f3g:auto_generated|counter_reg_bit[25] ; lpm_counter:inst6|cntr_f3g:auto_generated|counter_reg_bit[25] ; CLOCK_50     ; CLOCK_50    ; 0.000        ; 0.038      ; 0.779      ;
; 0.605 ; lpm_counter:inst6|cntr_f3g:auto_generated|counter_reg_bit[21] ; lpm_counter:inst6|cntr_f3g:auto_generated|counter_reg_bit[25] ; CLOCK_50     ; CLOCK_50    ; 0.000        ; 0.506      ; 1.268      ;
; 0.622 ; lpm_counter:inst6|cntr_f3g:auto_generated|counter_reg_bit[20] ; lpm_counter:inst6|cntr_f3g:auto_generated|counter_reg_bit[25] ; CLOCK_50     ; CLOCK_50    ; 0.000        ; 0.506      ; 1.285      ;
; 0.715 ; lpm_counter:inst6|cntr_f3g:auto_generated|counter_reg_bit[19] ; lpm_counter:inst6|cntr_f3g:auto_generated|counter_reg_bit[25] ; CLOCK_50     ; CLOCK_50    ; 0.000        ; 0.506      ; 1.378      ;
; 0.731 ; lpm_counter:inst6|cntr_f3g:auto_generated|counter_reg_bit[18] ; lpm_counter:inst6|cntr_f3g:auto_generated|counter_reg_bit[25] ; CLOCK_50     ; CLOCK_50    ; 0.000        ; 0.506      ; 1.394      ;
; 0.823 ; lpm_counter:inst6|cntr_f3g:auto_generated|counter_reg_bit[13] ; lpm_counter:inst6|cntr_f3g:auto_generated|counter_reg_bit[14] ; CLOCK_50     ; CLOCK_50    ; 0.000        ; 0.063      ; 1.043      ;
; 0.824 ; lpm_counter:inst6|cntr_f3g:auto_generated|counter_reg_bit[15] ; lpm_counter:inst6|cntr_f3g:auto_generated|counter_reg_bit[16] ; CLOCK_50     ; CLOCK_50    ; 0.000        ; 0.063      ; 1.044      ;
; 0.824 ; lpm_counter:inst6|cntr_f3g:auto_generated|counter_reg_bit[11] ; lpm_counter:inst6|cntr_f3g:auto_generated|counter_reg_bit[12] ; CLOCK_50     ; CLOCK_50    ; 0.000        ; 0.062      ; 1.043      ;
; 0.824 ; lpm_counter:inst6|cntr_f3g:auto_generated|counter_reg_bit[19] ; lpm_counter:inst6|cntr_f3g:auto_generated|counter_reg_bit[20] ; CLOCK_50     ; CLOCK_50    ; 0.000        ; 0.063      ; 1.044      ;
; 0.824 ; lpm_counter:inst6|cntr_f3g:auto_generated|counter_reg_bit[3]  ; lpm_counter:inst6|cntr_f3g:auto_generated|counter_reg_bit[4]  ; CLOCK_50     ; CLOCK_50    ; 0.000        ; 0.062      ; 1.043      ;
; 0.825 ; lpm_counter:inst6|cntr_f3g:auto_generated|counter_reg_bit[9]  ; lpm_counter:inst6|cntr_f3g:auto_generated|counter_reg_bit[10] ; CLOCK_50     ; CLOCK_50    ; 0.000        ; 0.062      ; 1.044      ;
; 0.825 ; lpm_counter:inst6|cntr_f3g:auto_generated|counter_reg_bit[17] ; lpm_counter:inst6|cntr_f3g:auto_generated|counter_reg_bit[18] ; CLOCK_50     ; CLOCK_50    ; 0.000        ; 0.063      ; 1.045      ;
; 0.825 ; lpm_counter:inst6|cntr_f3g:auto_generated|counter_reg_bit[1]  ; lpm_counter:inst6|cntr_f3g:auto_generated|counter_reg_bit[2]  ; CLOCK_50     ; CLOCK_50    ; 0.000        ; 0.062      ; 1.044      ;
; 0.826 ; lpm_counter:inst6|cntr_f3g:auto_generated|counter_reg_bit[23] ; lpm_counter:inst6|cntr_f3g:auto_generated|counter_reg_bit[24] ; CLOCK_50     ; CLOCK_50    ; 0.000        ; 0.063      ; 1.046      ;
; 0.826 ; lpm_counter:inst6|cntr_f3g:auto_generated|counter_reg_bit[7]  ; lpm_counter:inst6|cntr_f3g:auto_generated|counter_reg_bit[8]  ; CLOCK_50     ; CLOCK_50    ; 0.000        ; 0.062      ; 1.045      ;
; 0.826 ; lpm_counter:inst6|cntr_f3g:auto_generated|counter_reg_bit[21] ; lpm_counter:inst6|cntr_f3g:auto_generated|counter_reg_bit[22] ; CLOCK_50     ; CLOCK_50    ; 0.000        ; 0.063      ; 1.046      ;
; 0.826 ; lpm_counter:inst6|cntr_f3g:auto_generated|counter_reg_bit[5]  ; lpm_counter:inst6|cntr_f3g:auto_generated|counter_reg_bit[6]  ; CLOCK_50     ; CLOCK_50    ; 0.000        ; 0.062      ; 1.045      ;
; 0.828 ; lpm_counter:inst6|cntr_f3g:auto_generated|counter_reg_bit[17] ; lpm_counter:inst6|cntr_f3g:auto_generated|counter_reg_bit[25] ; CLOCK_50     ; CLOCK_50    ; 0.000        ; 0.506      ; 1.491      ;
; 0.837 ; lpm_counter:inst6|cntr_f3g:auto_generated|counter_reg_bit[12] ; lpm_counter:inst6|cntr_f3g:auto_generated|counter_reg_bit[13] ; CLOCK_50     ; CLOCK_50    ; 0.000        ; 0.062      ; 1.056      ;
; 0.837 ; lpm_counter:inst6|cntr_f3g:auto_generated|counter_reg_bit[10] ; lpm_counter:inst6|cntr_f3g:auto_generated|counter_reg_bit[11] ; CLOCK_50     ; CLOCK_50    ; 0.000        ; 0.062      ; 1.056      ;
; 0.837 ; lpm_counter:inst6|cntr_f3g:auto_generated|counter_reg_bit[16] ; lpm_counter:inst6|cntr_f3g:auto_generated|counter_reg_bit[17] ; CLOCK_50     ; CLOCK_50    ; 0.000        ; 0.063      ; 1.057      ;
; 0.837 ; lpm_counter:inst6|cntr_f3g:auto_generated|counter_reg_bit[0]  ; lpm_counter:inst6|cntr_f3g:auto_generated|counter_reg_bit[1]  ; CLOCK_50     ; CLOCK_50    ; 0.000        ; 0.062      ; 1.056      ;
; 0.838 ; lpm_counter:inst6|cntr_f3g:auto_generated|counter_reg_bit[18] ; lpm_counter:inst6|cntr_f3g:auto_generated|counter_reg_bit[19] ; CLOCK_50     ; CLOCK_50    ; 0.000        ; 0.063      ; 1.058      ;
; 0.838 ; lpm_counter:inst6|cntr_f3g:auto_generated|counter_reg_bit[2]  ; lpm_counter:inst6|cntr_f3g:auto_generated|counter_reg_bit[3]  ; CLOCK_50     ; CLOCK_50    ; 0.000        ; 0.062      ; 1.057      ;
; 0.838 ; lpm_counter:inst6|cntr_f3g:auto_generated|counter_reg_bit[14] ; lpm_counter:inst6|cntr_f3g:auto_generated|counter_reg_bit[15] ; CLOCK_50     ; CLOCK_50    ; 0.000        ; 0.063      ; 1.058      ;
; 0.838 ; lpm_counter:inst6|cntr_f3g:auto_generated|counter_reg_bit[8]  ; lpm_counter:inst6|cntr_f3g:auto_generated|counter_reg_bit[9]  ; CLOCK_50     ; CLOCK_50    ; 0.000        ; 0.062      ; 1.057      ;
; 0.839 ; lpm_counter:inst6|cntr_f3g:auto_generated|counter_reg_bit[12] ; lpm_counter:inst6|cntr_f3g:auto_generated|counter_reg_bit[14] ; CLOCK_50     ; CLOCK_50    ; 0.000        ; 0.062      ; 1.058      ;
; 0.839 ; lpm_counter:inst6|cntr_f3g:auto_generated|counter_reg_bit[10] ; lpm_counter:inst6|cntr_f3g:auto_generated|counter_reg_bit[12] ; CLOCK_50     ; CLOCK_50    ; 0.000        ; 0.062      ; 1.058      ;
; 0.839 ; lpm_counter:inst6|cntr_f3g:auto_generated|counter_reg_bit[16] ; lpm_counter:inst6|cntr_f3g:auto_generated|counter_reg_bit[18] ; CLOCK_50     ; CLOCK_50    ; 0.000        ; 0.063      ; 1.059      ;
; 0.839 ; lpm_counter:inst6|cntr_f3g:auto_generated|counter_reg_bit[0]  ; lpm_counter:inst6|cntr_f3g:auto_generated|counter_reg_bit[2]  ; CLOCK_50     ; CLOCK_50    ; 0.000        ; 0.062      ; 1.058      ;
; 0.840 ; lpm_counter:inst6|cntr_f3g:auto_generated|counter_reg_bit[14] ; lpm_counter:inst6|cntr_f3g:auto_generated|counter_reg_bit[16] ; CLOCK_50     ; CLOCK_50    ; 0.000        ; 0.063      ; 1.060      ;
; 0.840 ; lpm_counter:inst6|cntr_f3g:auto_generated|counter_reg_bit[18] ; lpm_counter:inst6|cntr_f3g:auto_generated|counter_reg_bit[20] ; CLOCK_50     ; CLOCK_50    ; 0.000        ; 0.063      ; 1.060      ;
; 0.840 ; lpm_counter:inst6|cntr_f3g:auto_generated|counter_reg_bit[2]  ; lpm_counter:inst6|cntr_f3g:auto_generated|counter_reg_bit[4]  ; CLOCK_50     ; CLOCK_50    ; 0.000        ; 0.062      ; 1.059      ;
; 0.840 ; lpm_counter:inst6|cntr_f3g:auto_generated|counter_reg_bit[8]  ; lpm_counter:inst6|cntr_f3g:auto_generated|counter_reg_bit[10] ; CLOCK_50     ; CLOCK_50    ; 0.000        ; 0.062      ; 1.059      ;
; 0.841 ; lpm_counter:inst6|cntr_f3g:auto_generated|counter_reg_bit[22] ; lpm_counter:inst6|cntr_f3g:auto_generated|counter_reg_bit[23] ; CLOCK_50     ; CLOCK_50    ; 0.000        ; 0.063      ; 1.061      ;
; 0.841 ; lpm_counter:inst6|cntr_f3g:auto_generated|counter_reg_bit[20] ; lpm_counter:inst6|cntr_f3g:auto_generated|counter_reg_bit[21] ; CLOCK_50     ; CLOCK_50    ; 0.000        ; 0.063      ; 1.061      ;
; 0.841 ; lpm_counter:inst6|cntr_f3g:auto_generated|counter_reg_bit[6]  ; lpm_counter:inst6|cntr_f3g:auto_generated|counter_reg_bit[7]  ; CLOCK_50     ; CLOCK_50    ; 0.000        ; 0.062      ; 1.060      ;
; 0.841 ; lpm_counter:inst6|cntr_f3g:auto_generated|counter_reg_bit[4]  ; lpm_counter:inst6|cntr_f3g:auto_generated|counter_reg_bit[5]  ; CLOCK_50     ; CLOCK_50    ; 0.000        ; 0.062      ; 1.060      ;
; 0.842 ; lpm_counter:inst6|cntr_f3g:auto_generated|counter_reg_bit[16] ; lpm_counter:inst6|cntr_f3g:auto_generated|counter_reg_bit[25] ; CLOCK_50     ; CLOCK_50    ; 0.000        ; 0.506      ; 1.505      ;
; 0.843 ; lpm_counter:inst6|cntr_f3g:auto_generated|counter_reg_bit[22] ; lpm_counter:inst6|cntr_f3g:auto_generated|counter_reg_bit[24] ; CLOCK_50     ; CLOCK_50    ; 0.000        ; 0.063      ; 1.063      ;
; 0.843 ; lpm_counter:inst6|cntr_f3g:auto_generated|counter_reg_bit[6]  ; lpm_counter:inst6|cntr_f3g:auto_generated|counter_reg_bit[8]  ; CLOCK_50     ; CLOCK_50    ; 0.000        ; 0.062      ; 1.062      ;
; 0.843 ; lpm_counter:inst6|cntr_f3g:auto_generated|counter_reg_bit[20] ; lpm_counter:inst6|cntr_f3g:auto_generated|counter_reg_bit[22] ; CLOCK_50     ; CLOCK_50    ; 0.000        ; 0.063      ; 1.063      ;
; 0.843 ; lpm_counter:inst6|cntr_f3g:auto_generated|counter_reg_bit[4]  ; lpm_counter:inst6|cntr_f3g:auto_generated|counter_reg_bit[6]  ; CLOCK_50     ; CLOCK_50    ; 0.000        ; 0.062      ; 1.062      ;
; 0.933 ; lpm_counter:inst6|cntr_f3g:auto_generated|counter_reg_bit[13] ; lpm_counter:inst6|cntr_f3g:auto_generated|counter_reg_bit[15] ; CLOCK_50     ; CLOCK_50    ; 0.000        ; 0.063      ; 1.153      ;
; 0.934 ; lpm_counter:inst6|cntr_f3g:auto_generated|counter_reg_bit[11] ; lpm_counter:inst6|cntr_f3g:auto_generated|counter_reg_bit[13] ; CLOCK_50     ; CLOCK_50    ; 0.000        ; 0.062      ; 1.153      ;
; 0.934 ; lpm_counter:inst6|cntr_f3g:auto_generated|counter_reg_bit[15] ; lpm_counter:inst6|cntr_f3g:auto_generated|counter_reg_bit[17] ; CLOCK_50     ; CLOCK_50    ; 0.000        ; 0.063      ; 1.154      ;
; 0.934 ; lpm_counter:inst6|cntr_f3g:auto_generated|counter_reg_bit[19] ; lpm_counter:inst6|cntr_f3g:auto_generated|counter_reg_bit[21] ; CLOCK_50     ; CLOCK_50    ; 0.000        ; 0.063      ; 1.154      ;
; 0.934 ; lpm_counter:inst6|cntr_f3g:auto_generated|counter_reg_bit[3]  ; lpm_counter:inst6|cntr_f3g:auto_generated|counter_reg_bit[5]  ; CLOCK_50     ; CLOCK_50    ; 0.000        ; 0.062      ; 1.153      ;
; 0.935 ; lpm_counter:inst6|cntr_f3g:auto_generated|counter_reg_bit[9]  ; lpm_counter:inst6|cntr_f3g:auto_generated|counter_reg_bit[11] ; CLOCK_50     ; CLOCK_50    ; 0.000        ; 0.062      ; 1.154      ;
; 0.935 ; lpm_counter:inst6|cntr_f3g:auto_generated|counter_reg_bit[17] ; lpm_counter:inst6|cntr_f3g:auto_generated|counter_reg_bit[19] ; CLOCK_50     ; CLOCK_50    ; 0.000        ; 0.063      ; 1.155      ;
; 0.935 ; lpm_counter:inst6|cntr_f3g:auto_generated|counter_reg_bit[1]  ; lpm_counter:inst6|cntr_f3g:auto_generated|counter_reg_bit[3]  ; CLOCK_50     ; CLOCK_50    ; 0.000        ; 0.062      ; 1.154      ;
; 0.935 ; lpm_counter:inst6|cntr_f3g:auto_generated|counter_reg_bit[13] ; lpm_counter:inst6|cntr_f3g:auto_generated|counter_reg_bit[16] ; CLOCK_50     ; CLOCK_50    ; 0.000        ; 0.063      ; 1.155      ;
; 0.936 ; lpm_counter:inst6|cntr_f3g:auto_generated|counter_reg_bit[7]  ; lpm_counter:inst6|cntr_f3g:auto_generated|counter_reg_bit[9]  ; CLOCK_50     ; CLOCK_50    ; 0.000        ; 0.062      ; 1.155      ;
; 0.936 ; lpm_counter:inst6|cntr_f3g:auto_generated|counter_reg_bit[11] ; lpm_counter:inst6|cntr_f3g:auto_generated|counter_reg_bit[14] ; CLOCK_50     ; CLOCK_50    ; 0.000        ; 0.062      ; 1.155      ;
; 0.936 ; lpm_counter:inst6|cntr_f3g:auto_generated|counter_reg_bit[15] ; lpm_counter:inst6|cntr_f3g:auto_generated|counter_reg_bit[18] ; CLOCK_50     ; CLOCK_50    ; 0.000        ; 0.063      ; 1.156      ;
; 0.936 ; lpm_counter:inst6|cntr_f3g:auto_generated|counter_reg_bit[21] ; lpm_counter:inst6|cntr_f3g:auto_generated|counter_reg_bit[23] ; CLOCK_50     ; CLOCK_50    ; 0.000        ; 0.063      ; 1.156      ;
; 0.936 ; lpm_counter:inst6|cntr_f3g:auto_generated|counter_reg_bit[5]  ; lpm_counter:inst6|cntr_f3g:auto_generated|counter_reg_bit[7]  ; CLOCK_50     ; CLOCK_50    ; 0.000        ; 0.062      ; 1.155      ;
; 0.936 ; lpm_counter:inst6|cntr_f3g:auto_generated|counter_reg_bit[19] ; lpm_counter:inst6|cntr_f3g:auto_generated|counter_reg_bit[22] ; CLOCK_50     ; CLOCK_50    ; 0.000        ; 0.063      ; 1.156      ;
; 0.936 ; lpm_counter:inst6|cntr_f3g:auto_generated|counter_reg_bit[3]  ; lpm_counter:inst6|cntr_f3g:auto_generated|counter_reg_bit[6]  ; CLOCK_50     ; CLOCK_50    ; 0.000        ; 0.062      ; 1.155      ;
; 0.937 ; lpm_counter:inst6|cntr_f3g:auto_generated|counter_reg_bit[9]  ; lpm_counter:inst6|cntr_f3g:auto_generated|counter_reg_bit[12] ; CLOCK_50     ; CLOCK_50    ; 0.000        ; 0.062      ; 1.156      ;
; 0.937 ; lpm_counter:inst6|cntr_f3g:auto_generated|counter_reg_bit[17] ; lpm_counter:inst6|cntr_f3g:auto_generated|counter_reg_bit[20] ; CLOCK_50     ; CLOCK_50    ; 0.000        ; 0.063      ; 1.157      ;
; 0.937 ; lpm_counter:inst6|cntr_f3g:auto_generated|counter_reg_bit[1]  ; lpm_counter:inst6|cntr_f3g:auto_generated|counter_reg_bit[4]  ; CLOCK_50     ; CLOCK_50    ; 0.000        ; 0.062      ; 1.156      ;
; 0.938 ; lpm_counter:inst6|cntr_f3g:auto_generated|counter_reg_bit[7]  ; lpm_counter:inst6|cntr_f3g:auto_generated|counter_reg_bit[10] ; CLOCK_50     ; CLOCK_50    ; 0.000        ; 0.062      ; 1.157      ;
; 0.938 ; lpm_counter:inst6|cntr_f3g:auto_generated|counter_reg_bit[21] ; lpm_counter:inst6|cntr_f3g:auto_generated|counter_reg_bit[24] ; CLOCK_50     ; CLOCK_50    ; 0.000        ; 0.063      ; 1.158      ;
; 0.938 ; lpm_counter:inst6|cntr_f3g:auto_generated|counter_reg_bit[5]  ; lpm_counter:inst6|cntr_f3g:auto_generated|counter_reg_bit[8]  ; CLOCK_50     ; CLOCK_50    ; 0.000        ; 0.062      ; 1.157      ;
; 0.939 ; lpm_counter:inst6|cntr_f3g:auto_generated|counter_reg_bit[15] ; lpm_counter:inst6|cntr_f3g:auto_generated|counter_reg_bit[25] ; CLOCK_50     ; CLOCK_50    ; 0.000        ; 0.506      ; 1.602      ;
; 0.949 ; lpm_counter:inst6|cntr_f3g:auto_generated|counter_reg_bit[12] ; lpm_counter:inst6|cntr_f3g:auto_generated|counter_reg_bit[15] ; CLOCK_50     ; CLOCK_50    ; 0.000        ; 0.062      ; 1.168      ;
; 0.949 ; lpm_counter:inst6|cntr_f3g:auto_generated|counter_reg_bit[10] ; lpm_counter:inst6|cntr_f3g:auto_generated|counter_reg_bit[13] ; CLOCK_50     ; CLOCK_50    ; 0.000        ; 0.062      ; 1.168      ;
; 0.949 ; lpm_counter:inst6|cntr_f3g:auto_generated|counter_reg_bit[16] ; lpm_counter:inst6|cntr_f3g:auto_generated|counter_reg_bit[19] ; CLOCK_50     ; CLOCK_50    ; 0.000        ; 0.063      ; 1.169      ;
; 0.949 ; lpm_counter:inst6|cntr_f3g:auto_generated|counter_reg_bit[0]  ; lpm_counter:inst6|cntr_f3g:auto_generated|counter_reg_bit[3]  ; CLOCK_50     ; CLOCK_50    ; 0.000        ; 0.062      ; 1.168      ;
; 0.950 ; lpm_counter:inst6|cntr_f3g:auto_generated|counter_reg_bit[14] ; lpm_counter:inst6|cntr_f3g:auto_generated|counter_reg_bit[17] ; CLOCK_50     ; CLOCK_50    ; 0.000        ; 0.063      ; 1.170      ;
; 0.950 ; lpm_counter:inst6|cntr_f3g:auto_generated|counter_reg_bit[18] ; lpm_counter:inst6|cntr_f3g:auto_generated|counter_reg_bit[21] ; CLOCK_50     ; CLOCK_50    ; 0.000        ; 0.063      ; 1.170      ;
+-------+---------------------------------------------------------------+---------------------------------------------------------------+--------------+-------------+--------------+------------+------------+


-----------------------------------------------
; Slow 1200mV 85C Model Metastability Summary ;
-----------------------------------------------
No synchronizer chains to report.


+-----------------------------------------------------------------------------------------------------------+
; Slow 1200mV 0C Model Fmax Summary                                                                         ;
+------------+-----------------+------------+---------------------------------------------------------------+
; Fmax       ; Restricted Fmax ; Clock Name ; Note                                                          ;
+------------+-----------------+------------+---------------------------------------------------------------+
; 401.45 MHz ; 250.0 MHz       ; CLOCK_50   ; limit due to minimum period restriction (max I/O toggle rate) ;
+------------+-----------------+------------+---------------------------------------------------------------+
This panel reports FMAX for every clock in the design, regardless of the user-specified clock periods.  FMAX is only computed for paths where the source and destination registers or ports are driven by the same clock.  Paths of different clocks, including generated clocks, are ignored.  For paths between a clock and its inversion, FMAX is computed as if the rising and falling edges are scaled along with FMAX, such that the duty cycle (in terms of a percentage) is maintained. Altera recommends that you always use clock constraints and other slack reports for sign-off analysis.


+------------------------------------+
; Slow 1200mV 0C Model Setup Summary ;
+----------+--------+----------------+
; Clock    ; Slack  ; End Point TNS  ;
+----------+--------+----------------+
; CLOCK_50 ; 17.509 ; 0.000          ;
+----------+--------+----------------+


+-----------------------------------+
; Slow 1200mV 0C Model Hold Summary ;
+----------+-------+----------------+
; Clock    ; Slack ; End Point TNS  ;
+----------+-------+----------------+
; CLOCK_50 ; 0.323 ; 0.000          ;
+----------+-------+----------------+


-----------------------------------------
; Slow 1200mV 0C Model Recovery Summary ;
-----------------------------------------
No paths to report.


----------------------------------------
; Slow 1200mV 0C Model Removal Summary ;
----------------------------------------
No paths to report.


+--------------------------------------------------+
; Slow 1200mV 0C Model Minimum Pulse Width Summary ;
+----------+-------+-------------------------------+
; Clock    ; Slack ; End Point TNS                 ;
+----------+-------+-------------------------------+
; CLOCK_50 ; 9.597 ; 0.000                         ;
+----------+-------+-------------------------------+


+--------------------------------------------------------------------------------------------------------------------------------------------------------------------------------------------------------------+
; Slow 1200mV 0C Model Setup: 'CLOCK_50'                                                                                                                                                                       ;
+--------+---------------------------------------------------------------+---------------------------------------------------------------+--------------+-------------+--------------+------------+------------+
; Slack  ; From Node                                                     ; To Node                                                       ; Launch Clock ; Latch Clock ; Relationship ; Clock Skew ; Data Delay ;
+--------+---------------------------------------------------------------+---------------------------------------------------------------+--------------+-------------+--------------+------------+------------+
; 17.509 ; lpm_counter:inst6|cntr_f3g:auto_generated|counter_reg_bit[1]  ; lpm_counter:inst6|cntr_f3g:auto_generated|counter_reg_bit[24] ; CLOCK_50     ; CLOCK_50    ; 20.000       ; -0.057     ; 2.429      ;
; 17.576 ; lpm_counter:inst6|cntr_f3g:auto_generated|counter_reg_bit[0]  ; lpm_counter:inst6|cntr_f3g:auto_generated|counter_reg_bit[24] ; CLOCK_50     ; CLOCK_50    ; 20.000       ; -0.057     ; 2.362      ;
; 17.609 ; lpm_counter:inst6|cntr_f3g:auto_generated|counter_reg_bit[1]  ; lpm_counter:inst6|cntr_f3g:auto_generated|counter_reg_bit[22] ; CLOCK_50     ; CLOCK_50    ; 20.000       ; -0.057     ; 2.329      ;
; 17.611 ; lpm_counter:inst6|cntr_f3g:auto_generated|counter_reg_bit[3]  ; lpm_counter:inst6|cntr_f3g:auto_generated|counter_reg_bit[24] ; CLOCK_50     ; CLOCK_50    ; 20.000       ; -0.057     ; 2.327      ;
; 17.613 ; lpm_counter:inst6|cntr_f3g:auto_generated|counter_reg_bit[0]  ; lpm_counter:inst6|cntr_f3g:auto_generated|counter_reg_bit[23] ; CLOCK_50     ; CLOCK_50    ; 20.000       ; -0.057     ; 2.325      ;
; 17.627 ; lpm_counter:inst6|cntr_f3g:auto_generated|counter_reg_bit[1]  ; lpm_counter:inst6|cntr_f3g:auto_generated|counter_reg_bit[23] ; CLOCK_50     ; CLOCK_50    ; 20.000       ; -0.057     ; 2.311      ;
; 17.673 ; lpm_counter:inst6|cntr_f3g:auto_generated|counter_reg_bit[2]  ; lpm_counter:inst6|cntr_f3g:auto_generated|counter_reg_bit[24] ; CLOCK_50     ; CLOCK_50    ; 20.000       ; -0.057     ; 2.265      ;
; 17.676 ; lpm_counter:inst6|cntr_f3g:auto_generated|counter_reg_bit[0]  ; lpm_counter:inst6|cntr_f3g:auto_generated|counter_reg_bit[22] ; CLOCK_50     ; CLOCK_50    ; 20.000       ; -0.057     ; 2.262      ;
; 17.708 ; lpm_counter:inst6|cntr_f3g:auto_generated|counter_reg_bit[5]  ; lpm_counter:inst6|cntr_f3g:auto_generated|counter_reg_bit[24] ; CLOCK_50     ; CLOCK_50    ; 20.000       ; -0.057     ; 2.230      ;
; 17.709 ; lpm_counter:inst6|cntr_f3g:auto_generated|counter_reg_bit[1]  ; lpm_counter:inst6|cntr_f3g:auto_generated|counter_reg_bit[20] ; CLOCK_50     ; CLOCK_50    ; 20.000       ; -0.057     ; 2.229      ;
; 17.711 ; lpm_counter:inst6|cntr_f3g:auto_generated|counter_reg_bit[3]  ; lpm_counter:inst6|cntr_f3g:auto_generated|counter_reg_bit[22] ; CLOCK_50     ; CLOCK_50    ; 20.000       ; -0.057     ; 2.227      ;
; 17.712 ; lpm_counter:inst6|cntr_f3g:auto_generated|counter_reg_bit[2]  ; lpm_counter:inst6|cntr_f3g:auto_generated|counter_reg_bit[23] ; CLOCK_50     ; CLOCK_50    ; 20.000       ; -0.057     ; 2.226      ;
; 17.713 ; lpm_counter:inst6|cntr_f3g:auto_generated|counter_reg_bit[0]  ; lpm_counter:inst6|cntr_f3g:auto_generated|counter_reg_bit[21] ; CLOCK_50     ; CLOCK_50    ; 20.000       ; -0.057     ; 2.225      ;
; 17.727 ; lpm_counter:inst6|cntr_f3g:auto_generated|counter_reg_bit[1]  ; lpm_counter:inst6|cntr_f3g:auto_generated|counter_reg_bit[21] ; CLOCK_50     ; CLOCK_50    ; 20.000       ; -0.057     ; 2.211      ;
; 17.729 ; lpm_counter:inst6|cntr_f3g:auto_generated|counter_reg_bit[3]  ; lpm_counter:inst6|cntr_f3g:auto_generated|counter_reg_bit[23] ; CLOCK_50     ; CLOCK_50    ; 20.000       ; -0.057     ; 2.209      ;
; 17.773 ; lpm_counter:inst6|cntr_f3g:auto_generated|counter_reg_bit[2]  ; lpm_counter:inst6|cntr_f3g:auto_generated|counter_reg_bit[22] ; CLOCK_50     ; CLOCK_50    ; 20.000       ; -0.057     ; 2.165      ;
; 17.776 ; lpm_counter:inst6|cntr_f3g:auto_generated|counter_reg_bit[0]  ; lpm_counter:inst6|cntr_f3g:auto_generated|counter_reg_bit[20] ; CLOCK_50     ; CLOCK_50    ; 20.000       ; -0.057     ; 2.162      ;
; 17.778 ; lpm_counter:inst6|cntr_f3g:auto_generated|counter_reg_bit[4]  ; lpm_counter:inst6|cntr_f3g:auto_generated|counter_reg_bit[24] ; CLOCK_50     ; CLOCK_50    ; 20.000       ; -0.057     ; 2.160      ;
; 17.807 ; lpm_counter:inst6|cntr_f3g:auto_generated|counter_reg_bit[7]  ; lpm_counter:inst6|cntr_f3g:auto_generated|counter_reg_bit[24] ; CLOCK_50     ; CLOCK_50    ; 20.000       ; -0.057     ; 2.131      ;
; 17.808 ; lpm_counter:inst6|cntr_f3g:auto_generated|counter_reg_bit[5]  ; lpm_counter:inst6|cntr_f3g:auto_generated|counter_reg_bit[22] ; CLOCK_50     ; CLOCK_50    ; 20.000       ; -0.057     ; 2.130      ;
; 17.808 ; lpm_counter:inst6|cntr_f3g:auto_generated|counter_reg_bit[4]  ; lpm_counter:inst6|cntr_f3g:auto_generated|counter_reg_bit[23] ; CLOCK_50     ; CLOCK_50    ; 20.000       ; -0.057     ; 2.130      ;
; 17.809 ; lpm_counter:inst6|cntr_f3g:auto_generated|counter_reg_bit[1]  ; lpm_counter:inst6|cntr_f3g:auto_generated|counter_reg_bit[18] ; CLOCK_50     ; CLOCK_50    ; 20.000       ; -0.057     ; 2.129      ;
; 17.811 ; lpm_counter:inst6|cntr_f3g:auto_generated|counter_reg_bit[3]  ; lpm_counter:inst6|cntr_f3g:auto_generated|counter_reg_bit[20] ; CLOCK_50     ; CLOCK_50    ; 20.000       ; -0.057     ; 2.127      ;
; 17.812 ; lpm_counter:inst6|cntr_f3g:auto_generated|counter_reg_bit[2]  ; lpm_counter:inst6|cntr_f3g:auto_generated|counter_reg_bit[21] ; CLOCK_50     ; CLOCK_50    ; 20.000       ; -0.057     ; 2.126      ;
; 17.813 ; lpm_counter:inst6|cntr_f3g:auto_generated|counter_reg_bit[0]  ; lpm_counter:inst6|cntr_f3g:auto_generated|counter_reg_bit[19] ; CLOCK_50     ; CLOCK_50    ; 20.000       ; -0.057     ; 2.125      ;
; 17.826 ; lpm_counter:inst6|cntr_f3g:auto_generated|counter_reg_bit[5]  ; lpm_counter:inst6|cntr_f3g:auto_generated|counter_reg_bit[23] ; CLOCK_50     ; CLOCK_50    ; 20.000       ; -0.057     ; 2.112      ;
; 17.827 ; lpm_counter:inst6|cntr_f3g:auto_generated|counter_reg_bit[1]  ; lpm_counter:inst6|cntr_f3g:auto_generated|counter_reg_bit[19] ; CLOCK_50     ; CLOCK_50    ; 20.000       ; -0.057     ; 2.111      ;
; 17.829 ; lpm_counter:inst6|cntr_f3g:auto_generated|counter_reg_bit[3]  ; lpm_counter:inst6|cntr_f3g:auto_generated|counter_reg_bit[21] ; CLOCK_50     ; CLOCK_50    ; 20.000       ; -0.057     ; 2.109      ;
; 17.873 ; lpm_counter:inst6|cntr_f3g:auto_generated|counter_reg_bit[2]  ; lpm_counter:inst6|cntr_f3g:auto_generated|counter_reg_bit[20] ; CLOCK_50     ; CLOCK_50    ; 20.000       ; -0.057     ; 2.065      ;
; 17.876 ; lpm_counter:inst6|cntr_f3g:auto_generated|counter_reg_bit[0]  ; lpm_counter:inst6|cntr_f3g:auto_generated|counter_reg_bit[18] ; CLOCK_50     ; CLOCK_50    ; 20.000       ; -0.057     ; 2.062      ;
; 17.878 ; lpm_counter:inst6|cntr_f3g:auto_generated|counter_reg_bit[6]  ; lpm_counter:inst6|cntr_f3g:auto_generated|counter_reg_bit[24] ; CLOCK_50     ; CLOCK_50    ; 20.000       ; -0.057     ; 2.060      ;
; 17.878 ; lpm_counter:inst6|cntr_f3g:auto_generated|counter_reg_bit[4]  ; lpm_counter:inst6|cntr_f3g:auto_generated|counter_reg_bit[22] ; CLOCK_50     ; CLOCK_50    ; 20.000       ; -0.057     ; 2.060      ;
; 17.880 ; lpm_counter:inst6|cntr_f3g:auto_generated|counter_reg_bit[0]  ; lpm_counter:inst6|cntr_f3g:auto_generated|counter_reg_bit[25] ; CLOCK_50     ; CLOCK_50    ; 20.000       ; 0.310      ; 2.425      ;
; 17.894 ; lpm_counter:inst6|cntr_f3g:auto_generated|counter_reg_bit[1]  ; lpm_counter:inst6|cntr_f3g:auto_generated|counter_reg_bit[25] ; CLOCK_50     ; CLOCK_50    ; 20.000       ; 0.310      ; 2.411      ;
; 17.907 ; lpm_counter:inst6|cntr_f3g:auto_generated|counter_reg_bit[7]  ; lpm_counter:inst6|cntr_f3g:auto_generated|counter_reg_bit[22] ; CLOCK_50     ; CLOCK_50    ; 20.000       ; -0.057     ; 2.031      ;
; 17.908 ; lpm_counter:inst6|cntr_f3g:auto_generated|counter_reg_bit[6]  ; lpm_counter:inst6|cntr_f3g:auto_generated|counter_reg_bit[23] ; CLOCK_50     ; CLOCK_50    ; 20.000       ; -0.057     ; 2.030      ;
; 17.908 ; lpm_counter:inst6|cntr_f3g:auto_generated|counter_reg_bit[5]  ; lpm_counter:inst6|cntr_f3g:auto_generated|counter_reg_bit[20] ; CLOCK_50     ; CLOCK_50    ; 20.000       ; -0.057     ; 2.030      ;
; 17.908 ; lpm_counter:inst6|cntr_f3g:auto_generated|counter_reg_bit[4]  ; lpm_counter:inst6|cntr_f3g:auto_generated|counter_reg_bit[21] ; CLOCK_50     ; CLOCK_50    ; 20.000       ; -0.057     ; 2.030      ;
; 17.909 ; lpm_counter:inst6|cntr_f3g:auto_generated|counter_reg_bit[1]  ; lpm_counter:inst6|cntr_f3g:auto_generated|counter_reg_bit[16] ; CLOCK_50     ; CLOCK_50    ; 20.000       ; -0.057     ; 2.029      ;
; 17.909 ; lpm_counter:inst6|cntr_f3g:auto_generated|counter_reg_bit[9]  ; lpm_counter:inst6|cntr_f3g:auto_generated|counter_reg_bit[24] ; CLOCK_50     ; CLOCK_50    ; 20.000       ; -0.057     ; 2.029      ;
; 17.911 ; lpm_counter:inst6|cntr_f3g:auto_generated|counter_reg_bit[3]  ; lpm_counter:inst6|cntr_f3g:auto_generated|counter_reg_bit[18] ; CLOCK_50     ; CLOCK_50    ; 20.000       ; -0.057     ; 2.027      ;
; 17.912 ; lpm_counter:inst6|cntr_f3g:auto_generated|counter_reg_bit[2]  ; lpm_counter:inst6|cntr_f3g:auto_generated|counter_reg_bit[19] ; CLOCK_50     ; CLOCK_50    ; 20.000       ; -0.057     ; 2.026      ;
; 17.913 ; lpm_counter:inst6|cntr_f3g:auto_generated|counter_reg_bit[0]  ; lpm_counter:inst6|cntr_f3g:auto_generated|counter_reg_bit[17] ; CLOCK_50     ; CLOCK_50    ; 20.000       ; -0.057     ; 2.025      ;
; 17.925 ; lpm_counter:inst6|cntr_f3g:auto_generated|counter_reg_bit[7]  ; lpm_counter:inst6|cntr_f3g:auto_generated|counter_reg_bit[23] ; CLOCK_50     ; CLOCK_50    ; 20.000       ; -0.057     ; 2.013      ;
; 17.926 ; lpm_counter:inst6|cntr_f3g:auto_generated|counter_reg_bit[5]  ; lpm_counter:inst6|cntr_f3g:auto_generated|counter_reg_bit[21] ; CLOCK_50     ; CLOCK_50    ; 20.000       ; -0.057     ; 2.012      ;
; 17.927 ; lpm_counter:inst6|cntr_f3g:auto_generated|counter_reg_bit[1]  ; lpm_counter:inst6|cntr_f3g:auto_generated|counter_reg_bit[17] ; CLOCK_50     ; CLOCK_50    ; 20.000       ; -0.057     ; 2.011      ;
; 17.929 ; lpm_counter:inst6|cntr_f3g:auto_generated|counter_reg_bit[3]  ; lpm_counter:inst6|cntr_f3g:auto_generated|counter_reg_bit[19] ; CLOCK_50     ; CLOCK_50    ; 20.000       ; -0.057     ; 2.009      ;
; 17.973 ; lpm_counter:inst6|cntr_f3g:auto_generated|counter_reg_bit[2]  ; lpm_counter:inst6|cntr_f3g:auto_generated|counter_reg_bit[18] ; CLOCK_50     ; CLOCK_50    ; 20.000       ; -0.057     ; 1.965      ;
; 17.975 ; lpm_counter:inst6|cntr_f3g:auto_generated|counter_reg_bit[8]  ; lpm_counter:inst6|cntr_f3g:auto_generated|counter_reg_bit[24] ; CLOCK_50     ; CLOCK_50    ; 20.000       ; -0.057     ; 1.963      ;
; 17.976 ; lpm_counter:inst6|cntr_f3g:auto_generated|counter_reg_bit[0]  ; lpm_counter:inst6|cntr_f3g:auto_generated|counter_reg_bit[16] ; CLOCK_50     ; CLOCK_50    ; 20.000       ; -0.057     ; 1.962      ;
; 17.978 ; lpm_counter:inst6|cntr_f3g:auto_generated|counter_reg_bit[6]  ; lpm_counter:inst6|cntr_f3g:auto_generated|counter_reg_bit[22] ; CLOCK_50     ; CLOCK_50    ; 20.000       ; -0.057     ; 1.960      ;
; 17.978 ; lpm_counter:inst6|cntr_f3g:auto_generated|counter_reg_bit[4]  ; lpm_counter:inst6|cntr_f3g:auto_generated|counter_reg_bit[20] ; CLOCK_50     ; CLOCK_50    ; 20.000       ; -0.057     ; 1.960      ;
; 17.979 ; lpm_counter:inst6|cntr_f3g:auto_generated|counter_reg_bit[2]  ; lpm_counter:inst6|cntr_f3g:auto_generated|counter_reg_bit[25] ; CLOCK_50     ; CLOCK_50    ; 20.000       ; 0.310      ; 2.326      ;
; 17.996 ; lpm_counter:inst6|cntr_f3g:auto_generated|counter_reg_bit[3]  ; lpm_counter:inst6|cntr_f3g:auto_generated|counter_reg_bit[25] ; CLOCK_50     ; CLOCK_50    ; 20.000       ; 0.310      ; 2.309      ;
; 18.007 ; lpm_counter:inst6|cntr_f3g:auto_generated|counter_reg_bit[7]  ; lpm_counter:inst6|cntr_f3g:auto_generated|counter_reg_bit[20] ; CLOCK_50     ; CLOCK_50    ; 20.000       ; -0.057     ; 1.931      ;
; 18.008 ; lpm_counter:inst6|cntr_f3g:auto_generated|counter_reg_bit[6]  ; lpm_counter:inst6|cntr_f3g:auto_generated|counter_reg_bit[21] ; CLOCK_50     ; CLOCK_50    ; 20.000       ; -0.057     ; 1.930      ;
; 18.008 ; lpm_counter:inst6|cntr_f3g:auto_generated|counter_reg_bit[5]  ; lpm_counter:inst6|cntr_f3g:auto_generated|counter_reg_bit[18] ; CLOCK_50     ; CLOCK_50    ; 20.000       ; -0.057     ; 1.930      ;
; 18.008 ; lpm_counter:inst6|cntr_f3g:auto_generated|counter_reg_bit[4]  ; lpm_counter:inst6|cntr_f3g:auto_generated|counter_reg_bit[19] ; CLOCK_50     ; CLOCK_50    ; 20.000       ; -0.057     ; 1.930      ;
; 18.009 ; lpm_counter:inst6|cntr_f3g:auto_generated|counter_reg_bit[1]  ; lpm_counter:inst6|cntr_f3g:auto_generated|counter_reg_bit[14] ; CLOCK_50     ; CLOCK_50    ; 20.000       ; -0.057     ; 1.929      ;
; 18.009 ; lpm_counter:inst6|cntr_f3g:auto_generated|counter_reg_bit[9]  ; lpm_counter:inst6|cntr_f3g:auto_generated|counter_reg_bit[22] ; CLOCK_50     ; CLOCK_50    ; 20.000       ; -0.057     ; 1.929      ;
; 18.010 ; lpm_counter:inst6|cntr_f3g:auto_generated|counter_reg_bit[11] ; lpm_counter:inst6|cntr_f3g:auto_generated|counter_reg_bit[24] ; CLOCK_50     ; CLOCK_50    ; 20.000       ; -0.057     ; 1.928      ;
; 18.011 ; lpm_counter:inst6|cntr_f3g:auto_generated|counter_reg_bit[3]  ; lpm_counter:inst6|cntr_f3g:auto_generated|counter_reg_bit[16] ; CLOCK_50     ; CLOCK_50    ; 20.000       ; -0.057     ; 1.927      ;
; 18.012 ; lpm_counter:inst6|cntr_f3g:auto_generated|counter_reg_bit[8]  ; lpm_counter:inst6|cntr_f3g:auto_generated|counter_reg_bit[23] ; CLOCK_50     ; CLOCK_50    ; 20.000       ; -0.057     ; 1.926      ;
; 18.012 ; lpm_counter:inst6|cntr_f3g:auto_generated|counter_reg_bit[2]  ; lpm_counter:inst6|cntr_f3g:auto_generated|counter_reg_bit[17] ; CLOCK_50     ; CLOCK_50    ; 20.000       ; -0.057     ; 1.926      ;
; 18.013 ; lpm_counter:inst6|cntr_f3g:auto_generated|counter_reg_bit[0]  ; lpm_counter:inst6|cntr_f3g:auto_generated|counter_reg_bit[15] ; CLOCK_50     ; CLOCK_50    ; 20.000       ; -0.057     ; 1.925      ;
; 18.025 ; lpm_counter:inst6|cntr_f3g:auto_generated|counter_reg_bit[7]  ; lpm_counter:inst6|cntr_f3g:auto_generated|counter_reg_bit[21] ; CLOCK_50     ; CLOCK_50    ; 20.000       ; -0.057     ; 1.913      ;
; 18.026 ; lpm_counter:inst6|cntr_f3g:auto_generated|counter_reg_bit[5]  ; lpm_counter:inst6|cntr_f3g:auto_generated|counter_reg_bit[19] ; CLOCK_50     ; CLOCK_50    ; 20.000       ; -0.057     ; 1.912      ;
; 18.027 ; lpm_counter:inst6|cntr_f3g:auto_generated|counter_reg_bit[9]  ; lpm_counter:inst6|cntr_f3g:auto_generated|counter_reg_bit[23] ; CLOCK_50     ; CLOCK_50    ; 20.000       ; -0.057     ; 1.911      ;
; 18.027 ; lpm_counter:inst6|cntr_f3g:auto_generated|counter_reg_bit[1]  ; lpm_counter:inst6|cntr_f3g:auto_generated|counter_reg_bit[15] ; CLOCK_50     ; CLOCK_50    ; 20.000       ; -0.057     ; 1.911      ;
; 18.029 ; lpm_counter:inst6|cntr_f3g:auto_generated|counter_reg_bit[3]  ; lpm_counter:inst6|cntr_f3g:auto_generated|counter_reg_bit[17] ; CLOCK_50     ; CLOCK_50    ; 20.000       ; -0.057     ; 1.909      ;
; 18.073 ; lpm_counter:inst6|cntr_f3g:auto_generated|counter_reg_bit[2]  ; lpm_counter:inst6|cntr_f3g:auto_generated|counter_reg_bit[16] ; CLOCK_50     ; CLOCK_50    ; 20.000       ; -0.057     ; 1.865      ;
; 18.075 ; lpm_counter:inst6|cntr_f3g:auto_generated|counter_reg_bit[10] ; lpm_counter:inst6|cntr_f3g:auto_generated|counter_reg_bit[24] ; CLOCK_50     ; CLOCK_50    ; 20.000       ; -0.057     ; 1.863      ;
; 18.075 ; lpm_counter:inst6|cntr_f3g:auto_generated|counter_reg_bit[8]  ; lpm_counter:inst6|cntr_f3g:auto_generated|counter_reg_bit[22] ; CLOCK_50     ; CLOCK_50    ; 20.000       ; -0.057     ; 1.863      ;
; 18.075 ; lpm_counter:inst6|cntr_f3g:auto_generated|counter_reg_bit[4]  ; lpm_counter:inst6|cntr_f3g:auto_generated|counter_reg_bit[25] ; CLOCK_50     ; CLOCK_50    ; 20.000       ; 0.310      ; 2.230      ;
; 18.076 ; lpm_counter:inst6|cntr_f3g:auto_generated|counter_reg_bit[0]  ; lpm_counter:inst6|cntr_f3g:auto_generated|counter_reg_bit[14] ; CLOCK_50     ; CLOCK_50    ; 20.000       ; -0.057     ; 1.862      ;
; 18.078 ; lpm_counter:inst6|cntr_f3g:auto_generated|counter_reg_bit[6]  ; lpm_counter:inst6|cntr_f3g:auto_generated|counter_reg_bit[20] ; CLOCK_50     ; CLOCK_50    ; 20.000       ; -0.057     ; 1.860      ;
; 18.078 ; lpm_counter:inst6|cntr_f3g:auto_generated|counter_reg_bit[4]  ; lpm_counter:inst6|cntr_f3g:auto_generated|counter_reg_bit[18] ; CLOCK_50     ; CLOCK_50    ; 20.000       ; -0.057     ; 1.860      ;
; 18.093 ; lpm_counter:inst6|cntr_f3g:auto_generated|counter_reg_bit[5]  ; lpm_counter:inst6|cntr_f3g:auto_generated|counter_reg_bit[25] ; CLOCK_50     ; CLOCK_50    ; 20.000       ; 0.310      ; 2.212      ;
; 18.107 ; lpm_counter:inst6|cntr_f3g:auto_generated|counter_reg_bit[7]  ; lpm_counter:inst6|cntr_f3g:auto_generated|counter_reg_bit[18] ; CLOCK_50     ; CLOCK_50    ; 20.000       ; -0.057     ; 1.831      ;
; 18.108 ; lpm_counter:inst6|cntr_f3g:auto_generated|counter_reg_bit[6]  ; lpm_counter:inst6|cntr_f3g:auto_generated|counter_reg_bit[19] ; CLOCK_50     ; CLOCK_50    ; 20.000       ; -0.057     ; 1.830      ;
; 18.108 ; lpm_counter:inst6|cntr_f3g:auto_generated|counter_reg_bit[5]  ; lpm_counter:inst6|cntr_f3g:auto_generated|counter_reg_bit[16] ; CLOCK_50     ; CLOCK_50    ; 20.000       ; -0.057     ; 1.830      ;
; 18.108 ; lpm_counter:inst6|cntr_f3g:auto_generated|counter_reg_bit[4]  ; lpm_counter:inst6|cntr_f3g:auto_generated|counter_reg_bit[17] ; CLOCK_50     ; CLOCK_50    ; 20.000       ; -0.057     ; 1.830      ;
; 18.109 ; lpm_counter:inst6|cntr_f3g:auto_generated|counter_reg_bit[9]  ; lpm_counter:inst6|cntr_f3g:auto_generated|counter_reg_bit[20] ; CLOCK_50     ; CLOCK_50    ; 20.000       ; -0.057     ; 1.829      ;
; 18.110 ; lpm_counter:inst6|cntr_f3g:auto_generated|counter_reg_bit[1]  ; lpm_counter:inst6|cntr_f3g:auto_generated|counter_reg_bit[12] ; CLOCK_50     ; CLOCK_50    ; 20.000       ; -0.056     ; 1.829      ;
; 18.110 ; lpm_counter:inst6|cntr_f3g:auto_generated|counter_reg_bit[11] ; lpm_counter:inst6|cntr_f3g:auto_generated|counter_reg_bit[22] ; CLOCK_50     ; CLOCK_50    ; 20.000       ; -0.057     ; 1.828      ;
; 18.111 ; lpm_counter:inst6|cntr_f3g:auto_generated|counter_reg_bit[3]  ; lpm_counter:inst6|cntr_f3g:auto_generated|counter_reg_bit[14] ; CLOCK_50     ; CLOCK_50    ; 20.000       ; -0.057     ; 1.827      ;
; 18.112 ; lpm_counter:inst6|cntr_f3g:auto_generated|counter_reg_bit[13] ; lpm_counter:inst6|cntr_f3g:auto_generated|counter_reg_bit[24] ; CLOCK_50     ; CLOCK_50    ; 20.000       ; -0.055     ; 1.828      ;
; 18.112 ; lpm_counter:inst6|cntr_f3g:auto_generated|counter_reg_bit[8]  ; lpm_counter:inst6|cntr_f3g:auto_generated|counter_reg_bit[21] ; CLOCK_50     ; CLOCK_50    ; 20.000       ; -0.057     ; 1.826      ;
; 18.112 ; lpm_counter:inst6|cntr_f3g:auto_generated|counter_reg_bit[2]  ; lpm_counter:inst6|cntr_f3g:auto_generated|counter_reg_bit[15] ; CLOCK_50     ; CLOCK_50    ; 20.000       ; -0.057     ; 1.826      ;
; 18.113 ; lpm_counter:inst6|cntr_f3g:auto_generated|counter_reg_bit[0]  ; lpm_counter:inst6|cntr_f3g:auto_generated|counter_reg_bit[13] ; CLOCK_50     ; CLOCK_50    ; 20.000       ; -0.057     ; 1.825      ;
; 18.113 ; lpm_counter:inst6|cntr_f3g:auto_generated|counter_reg_bit[10] ; lpm_counter:inst6|cntr_f3g:auto_generated|counter_reg_bit[23] ; CLOCK_50     ; CLOCK_50    ; 20.000       ; -0.057     ; 1.825      ;
; 18.125 ; lpm_counter:inst6|cntr_f3g:auto_generated|counter_reg_bit[7]  ; lpm_counter:inst6|cntr_f3g:auto_generated|counter_reg_bit[19] ; CLOCK_50     ; CLOCK_50    ; 20.000       ; -0.057     ; 1.813      ;
; 18.126 ; lpm_counter:inst6|cntr_f3g:auto_generated|counter_reg_bit[5]  ; lpm_counter:inst6|cntr_f3g:auto_generated|counter_reg_bit[17] ; CLOCK_50     ; CLOCK_50    ; 20.000       ; -0.057     ; 1.812      ;
; 18.127 ; lpm_counter:inst6|cntr_f3g:auto_generated|counter_reg_bit[9]  ; lpm_counter:inst6|cntr_f3g:auto_generated|counter_reg_bit[21] ; CLOCK_50     ; CLOCK_50    ; 20.000       ; -0.057     ; 1.811      ;
; 18.127 ; lpm_counter:inst6|cntr_f3g:auto_generated|counter_reg_bit[1]  ; lpm_counter:inst6|cntr_f3g:auto_generated|counter_reg_bit[13] ; CLOCK_50     ; CLOCK_50    ; 20.000       ; -0.057     ; 1.811      ;
; 18.128 ; lpm_counter:inst6|cntr_f3g:auto_generated|counter_reg_bit[11] ; lpm_counter:inst6|cntr_f3g:auto_generated|counter_reg_bit[23] ; CLOCK_50     ; CLOCK_50    ; 20.000       ; -0.057     ; 1.810      ;
; 18.129 ; lpm_counter:inst6|cntr_f3g:auto_generated|counter_reg_bit[3]  ; lpm_counter:inst6|cntr_f3g:auto_generated|counter_reg_bit[15] ; CLOCK_50     ; CLOCK_50    ; 20.000       ; -0.057     ; 1.809      ;
; 18.173 ; lpm_counter:inst6|cntr_f3g:auto_generated|counter_reg_bit[2]  ; lpm_counter:inst6|cntr_f3g:auto_generated|counter_reg_bit[14] ; CLOCK_50     ; CLOCK_50    ; 20.000       ; -0.057     ; 1.765      ;
; 18.175 ; lpm_counter:inst6|cntr_f3g:auto_generated|counter_reg_bit[12] ; lpm_counter:inst6|cntr_f3g:auto_generated|counter_reg_bit[24] ; CLOCK_50     ; CLOCK_50    ; 20.000       ; -0.057     ; 1.763      ;
; 18.175 ; lpm_counter:inst6|cntr_f3g:auto_generated|counter_reg_bit[10] ; lpm_counter:inst6|cntr_f3g:auto_generated|counter_reg_bit[22] ; CLOCK_50     ; CLOCK_50    ; 20.000       ; -0.057     ; 1.763      ;
+--------+---------------------------------------------------------------+---------------------------------------------------------------+--------------+-------------+--------------+------------+------------+


+-------------------------------------------------------------------------------------------------------------------------------------------------------------------------------------------------------------+
; Slow 1200mV 0C Model Hold: 'CLOCK_50'                                                                                                                                                                       ;
+-------+---------------------------------------------------------------+---------------------------------------------------------------+--------------+-------------+--------------+------------+------------+
; Slack ; From Node                                                     ; To Node                                                       ; Launch Clock ; Latch Clock ; Relationship ; Clock Skew ; Data Delay ;
+-------+---------------------------------------------------------------+---------------------------------------------------------------+--------------+-------------+--------------+------------+------------+
; 0.323 ; lpm_counter:inst6|cntr_f3g:auto_generated|counter_reg_bit[24] ; lpm_counter:inst6|cntr_f3g:auto_generated|counter_reg_bit[25] ; CLOCK_50     ; CLOCK_50    ; 0.000        ; 0.477      ; 0.944      ;
; 0.410 ; lpm_counter:inst6|cntr_f3g:auto_generated|counter_reg_bit[23] ; lpm_counter:inst6|cntr_f3g:auto_generated|counter_reg_bit[25] ; CLOCK_50     ; CLOCK_50    ; 0.000        ; 0.477      ; 1.031      ;
; 0.422 ; lpm_counter:inst6|cntr_f3g:auto_generated|counter_reg_bit[22] ; lpm_counter:inst6|cntr_f3g:auto_generated|counter_reg_bit[25] ; CLOCK_50     ; CLOCK_50    ; 0.000        ; 0.477      ; 1.043      ;
; 0.492 ; lpm_counter:inst6|cntr_f3g:auto_generated|counter_reg_bit[12] ; lpm_counter:inst6|cntr_f3g:auto_generated|counter_reg_bit[12] ; CLOCK_50     ; CLOCK_50    ; 0.000        ; 0.056      ; 0.692      ;
; 0.492 ; lpm_counter:inst6|cntr_f3g:auto_generated|counter_reg_bit[10] ; lpm_counter:inst6|cntr_f3g:auto_generated|counter_reg_bit[10] ; CLOCK_50     ; CLOCK_50    ; 0.000        ; 0.056      ; 0.692      ;
; 0.493 ; lpm_counter:inst6|cntr_f3g:auto_generated|counter_reg_bit[8]  ; lpm_counter:inst6|cntr_f3g:auto_generated|counter_reg_bit[8]  ; CLOCK_50     ; CLOCK_50    ; 0.000        ; 0.056      ; 0.693      ;
; 0.493 ; lpm_counter:inst6|cntr_f3g:auto_generated|counter_reg_bit[3]  ; lpm_counter:inst6|cntr_f3g:auto_generated|counter_reg_bit[3]  ; CLOCK_50     ; CLOCK_50    ; 0.000        ; 0.056      ; 0.693      ;
; 0.494 ; lpm_counter:inst6|cntr_f3g:auto_generated|counter_reg_bit[19] ; lpm_counter:inst6|cntr_f3g:auto_generated|counter_reg_bit[19] ; CLOCK_50     ; CLOCK_50    ; 0.000        ; 0.055      ; 0.693      ;
; 0.494 ; lpm_counter:inst6|cntr_f3g:auto_generated|counter_reg_bit[16] ; lpm_counter:inst6|cntr_f3g:auto_generated|counter_reg_bit[16] ; CLOCK_50     ; CLOCK_50    ; 0.000        ; 0.055      ; 0.693      ;
; 0.494 ; lpm_counter:inst6|cntr_f3g:auto_generated|counter_reg_bit[13] ; lpm_counter:inst6|cntr_f3g:auto_generated|counter_reg_bit[13] ; CLOCK_50     ; CLOCK_50    ; 0.000        ; 0.055      ; 0.693      ;
; 0.494 ; lpm_counter:inst6|cntr_f3g:auto_generated|counter_reg_bit[11] ; lpm_counter:inst6|cntr_f3g:auto_generated|counter_reg_bit[11] ; CLOCK_50     ; CLOCK_50    ; 0.000        ; 0.056      ; 0.694      ;
; 0.494 ; lpm_counter:inst6|cntr_f3g:auto_generated|counter_reg_bit[2]  ; lpm_counter:inst6|cntr_f3g:auto_generated|counter_reg_bit[2]  ; CLOCK_50     ; CLOCK_50    ; 0.000        ; 0.056      ; 0.694      ;
; 0.495 ; lpm_counter:inst6|cntr_f3g:auto_generated|counter_reg_bit[18] ; lpm_counter:inst6|cntr_f3g:auto_generated|counter_reg_bit[18] ; CLOCK_50     ; CLOCK_50    ; 0.000        ; 0.055      ; 0.694      ;
; 0.495 ; lpm_counter:inst6|cntr_f3g:auto_generated|counter_reg_bit[9]  ; lpm_counter:inst6|cntr_f3g:auto_generated|counter_reg_bit[9]  ; CLOCK_50     ; CLOCK_50    ; 0.000        ; 0.056      ; 0.695      ;
; 0.495 ; lpm_counter:inst6|cntr_f3g:auto_generated|counter_reg_bit[1]  ; lpm_counter:inst6|cntr_f3g:auto_generated|counter_reg_bit[1]  ; CLOCK_50     ; CLOCK_50    ; 0.000        ; 0.056      ; 0.695      ;
; 0.496 ; lpm_counter:inst6|cntr_f3g:auto_generated|counter_reg_bit[24] ; lpm_counter:inst6|cntr_f3g:auto_generated|counter_reg_bit[24] ; CLOCK_50     ; CLOCK_50    ; 0.000        ; 0.055      ; 0.695      ;
; 0.496 ; lpm_counter:inst6|cntr_f3g:auto_generated|counter_reg_bit[15] ; lpm_counter:inst6|cntr_f3g:auto_generated|counter_reg_bit[15] ; CLOCK_50     ; CLOCK_50    ; 0.000        ; 0.055      ; 0.695      ;
; 0.496 ; lpm_counter:inst6|cntr_f3g:auto_generated|counter_reg_bit[7]  ; lpm_counter:inst6|cntr_f3g:auto_generated|counter_reg_bit[7]  ; CLOCK_50     ; CLOCK_50    ; 0.000        ; 0.056      ; 0.696      ;
; 0.496 ; lpm_counter:inst6|cntr_f3g:auto_generated|counter_reg_bit[5]  ; lpm_counter:inst6|cntr_f3g:auto_generated|counter_reg_bit[5]  ; CLOCK_50     ; CLOCK_50    ; 0.000        ; 0.056      ; 0.696      ;
; 0.497 ; lpm_counter:inst6|cntr_f3g:auto_generated|counter_reg_bit[17] ; lpm_counter:inst6|cntr_f3g:auto_generated|counter_reg_bit[17] ; CLOCK_50     ; CLOCK_50    ; 0.000        ; 0.055      ; 0.696      ;
; 0.497 ; lpm_counter:inst6|cntr_f3g:auto_generated|counter_reg_bit[14] ; lpm_counter:inst6|cntr_f3g:auto_generated|counter_reg_bit[14] ; CLOCK_50     ; CLOCK_50    ; 0.000        ; 0.055      ; 0.696      ;
; 0.497 ; lpm_counter:inst6|cntr_f3g:auto_generated|counter_reg_bit[6]  ; lpm_counter:inst6|cntr_f3g:auto_generated|counter_reg_bit[6]  ; CLOCK_50     ; CLOCK_50    ; 0.000        ; 0.056      ; 0.697      ;
; 0.498 ; lpm_counter:inst6|cntr_f3g:auto_generated|counter_reg_bit[23] ; lpm_counter:inst6|cntr_f3g:auto_generated|counter_reg_bit[23] ; CLOCK_50     ; CLOCK_50    ; 0.000        ; 0.055      ; 0.697      ;
; 0.498 ; lpm_counter:inst6|cntr_f3g:auto_generated|counter_reg_bit[21] ; lpm_counter:inst6|cntr_f3g:auto_generated|counter_reg_bit[21] ; CLOCK_50     ; CLOCK_50    ; 0.000        ; 0.055      ; 0.697      ;
; 0.498 ; lpm_counter:inst6|cntr_f3g:auto_generated|counter_reg_bit[4]  ; lpm_counter:inst6|cntr_f3g:auto_generated|counter_reg_bit[4]  ; CLOCK_50     ; CLOCK_50    ; 0.000        ; 0.056      ; 0.698      ;
; 0.499 ; lpm_counter:inst6|cntr_f3g:auto_generated|counter_reg_bit[22] ; lpm_counter:inst6|cntr_f3g:auto_generated|counter_reg_bit[22] ; CLOCK_50     ; CLOCK_50    ; 0.000        ; 0.055      ; 0.698      ;
; 0.499 ; lpm_counter:inst6|cntr_f3g:auto_generated|counter_reg_bit[20] ; lpm_counter:inst6|cntr_f3g:auto_generated|counter_reg_bit[20] ; CLOCK_50     ; CLOCK_50    ; 0.000        ; 0.055      ; 0.698      ;
; 0.506 ; lpm_counter:inst6|cntr_f3g:auto_generated|counter_reg_bit[21] ; lpm_counter:inst6|cntr_f3g:auto_generated|counter_reg_bit[25] ; CLOCK_50     ; CLOCK_50    ; 0.000        ; 0.477      ; 1.127      ;
; 0.508 ; lpm_counter:inst6|cntr_f3g:auto_generated|counter_reg_bit[0]  ; lpm_counter:inst6|cntr_f3g:auto_generated|counter_reg_bit[0]  ; CLOCK_50     ; CLOCK_50    ; 0.000        ; 0.056      ; 0.708      ;
; 0.518 ; lpm_counter:inst6|cntr_f3g:auto_generated|counter_reg_bit[20] ; lpm_counter:inst6|cntr_f3g:auto_generated|counter_reg_bit[25] ; CLOCK_50     ; CLOCK_50    ; 0.000        ; 0.477      ; 1.139      ;
; 0.525 ; lpm_counter:inst6|cntr_f3g:auto_generated|counter_reg_bit[25] ; lpm_counter:inst6|cntr_f3g:auto_generated|counter_reg_bit[25] ; CLOCK_50     ; CLOCK_50    ; 0.000        ; 0.034      ; 0.703      ;
; 0.597 ; lpm_counter:inst6|cntr_f3g:auto_generated|counter_reg_bit[19] ; lpm_counter:inst6|cntr_f3g:auto_generated|counter_reg_bit[25] ; CLOCK_50     ; CLOCK_50    ; 0.000        ; 0.477      ; 1.218      ;
; 0.610 ; lpm_counter:inst6|cntr_f3g:auto_generated|counter_reg_bit[18] ; lpm_counter:inst6|cntr_f3g:auto_generated|counter_reg_bit[25] ; CLOCK_50     ; CLOCK_50    ; 0.000        ; 0.477      ; 1.231      ;
; 0.697 ; lpm_counter:inst6|cntr_f3g:auto_generated|counter_reg_bit[17] ; lpm_counter:inst6|cntr_f3g:auto_generated|counter_reg_bit[25] ; CLOCK_50     ; CLOCK_50    ; 0.000        ; 0.477      ; 1.318      ;
; 0.705 ; lpm_counter:inst6|cntr_f3g:auto_generated|counter_reg_bit[16] ; lpm_counter:inst6|cntr_f3g:auto_generated|counter_reg_bit[25] ; CLOCK_50     ; CLOCK_50    ; 0.000        ; 0.477      ; 1.326      ;
; 0.737 ; lpm_counter:inst6|cntr_f3g:auto_generated|counter_reg_bit[3]  ; lpm_counter:inst6|cntr_f3g:auto_generated|counter_reg_bit[4]  ; CLOCK_50     ; CLOCK_50    ; 0.000        ; 0.056      ; 0.937      ;
; 0.738 ; lpm_counter:inst6|cntr_f3g:auto_generated|counter_reg_bit[19] ; lpm_counter:inst6|cntr_f3g:auto_generated|counter_reg_bit[20] ; CLOCK_50     ; CLOCK_50    ; 0.000        ; 0.055      ; 0.937      ;
; 0.739 ; lpm_counter:inst6|cntr_f3g:auto_generated|counter_reg_bit[11] ; lpm_counter:inst6|cntr_f3g:auto_generated|counter_reg_bit[12] ; CLOCK_50     ; CLOCK_50    ; 0.000        ; 0.056      ; 0.939      ;
; 0.739 ; lpm_counter:inst6|cntr_f3g:auto_generated|counter_reg_bit[13] ; lpm_counter:inst6|cntr_f3g:auto_generated|counter_reg_bit[14] ; CLOCK_50     ; CLOCK_50    ; 0.000        ; 0.055      ; 0.938      ;
; 0.740 ; lpm_counter:inst6|cntr_f3g:auto_generated|counter_reg_bit[9]  ; lpm_counter:inst6|cntr_f3g:auto_generated|counter_reg_bit[10] ; CLOCK_50     ; CLOCK_50    ; 0.000        ; 0.056      ; 0.940      ;
; 0.740 ; lpm_counter:inst6|cntr_f3g:auto_generated|counter_reg_bit[1]  ; lpm_counter:inst6|cntr_f3g:auto_generated|counter_reg_bit[2]  ; CLOCK_50     ; CLOCK_50    ; 0.000        ; 0.056      ; 0.940      ;
; 0.741 ; lpm_counter:inst6|cntr_f3g:auto_generated|counter_reg_bit[7]  ; lpm_counter:inst6|cntr_f3g:auto_generated|counter_reg_bit[8]  ; CLOCK_50     ; CLOCK_50    ; 0.000        ; 0.056      ; 0.941      ;
; 0.741 ; lpm_counter:inst6|cntr_f3g:auto_generated|counter_reg_bit[15] ; lpm_counter:inst6|cntr_f3g:auto_generated|counter_reg_bit[16] ; CLOCK_50     ; CLOCK_50    ; 0.000        ; 0.055      ; 0.940      ;
; 0.741 ; lpm_counter:inst6|cntr_f3g:auto_generated|counter_reg_bit[5]  ; lpm_counter:inst6|cntr_f3g:auto_generated|counter_reg_bit[6]  ; CLOCK_50     ; CLOCK_50    ; 0.000        ; 0.056      ; 0.941      ;
; 0.741 ; lpm_counter:inst6|cntr_f3g:auto_generated|counter_reg_bit[10] ; lpm_counter:inst6|cntr_f3g:auto_generated|counter_reg_bit[11] ; CLOCK_50     ; CLOCK_50    ; 0.000        ; 0.056      ; 0.941      ;
; 0.742 ; lpm_counter:inst6|cntr_f3g:auto_generated|counter_reg_bit[17] ; lpm_counter:inst6|cntr_f3g:auto_generated|counter_reg_bit[18] ; CLOCK_50     ; CLOCK_50    ; 0.000        ; 0.055      ; 0.941      ;
; 0.742 ; lpm_counter:inst6|cntr_f3g:auto_generated|counter_reg_bit[8]  ; lpm_counter:inst6|cntr_f3g:auto_generated|counter_reg_bit[9]  ; CLOCK_50     ; CLOCK_50    ; 0.000        ; 0.056      ; 0.942      ;
; 0.742 ; lpm_counter:inst6|cntr_f3g:auto_generated|counter_reg_bit[0]  ; lpm_counter:inst6|cntr_f3g:auto_generated|counter_reg_bit[1]  ; CLOCK_50     ; CLOCK_50    ; 0.000        ; 0.056      ; 0.942      ;
; 0.743 ; lpm_counter:inst6|cntr_f3g:auto_generated|counter_reg_bit[23] ; lpm_counter:inst6|cntr_f3g:auto_generated|counter_reg_bit[24] ; CLOCK_50     ; CLOCK_50    ; 0.000        ; 0.055      ; 0.942      ;
; 0.743 ; lpm_counter:inst6|cntr_f3g:auto_generated|counter_reg_bit[21] ; lpm_counter:inst6|cntr_f3g:auto_generated|counter_reg_bit[22] ; CLOCK_50     ; CLOCK_50    ; 0.000        ; 0.055      ; 0.942      ;
; 0.743 ; lpm_counter:inst6|cntr_f3g:auto_generated|counter_reg_bit[2]  ; lpm_counter:inst6|cntr_f3g:auto_generated|counter_reg_bit[3]  ; CLOCK_50     ; CLOCK_50    ; 0.000        ; 0.056      ; 0.943      ;
; 0.743 ; lpm_counter:inst6|cntr_f3g:auto_generated|counter_reg_bit[12] ; lpm_counter:inst6|cntr_f3g:auto_generated|counter_reg_bit[13] ; CLOCK_50     ; CLOCK_50    ; 0.000        ; 0.054      ; 0.941      ;
; 0.743 ; lpm_counter:inst6|cntr_f3g:auto_generated|counter_reg_bit[16] ; lpm_counter:inst6|cntr_f3g:auto_generated|counter_reg_bit[17] ; CLOCK_50     ; CLOCK_50    ; 0.000        ; 0.055      ; 0.942      ;
; 0.744 ; lpm_counter:inst6|cntr_f3g:auto_generated|counter_reg_bit[18] ; lpm_counter:inst6|cntr_f3g:auto_generated|counter_reg_bit[19] ; CLOCK_50     ; CLOCK_50    ; 0.000        ; 0.055      ; 0.943      ;
; 0.746 ; lpm_counter:inst6|cntr_f3g:auto_generated|counter_reg_bit[14] ; lpm_counter:inst6|cntr_f3g:auto_generated|counter_reg_bit[15] ; CLOCK_50     ; CLOCK_50    ; 0.000        ; 0.055      ; 0.945      ;
; 0.746 ; lpm_counter:inst6|cntr_f3g:auto_generated|counter_reg_bit[6]  ; lpm_counter:inst6|cntr_f3g:auto_generated|counter_reg_bit[7]  ; CLOCK_50     ; CLOCK_50    ; 0.000        ; 0.056      ; 0.946      ;
; 0.747 ; lpm_counter:inst6|cntr_f3g:auto_generated|counter_reg_bit[4]  ; lpm_counter:inst6|cntr_f3g:auto_generated|counter_reg_bit[5]  ; CLOCK_50     ; CLOCK_50    ; 0.000        ; 0.056      ; 0.947      ;
; 0.748 ; lpm_counter:inst6|cntr_f3g:auto_generated|counter_reg_bit[22] ; lpm_counter:inst6|cntr_f3g:auto_generated|counter_reg_bit[23] ; CLOCK_50     ; CLOCK_50    ; 0.000        ; 0.055      ; 0.947      ;
; 0.748 ; lpm_counter:inst6|cntr_f3g:auto_generated|counter_reg_bit[20] ; lpm_counter:inst6|cntr_f3g:auto_generated|counter_reg_bit[21] ; CLOCK_50     ; CLOCK_50    ; 0.000        ; 0.055      ; 0.947      ;
; 0.748 ; lpm_counter:inst6|cntr_f3g:auto_generated|counter_reg_bit[10] ; lpm_counter:inst6|cntr_f3g:auto_generated|counter_reg_bit[12] ; CLOCK_50     ; CLOCK_50    ; 0.000        ; 0.056      ; 0.948      ;
; 0.749 ; lpm_counter:inst6|cntr_f3g:auto_generated|counter_reg_bit[8]  ; lpm_counter:inst6|cntr_f3g:auto_generated|counter_reg_bit[10] ; CLOCK_50     ; CLOCK_50    ; 0.000        ; 0.056      ; 0.949      ;
; 0.749 ; lpm_counter:inst6|cntr_f3g:auto_generated|counter_reg_bit[0]  ; lpm_counter:inst6|cntr_f3g:auto_generated|counter_reg_bit[2]  ; CLOCK_50     ; CLOCK_50    ; 0.000        ; 0.056      ; 0.949      ;
; 0.750 ; lpm_counter:inst6|cntr_f3g:auto_generated|counter_reg_bit[2]  ; lpm_counter:inst6|cntr_f3g:auto_generated|counter_reg_bit[4]  ; CLOCK_50     ; CLOCK_50    ; 0.000        ; 0.056      ; 0.950      ;
; 0.750 ; lpm_counter:inst6|cntr_f3g:auto_generated|counter_reg_bit[12] ; lpm_counter:inst6|cntr_f3g:auto_generated|counter_reg_bit[14] ; CLOCK_50     ; CLOCK_50    ; 0.000        ; 0.054      ; 0.948      ;
; 0.750 ; lpm_counter:inst6|cntr_f3g:auto_generated|counter_reg_bit[16] ; lpm_counter:inst6|cntr_f3g:auto_generated|counter_reg_bit[18] ; CLOCK_50     ; CLOCK_50    ; 0.000        ; 0.055      ; 0.949      ;
; 0.751 ; lpm_counter:inst6|cntr_f3g:auto_generated|counter_reg_bit[18] ; lpm_counter:inst6|cntr_f3g:auto_generated|counter_reg_bit[20] ; CLOCK_50     ; CLOCK_50    ; 0.000        ; 0.055      ; 0.950      ;
; 0.753 ; lpm_counter:inst6|cntr_f3g:auto_generated|counter_reg_bit[6]  ; lpm_counter:inst6|cntr_f3g:auto_generated|counter_reg_bit[8]  ; CLOCK_50     ; CLOCK_50    ; 0.000        ; 0.056      ; 0.953      ;
; 0.753 ; lpm_counter:inst6|cntr_f3g:auto_generated|counter_reg_bit[14] ; lpm_counter:inst6|cntr_f3g:auto_generated|counter_reg_bit[16] ; CLOCK_50     ; CLOCK_50    ; 0.000        ; 0.055      ; 0.952      ;
; 0.754 ; lpm_counter:inst6|cntr_f3g:auto_generated|counter_reg_bit[4]  ; lpm_counter:inst6|cntr_f3g:auto_generated|counter_reg_bit[6]  ; CLOCK_50     ; CLOCK_50    ; 0.000        ; 0.056      ; 0.954      ;
; 0.755 ; lpm_counter:inst6|cntr_f3g:auto_generated|counter_reg_bit[22] ; lpm_counter:inst6|cntr_f3g:auto_generated|counter_reg_bit[24] ; CLOCK_50     ; CLOCK_50    ; 0.000        ; 0.055      ; 0.954      ;
; 0.755 ; lpm_counter:inst6|cntr_f3g:auto_generated|counter_reg_bit[20] ; lpm_counter:inst6|cntr_f3g:auto_generated|counter_reg_bit[22] ; CLOCK_50     ; CLOCK_50    ; 0.000        ; 0.055      ; 0.954      ;
; 0.792 ; lpm_counter:inst6|cntr_f3g:auto_generated|counter_reg_bit[15] ; lpm_counter:inst6|cntr_f3g:auto_generated|counter_reg_bit[25] ; CLOCK_50     ; CLOCK_50    ; 0.000        ; 0.477      ; 1.413      ;
; 0.804 ; lpm_counter:inst6|cntr_f3g:auto_generated|counter_reg_bit[14] ; lpm_counter:inst6|cntr_f3g:auto_generated|counter_reg_bit[25] ; CLOCK_50     ; CLOCK_50    ; 0.000        ; 0.477      ; 1.425      ;
; 0.826 ; lpm_counter:inst6|cntr_f3g:auto_generated|counter_reg_bit[3]  ; lpm_counter:inst6|cntr_f3g:auto_generated|counter_reg_bit[5]  ; CLOCK_50     ; CLOCK_50    ; 0.000        ; 0.056      ; 1.026      ;
; 0.827 ; lpm_counter:inst6|cntr_f3g:auto_generated|counter_reg_bit[19] ; lpm_counter:inst6|cntr_f3g:auto_generated|counter_reg_bit[21] ; CLOCK_50     ; CLOCK_50    ; 0.000        ; 0.055      ; 1.026      ;
; 0.828 ; lpm_counter:inst6|cntr_f3g:auto_generated|counter_reg_bit[13] ; lpm_counter:inst6|cntr_f3g:auto_generated|counter_reg_bit[15] ; CLOCK_50     ; CLOCK_50    ; 0.000        ; 0.055      ; 1.027      ;
; 0.829 ; lpm_counter:inst6|cntr_f3g:auto_generated|counter_reg_bit[9]  ; lpm_counter:inst6|cntr_f3g:auto_generated|counter_reg_bit[11] ; CLOCK_50     ; CLOCK_50    ; 0.000        ; 0.056      ; 1.029      ;
; 0.829 ; lpm_counter:inst6|cntr_f3g:auto_generated|counter_reg_bit[1]  ; lpm_counter:inst6|cntr_f3g:auto_generated|counter_reg_bit[3]  ; CLOCK_50     ; CLOCK_50    ; 0.000        ; 0.056      ; 1.029      ;
; 0.830 ; lpm_counter:inst6|cntr_f3g:auto_generated|counter_reg_bit[7]  ; lpm_counter:inst6|cntr_f3g:auto_generated|counter_reg_bit[9]  ; CLOCK_50     ; CLOCK_50    ; 0.000        ; 0.056      ; 1.030      ;
; 0.830 ; lpm_counter:inst6|cntr_f3g:auto_generated|counter_reg_bit[11] ; lpm_counter:inst6|cntr_f3g:auto_generated|counter_reg_bit[13] ; CLOCK_50     ; CLOCK_50    ; 0.000        ; 0.054      ; 1.028      ;
; 0.830 ; lpm_counter:inst6|cntr_f3g:auto_generated|counter_reg_bit[15] ; lpm_counter:inst6|cntr_f3g:auto_generated|counter_reg_bit[17] ; CLOCK_50     ; CLOCK_50    ; 0.000        ; 0.055      ; 1.029      ;
; 0.830 ; lpm_counter:inst6|cntr_f3g:auto_generated|counter_reg_bit[5]  ; lpm_counter:inst6|cntr_f3g:auto_generated|counter_reg_bit[7]  ; CLOCK_50     ; CLOCK_50    ; 0.000        ; 0.056      ; 1.030      ;
; 0.831 ; lpm_counter:inst6|cntr_f3g:auto_generated|counter_reg_bit[17] ; lpm_counter:inst6|cntr_f3g:auto_generated|counter_reg_bit[19] ; CLOCK_50     ; CLOCK_50    ; 0.000        ; 0.055      ; 1.030      ;
; 0.832 ; lpm_counter:inst6|cntr_f3g:auto_generated|counter_reg_bit[21] ; lpm_counter:inst6|cntr_f3g:auto_generated|counter_reg_bit[23] ; CLOCK_50     ; CLOCK_50    ; 0.000        ; 0.055      ; 1.031      ;
; 0.833 ; lpm_counter:inst6|cntr_f3g:auto_generated|counter_reg_bit[3]  ; lpm_counter:inst6|cntr_f3g:auto_generated|counter_reg_bit[6]  ; CLOCK_50     ; CLOCK_50    ; 0.000        ; 0.056      ; 1.033      ;
; 0.834 ; lpm_counter:inst6|cntr_f3g:auto_generated|counter_reg_bit[19] ; lpm_counter:inst6|cntr_f3g:auto_generated|counter_reg_bit[22] ; CLOCK_50     ; CLOCK_50    ; 0.000        ; 0.055      ; 1.033      ;
; 0.835 ; lpm_counter:inst6|cntr_f3g:auto_generated|counter_reg_bit[13] ; lpm_counter:inst6|cntr_f3g:auto_generated|counter_reg_bit[16] ; CLOCK_50     ; CLOCK_50    ; 0.000        ; 0.055      ; 1.034      ;
; 0.836 ; lpm_counter:inst6|cntr_f3g:auto_generated|counter_reg_bit[9]  ; lpm_counter:inst6|cntr_f3g:auto_generated|counter_reg_bit[12] ; CLOCK_50     ; CLOCK_50    ; 0.000        ; 0.056      ; 1.036      ;
; 0.836 ; lpm_counter:inst6|cntr_f3g:auto_generated|counter_reg_bit[1]  ; lpm_counter:inst6|cntr_f3g:auto_generated|counter_reg_bit[4]  ; CLOCK_50     ; CLOCK_50    ; 0.000        ; 0.056      ; 1.036      ;
; 0.837 ; lpm_counter:inst6|cntr_f3g:auto_generated|counter_reg_bit[7]  ; lpm_counter:inst6|cntr_f3g:auto_generated|counter_reg_bit[10] ; CLOCK_50     ; CLOCK_50    ; 0.000        ; 0.056      ; 1.037      ;
; 0.837 ; lpm_counter:inst6|cntr_f3g:auto_generated|counter_reg_bit[11] ; lpm_counter:inst6|cntr_f3g:auto_generated|counter_reg_bit[14] ; CLOCK_50     ; CLOCK_50    ; 0.000        ; 0.054      ; 1.035      ;
; 0.837 ; lpm_counter:inst6|cntr_f3g:auto_generated|counter_reg_bit[15] ; lpm_counter:inst6|cntr_f3g:auto_generated|counter_reg_bit[18] ; CLOCK_50     ; CLOCK_50    ; 0.000        ; 0.055      ; 1.036      ;
; 0.837 ; lpm_counter:inst6|cntr_f3g:auto_generated|counter_reg_bit[5]  ; lpm_counter:inst6|cntr_f3g:auto_generated|counter_reg_bit[8]  ; CLOCK_50     ; CLOCK_50    ; 0.000        ; 0.056      ; 1.037      ;
; 0.838 ; lpm_counter:inst6|cntr_f3g:auto_generated|counter_reg_bit[17] ; lpm_counter:inst6|cntr_f3g:auto_generated|counter_reg_bit[20] ; CLOCK_50     ; CLOCK_50    ; 0.000        ; 0.055      ; 1.037      ;
; 0.838 ; lpm_counter:inst6|cntr_f3g:auto_generated|counter_reg_bit[8]  ; lpm_counter:inst6|cntr_f3g:auto_generated|counter_reg_bit[11] ; CLOCK_50     ; CLOCK_50    ; 0.000        ; 0.056      ; 1.038      ;
; 0.838 ; lpm_counter:inst6|cntr_f3g:auto_generated|counter_reg_bit[0]  ; lpm_counter:inst6|cntr_f3g:auto_generated|counter_reg_bit[3]  ; CLOCK_50     ; CLOCK_50    ; 0.000        ; 0.056      ; 1.038      ;
; 0.839 ; lpm_counter:inst6|cntr_f3g:auto_generated|counter_reg_bit[21] ; lpm_counter:inst6|cntr_f3g:auto_generated|counter_reg_bit[24] ; CLOCK_50     ; CLOCK_50    ; 0.000        ; 0.055      ; 1.038      ;
; 0.839 ; lpm_counter:inst6|cntr_f3g:auto_generated|counter_reg_bit[2]  ; lpm_counter:inst6|cntr_f3g:auto_generated|counter_reg_bit[5]  ; CLOCK_50     ; CLOCK_50    ; 0.000        ; 0.056      ; 1.039      ;
; 0.839 ; lpm_counter:inst6|cntr_f3g:auto_generated|counter_reg_bit[12] ; lpm_counter:inst6|cntr_f3g:auto_generated|counter_reg_bit[15] ; CLOCK_50     ; CLOCK_50    ; 0.000        ; 0.054      ; 1.037      ;
; 0.839 ; lpm_counter:inst6|cntr_f3g:auto_generated|counter_reg_bit[10] ; lpm_counter:inst6|cntr_f3g:auto_generated|counter_reg_bit[13] ; CLOCK_50     ; CLOCK_50    ; 0.000        ; 0.054      ; 1.037      ;
+-------+---------------------------------------------------------------+---------------------------------------------------------------+--------------+-------------+--------------+------------+------------+


----------------------------------------------
; Slow 1200mV 0C Model Metastability Summary ;
----------------------------------------------
No synchronizer chains to report.


+------------------------------------+
; Fast 1200mV 0C Model Setup Summary ;
+----------+--------+----------------+
; Clock    ; Slack  ; End Point TNS  ;
+----------+--------+----------------+
; CLOCK_50 ; 18.379 ; 0.000          ;
+----------+--------+----------------+


+-----------------------------------+
; Fast 1200mV 0C Model Hold Summary ;
+----------+-------+----------------+
; Clock    ; Slack ; End Point TNS  ;
+----------+-------+----------------+
; CLOCK_50 ; 0.137 ; 0.000          ;
+----------+-------+----------------+


-----------------------------------------
; Fast 1200mV 0C Model Recovery Summary ;
-----------------------------------------
No paths to report.


----------------------------------------
; Fast 1200mV 0C Model Removal Summary ;
----------------------------------------
No paths to report.


+--------------------------------------------------+
; Fast 1200mV 0C Model Minimum Pulse Width Summary ;
+----------+-------+-------------------------------+
; Clock    ; Slack ; End Point TNS                 ;
+----------+-------+-------------------------------+
; CLOCK_50 ; 9.273 ; 0.000                         ;
+----------+-------+-------------------------------+


+--------------------------------------------------------------------------------------------------------------------------------------------------------------------------------------------------------------+
; Fast 1200mV 0C Model Setup: 'CLOCK_50'                                                                                                                                                                       ;
+--------+---------------------------------------------------------------+---------------------------------------------------------------+--------------+-------------+--------------+------------+------------+
; Slack  ; From Node                                                     ; To Node                                                       ; Launch Clock ; Latch Clock ; Relationship ; Clock Skew ; Data Delay ;
+--------+---------------------------------------------------------------+---------------------------------------------------------------+--------------+-------------+--------------+------------+------------+
; 18.379 ; lpm_counter:inst6|cntr_f3g:auto_generated|counter_reg_bit[1]  ; lpm_counter:inst6|cntr_f3g:auto_generated|counter_reg_bit[24] ; CLOCK_50     ; CLOCK_50    ; 20.000       ; -0.037     ; 1.571      ;
; 18.427 ; lpm_counter:inst6|cntr_f3g:auto_generated|counter_reg_bit[0]  ; lpm_counter:inst6|cntr_f3g:auto_generated|counter_reg_bit[24] ; CLOCK_50     ; CLOCK_50    ; 20.000       ; -0.037     ; 1.523      ;
; 18.443 ; lpm_counter:inst6|cntr_f3g:auto_generated|counter_reg_bit[1]  ; lpm_counter:inst6|cntr_f3g:auto_generated|counter_reg_bit[23] ; CLOCK_50     ; CLOCK_50    ; 20.000       ; -0.037     ; 1.507      ;
; 18.447 ; lpm_counter:inst6|cntr_f3g:auto_generated|counter_reg_bit[1]  ; lpm_counter:inst6|cntr_f3g:auto_generated|counter_reg_bit[22] ; CLOCK_50     ; CLOCK_50    ; 20.000       ; -0.037     ; 1.503      ;
; 18.451 ; lpm_counter:inst6|cntr_f3g:auto_generated|counter_reg_bit[3]  ; lpm_counter:inst6|cntr_f3g:auto_generated|counter_reg_bit[24] ; CLOCK_50     ; CLOCK_50    ; 20.000       ; -0.037     ; 1.499      ;
; 18.457 ; lpm_counter:inst6|cntr_f3g:auto_generated|counter_reg_bit[0]  ; lpm_counter:inst6|cntr_f3g:auto_generated|counter_reg_bit[23] ; CLOCK_50     ; CLOCK_50    ; 20.000       ; -0.037     ; 1.493      ;
; 18.495 ; lpm_counter:inst6|cntr_f3g:auto_generated|counter_reg_bit[0]  ; lpm_counter:inst6|cntr_f3g:auto_generated|counter_reg_bit[22] ; CLOCK_50     ; CLOCK_50    ; 20.000       ; -0.037     ; 1.455      ;
; 18.496 ; lpm_counter:inst6|cntr_f3g:auto_generated|counter_reg_bit[2]  ; lpm_counter:inst6|cntr_f3g:auto_generated|counter_reg_bit[24] ; CLOCK_50     ; CLOCK_50    ; 20.000       ; -0.037     ; 1.454      ;
; 18.511 ; lpm_counter:inst6|cntr_f3g:auto_generated|counter_reg_bit[1]  ; lpm_counter:inst6|cntr_f3g:auto_generated|counter_reg_bit[21] ; CLOCK_50     ; CLOCK_50    ; 20.000       ; -0.037     ; 1.439      ;
; 18.515 ; lpm_counter:inst6|cntr_f3g:auto_generated|counter_reg_bit[1]  ; lpm_counter:inst6|cntr_f3g:auto_generated|counter_reg_bit[20] ; CLOCK_50     ; CLOCK_50    ; 20.000       ; -0.037     ; 1.435      ;
; 18.515 ; lpm_counter:inst6|cntr_f3g:auto_generated|counter_reg_bit[5]  ; lpm_counter:inst6|cntr_f3g:auto_generated|counter_reg_bit[24] ; CLOCK_50     ; CLOCK_50    ; 20.000       ; -0.037     ; 1.435      ;
; 18.515 ; lpm_counter:inst6|cntr_f3g:auto_generated|counter_reg_bit[3]  ; lpm_counter:inst6|cntr_f3g:auto_generated|counter_reg_bit[23] ; CLOCK_50     ; CLOCK_50    ; 20.000       ; -0.037     ; 1.435      ;
; 18.519 ; lpm_counter:inst6|cntr_f3g:auto_generated|counter_reg_bit[3]  ; lpm_counter:inst6|cntr_f3g:auto_generated|counter_reg_bit[22] ; CLOCK_50     ; CLOCK_50    ; 20.000       ; -0.037     ; 1.431      ;
; 18.525 ; lpm_counter:inst6|cntr_f3g:auto_generated|counter_reg_bit[2]  ; lpm_counter:inst6|cntr_f3g:auto_generated|counter_reg_bit[23] ; CLOCK_50     ; CLOCK_50    ; 20.000       ; -0.037     ; 1.425      ;
; 18.525 ; lpm_counter:inst6|cntr_f3g:auto_generated|counter_reg_bit[0]  ; lpm_counter:inst6|cntr_f3g:auto_generated|counter_reg_bit[21] ; CLOCK_50     ; CLOCK_50    ; 20.000       ; -0.037     ; 1.425      ;
; 18.563 ; lpm_counter:inst6|cntr_f3g:auto_generated|counter_reg_bit[4]  ; lpm_counter:inst6|cntr_f3g:auto_generated|counter_reg_bit[24] ; CLOCK_50     ; CLOCK_50    ; 20.000       ; -0.037     ; 1.387      ;
; 18.563 ; lpm_counter:inst6|cntr_f3g:auto_generated|counter_reg_bit[0]  ; lpm_counter:inst6|cntr_f3g:auto_generated|counter_reg_bit[20] ; CLOCK_50     ; CLOCK_50    ; 20.000       ; -0.037     ; 1.387      ;
; 18.564 ; lpm_counter:inst6|cntr_f3g:auto_generated|counter_reg_bit[2]  ; lpm_counter:inst6|cntr_f3g:auto_generated|counter_reg_bit[22] ; CLOCK_50     ; CLOCK_50    ; 20.000       ; -0.037     ; 1.386      ;
; 18.579 ; lpm_counter:inst6|cntr_f3g:auto_generated|counter_reg_bit[1]  ; lpm_counter:inst6|cntr_f3g:auto_generated|counter_reg_bit[19] ; CLOCK_50     ; CLOCK_50    ; 20.000       ; -0.037     ; 1.371      ;
; 18.579 ; lpm_counter:inst6|cntr_f3g:auto_generated|counter_reg_bit[5]  ; lpm_counter:inst6|cntr_f3g:auto_generated|counter_reg_bit[23] ; CLOCK_50     ; CLOCK_50    ; 20.000       ; -0.037     ; 1.371      ;
; 18.583 ; lpm_counter:inst6|cntr_f3g:auto_generated|counter_reg_bit[1]  ; lpm_counter:inst6|cntr_f3g:auto_generated|counter_reg_bit[18] ; CLOCK_50     ; CLOCK_50    ; 20.000       ; -0.037     ; 1.367      ;
; 18.583 ; lpm_counter:inst6|cntr_f3g:auto_generated|counter_reg_bit[7]  ; lpm_counter:inst6|cntr_f3g:auto_generated|counter_reg_bit[24] ; CLOCK_50     ; CLOCK_50    ; 20.000       ; -0.037     ; 1.367      ;
; 18.583 ; lpm_counter:inst6|cntr_f3g:auto_generated|counter_reg_bit[5]  ; lpm_counter:inst6|cntr_f3g:auto_generated|counter_reg_bit[22] ; CLOCK_50     ; CLOCK_50    ; 20.000       ; -0.037     ; 1.367      ;
; 18.583 ; lpm_counter:inst6|cntr_f3g:auto_generated|counter_reg_bit[3]  ; lpm_counter:inst6|cntr_f3g:auto_generated|counter_reg_bit[21] ; CLOCK_50     ; CLOCK_50    ; 20.000       ; -0.037     ; 1.367      ;
; 18.587 ; lpm_counter:inst6|cntr_f3g:auto_generated|counter_reg_bit[3]  ; lpm_counter:inst6|cntr_f3g:auto_generated|counter_reg_bit[20] ; CLOCK_50     ; CLOCK_50    ; 20.000       ; -0.037     ; 1.363      ;
; 18.593 ; lpm_counter:inst6|cntr_f3g:auto_generated|counter_reg_bit[4]  ; lpm_counter:inst6|cntr_f3g:auto_generated|counter_reg_bit[23] ; CLOCK_50     ; CLOCK_50    ; 20.000       ; -0.037     ; 1.357      ;
; 18.593 ; lpm_counter:inst6|cntr_f3g:auto_generated|counter_reg_bit[2]  ; lpm_counter:inst6|cntr_f3g:auto_generated|counter_reg_bit[21] ; CLOCK_50     ; CLOCK_50    ; 20.000       ; -0.037     ; 1.357      ;
; 18.593 ; lpm_counter:inst6|cntr_f3g:auto_generated|counter_reg_bit[0]  ; lpm_counter:inst6|cntr_f3g:auto_generated|counter_reg_bit[19] ; CLOCK_50     ; CLOCK_50    ; 20.000       ; -0.037     ; 1.357      ;
; 18.631 ; lpm_counter:inst6|cntr_f3g:auto_generated|counter_reg_bit[6]  ; lpm_counter:inst6|cntr_f3g:auto_generated|counter_reg_bit[24] ; CLOCK_50     ; CLOCK_50    ; 20.000       ; -0.037     ; 1.319      ;
; 18.631 ; lpm_counter:inst6|cntr_f3g:auto_generated|counter_reg_bit[4]  ; lpm_counter:inst6|cntr_f3g:auto_generated|counter_reg_bit[22] ; CLOCK_50     ; CLOCK_50    ; 20.000       ; -0.037     ; 1.319      ;
; 18.631 ; lpm_counter:inst6|cntr_f3g:auto_generated|counter_reg_bit[0]  ; lpm_counter:inst6|cntr_f3g:auto_generated|counter_reg_bit[18] ; CLOCK_50     ; CLOCK_50    ; 20.000       ; -0.037     ; 1.319      ;
; 18.632 ; lpm_counter:inst6|cntr_f3g:auto_generated|counter_reg_bit[2]  ; lpm_counter:inst6|cntr_f3g:auto_generated|counter_reg_bit[20] ; CLOCK_50     ; CLOCK_50    ; 20.000       ; -0.037     ; 1.318      ;
; 18.647 ; lpm_counter:inst6|cntr_f3g:auto_generated|counter_reg_bit[1]  ; lpm_counter:inst6|cntr_f3g:auto_generated|counter_reg_bit[17] ; CLOCK_50     ; CLOCK_50    ; 20.000       ; -0.037     ; 1.303      ;
; 18.647 ; lpm_counter:inst6|cntr_f3g:auto_generated|counter_reg_bit[7]  ; lpm_counter:inst6|cntr_f3g:auto_generated|counter_reg_bit[23] ; CLOCK_50     ; CLOCK_50    ; 20.000       ; -0.037     ; 1.303      ;
; 18.647 ; lpm_counter:inst6|cntr_f3g:auto_generated|counter_reg_bit[5]  ; lpm_counter:inst6|cntr_f3g:auto_generated|counter_reg_bit[21] ; CLOCK_50     ; CLOCK_50    ; 20.000       ; -0.037     ; 1.303      ;
; 18.650 ; lpm_counter:inst6|cntr_f3g:auto_generated|counter_reg_bit[1]  ; lpm_counter:inst6|cntr_f3g:auto_generated|counter_reg_bit[25] ; CLOCK_50     ; CLOCK_50    ; 20.000       ; 0.238      ; 1.575      ;
; 18.651 ; lpm_counter:inst6|cntr_f3g:auto_generated|counter_reg_bit[1]  ; lpm_counter:inst6|cntr_f3g:auto_generated|counter_reg_bit[16] ; CLOCK_50     ; CLOCK_50    ; 20.000       ; -0.037     ; 1.299      ;
; 18.651 ; lpm_counter:inst6|cntr_f3g:auto_generated|counter_reg_bit[9]  ; lpm_counter:inst6|cntr_f3g:auto_generated|counter_reg_bit[24] ; CLOCK_50     ; CLOCK_50    ; 20.000       ; -0.037     ; 1.299      ;
; 18.651 ; lpm_counter:inst6|cntr_f3g:auto_generated|counter_reg_bit[7]  ; lpm_counter:inst6|cntr_f3g:auto_generated|counter_reg_bit[22] ; CLOCK_50     ; CLOCK_50    ; 20.000       ; -0.037     ; 1.299      ;
; 18.651 ; lpm_counter:inst6|cntr_f3g:auto_generated|counter_reg_bit[5]  ; lpm_counter:inst6|cntr_f3g:auto_generated|counter_reg_bit[20] ; CLOCK_50     ; CLOCK_50    ; 20.000       ; -0.037     ; 1.299      ;
; 18.651 ; lpm_counter:inst6|cntr_f3g:auto_generated|counter_reg_bit[3]  ; lpm_counter:inst6|cntr_f3g:auto_generated|counter_reg_bit[19] ; CLOCK_50     ; CLOCK_50    ; 20.000       ; -0.037     ; 1.299      ;
; 18.655 ; lpm_counter:inst6|cntr_f3g:auto_generated|counter_reg_bit[3]  ; lpm_counter:inst6|cntr_f3g:auto_generated|counter_reg_bit[18] ; CLOCK_50     ; CLOCK_50    ; 20.000       ; -0.037     ; 1.295      ;
; 18.660 ; lpm_counter:inst6|cntr_f3g:auto_generated|counter_reg_bit[6]  ; lpm_counter:inst6|cntr_f3g:auto_generated|counter_reg_bit[23] ; CLOCK_50     ; CLOCK_50    ; 20.000       ; -0.037     ; 1.290      ;
; 18.661 ; lpm_counter:inst6|cntr_f3g:auto_generated|counter_reg_bit[4]  ; lpm_counter:inst6|cntr_f3g:auto_generated|counter_reg_bit[21] ; CLOCK_50     ; CLOCK_50    ; 20.000       ; -0.037     ; 1.289      ;
; 18.661 ; lpm_counter:inst6|cntr_f3g:auto_generated|counter_reg_bit[2]  ; lpm_counter:inst6|cntr_f3g:auto_generated|counter_reg_bit[19] ; CLOCK_50     ; CLOCK_50    ; 20.000       ; -0.037     ; 1.289      ;
; 18.661 ; lpm_counter:inst6|cntr_f3g:auto_generated|counter_reg_bit[0]  ; lpm_counter:inst6|cntr_f3g:auto_generated|counter_reg_bit[17] ; CLOCK_50     ; CLOCK_50    ; 20.000       ; -0.037     ; 1.289      ;
; 18.664 ; lpm_counter:inst6|cntr_f3g:auto_generated|counter_reg_bit[0]  ; lpm_counter:inst6|cntr_f3g:auto_generated|counter_reg_bit[25] ; CLOCK_50     ; CLOCK_50    ; 20.000       ; 0.238      ; 1.561      ;
; 18.699 ; lpm_counter:inst6|cntr_f3g:auto_generated|counter_reg_bit[6]  ; lpm_counter:inst6|cntr_f3g:auto_generated|counter_reg_bit[22] ; CLOCK_50     ; CLOCK_50    ; 20.000       ; -0.037     ; 1.251      ;
; 18.699 ; lpm_counter:inst6|cntr_f3g:auto_generated|counter_reg_bit[4]  ; lpm_counter:inst6|cntr_f3g:auto_generated|counter_reg_bit[20] ; CLOCK_50     ; CLOCK_50    ; 20.000       ; -0.037     ; 1.251      ;
; 18.699 ; lpm_counter:inst6|cntr_f3g:auto_generated|counter_reg_bit[0]  ; lpm_counter:inst6|cntr_f3g:auto_generated|counter_reg_bit[16] ; CLOCK_50     ; CLOCK_50    ; 20.000       ; -0.037     ; 1.251      ;
; 18.700 ; lpm_counter:inst6|cntr_f3g:auto_generated|counter_reg_bit[8]  ; lpm_counter:inst6|cntr_f3g:auto_generated|counter_reg_bit[24] ; CLOCK_50     ; CLOCK_50    ; 20.000       ; -0.037     ; 1.250      ;
; 18.700 ; lpm_counter:inst6|cntr_f3g:auto_generated|counter_reg_bit[2]  ; lpm_counter:inst6|cntr_f3g:auto_generated|counter_reg_bit[18] ; CLOCK_50     ; CLOCK_50    ; 20.000       ; -0.037     ; 1.250      ;
; 18.715 ; lpm_counter:inst6|cntr_f3g:auto_generated|counter_reg_bit[1]  ; lpm_counter:inst6|cntr_f3g:auto_generated|counter_reg_bit[15] ; CLOCK_50     ; CLOCK_50    ; 20.000       ; -0.037     ; 1.235      ;
; 18.715 ; lpm_counter:inst6|cntr_f3g:auto_generated|counter_reg_bit[9]  ; lpm_counter:inst6|cntr_f3g:auto_generated|counter_reg_bit[23] ; CLOCK_50     ; CLOCK_50    ; 20.000       ; -0.037     ; 1.235      ;
; 18.715 ; lpm_counter:inst6|cntr_f3g:auto_generated|counter_reg_bit[7]  ; lpm_counter:inst6|cntr_f3g:auto_generated|counter_reg_bit[21] ; CLOCK_50     ; CLOCK_50    ; 20.000       ; -0.037     ; 1.235      ;
; 18.715 ; lpm_counter:inst6|cntr_f3g:auto_generated|counter_reg_bit[5]  ; lpm_counter:inst6|cntr_f3g:auto_generated|counter_reg_bit[19] ; CLOCK_50     ; CLOCK_50    ; 20.000       ; -0.037     ; 1.235      ;
; 18.719 ; lpm_counter:inst6|cntr_f3g:auto_generated|counter_reg_bit[1]  ; lpm_counter:inst6|cntr_f3g:auto_generated|counter_reg_bit[14] ; CLOCK_50     ; CLOCK_50    ; 20.000       ; -0.037     ; 1.231      ;
; 18.719 ; lpm_counter:inst6|cntr_f3g:auto_generated|counter_reg_bit[11] ; lpm_counter:inst6|cntr_f3g:auto_generated|counter_reg_bit[24] ; CLOCK_50     ; CLOCK_50    ; 20.000       ; -0.037     ; 1.231      ;
; 18.719 ; lpm_counter:inst6|cntr_f3g:auto_generated|counter_reg_bit[9]  ; lpm_counter:inst6|cntr_f3g:auto_generated|counter_reg_bit[22] ; CLOCK_50     ; CLOCK_50    ; 20.000       ; -0.037     ; 1.231      ;
; 18.719 ; lpm_counter:inst6|cntr_f3g:auto_generated|counter_reg_bit[7]  ; lpm_counter:inst6|cntr_f3g:auto_generated|counter_reg_bit[20] ; CLOCK_50     ; CLOCK_50    ; 20.000       ; -0.037     ; 1.231      ;
; 18.719 ; lpm_counter:inst6|cntr_f3g:auto_generated|counter_reg_bit[5]  ; lpm_counter:inst6|cntr_f3g:auto_generated|counter_reg_bit[18] ; CLOCK_50     ; CLOCK_50    ; 20.000       ; -0.037     ; 1.231      ;
; 18.719 ; lpm_counter:inst6|cntr_f3g:auto_generated|counter_reg_bit[3]  ; lpm_counter:inst6|cntr_f3g:auto_generated|counter_reg_bit[17] ; CLOCK_50     ; CLOCK_50    ; 20.000       ; -0.037     ; 1.231      ;
; 18.722 ; lpm_counter:inst6|cntr_f3g:auto_generated|counter_reg_bit[3]  ; lpm_counter:inst6|cntr_f3g:auto_generated|counter_reg_bit[25] ; CLOCK_50     ; CLOCK_50    ; 20.000       ; 0.238      ; 1.503      ;
; 18.723 ; lpm_counter:inst6|cntr_f3g:auto_generated|counter_reg_bit[3]  ; lpm_counter:inst6|cntr_f3g:auto_generated|counter_reg_bit[16] ; CLOCK_50     ; CLOCK_50    ; 20.000       ; -0.037     ; 1.227      ;
; 18.728 ; lpm_counter:inst6|cntr_f3g:auto_generated|counter_reg_bit[8]  ; lpm_counter:inst6|cntr_f3g:auto_generated|counter_reg_bit[23] ; CLOCK_50     ; CLOCK_50    ; 20.000       ; -0.037     ; 1.222      ;
; 18.728 ; lpm_counter:inst6|cntr_f3g:auto_generated|counter_reg_bit[6]  ; lpm_counter:inst6|cntr_f3g:auto_generated|counter_reg_bit[21] ; CLOCK_50     ; CLOCK_50    ; 20.000       ; -0.037     ; 1.222      ;
; 18.729 ; lpm_counter:inst6|cntr_f3g:auto_generated|counter_reg_bit[4]  ; lpm_counter:inst6|cntr_f3g:auto_generated|counter_reg_bit[19] ; CLOCK_50     ; CLOCK_50    ; 20.000       ; -0.037     ; 1.221      ;
; 18.729 ; lpm_counter:inst6|cntr_f3g:auto_generated|counter_reg_bit[2]  ; lpm_counter:inst6|cntr_f3g:auto_generated|counter_reg_bit[17] ; CLOCK_50     ; CLOCK_50    ; 20.000       ; -0.037     ; 1.221      ;
; 18.729 ; lpm_counter:inst6|cntr_f3g:auto_generated|counter_reg_bit[0]  ; lpm_counter:inst6|cntr_f3g:auto_generated|counter_reg_bit[15] ; CLOCK_50     ; CLOCK_50    ; 20.000       ; -0.037     ; 1.221      ;
; 18.732 ; lpm_counter:inst6|cntr_f3g:auto_generated|counter_reg_bit[2]  ; lpm_counter:inst6|cntr_f3g:auto_generated|counter_reg_bit[25] ; CLOCK_50     ; CLOCK_50    ; 20.000       ; 0.238      ; 1.493      ;
; 18.767 ; lpm_counter:inst6|cntr_f3g:auto_generated|counter_reg_bit[10] ; lpm_counter:inst6|cntr_f3g:auto_generated|counter_reg_bit[24] ; CLOCK_50     ; CLOCK_50    ; 20.000       ; -0.037     ; 1.183      ;
; 18.767 ; lpm_counter:inst6|cntr_f3g:auto_generated|counter_reg_bit[6]  ; lpm_counter:inst6|cntr_f3g:auto_generated|counter_reg_bit[20] ; CLOCK_50     ; CLOCK_50    ; 20.000       ; -0.037     ; 1.183      ;
; 18.767 ; lpm_counter:inst6|cntr_f3g:auto_generated|counter_reg_bit[4]  ; lpm_counter:inst6|cntr_f3g:auto_generated|counter_reg_bit[18] ; CLOCK_50     ; CLOCK_50    ; 20.000       ; -0.037     ; 1.183      ;
; 18.767 ; lpm_counter:inst6|cntr_f3g:auto_generated|counter_reg_bit[0]  ; lpm_counter:inst6|cntr_f3g:auto_generated|counter_reg_bit[14] ; CLOCK_50     ; CLOCK_50    ; 20.000       ; -0.037     ; 1.183      ;
; 18.768 ; lpm_counter:inst6|cntr_f3g:auto_generated|counter_reg_bit[8]  ; lpm_counter:inst6|cntr_f3g:auto_generated|counter_reg_bit[22] ; CLOCK_50     ; CLOCK_50    ; 20.000       ; -0.037     ; 1.182      ;
; 18.768 ; lpm_counter:inst6|cntr_f3g:auto_generated|counter_reg_bit[2]  ; lpm_counter:inst6|cntr_f3g:auto_generated|counter_reg_bit[16] ; CLOCK_50     ; CLOCK_50    ; 20.000       ; -0.037     ; 1.182      ;
; 18.783 ; lpm_counter:inst6|cntr_f3g:auto_generated|counter_reg_bit[1]  ; lpm_counter:inst6|cntr_f3g:auto_generated|counter_reg_bit[13] ; CLOCK_50     ; CLOCK_50    ; 20.000       ; -0.037     ; 1.167      ;
; 18.783 ; lpm_counter:inst6|cntr_f3g:auto_generated|counter_reg_bit[11] ; lpm_counter:inst6|cntr_f3g:auto_generated|counter_reg_bit[23] ; CLOCK_50     ; CLOCK_50    ; 20.000       ; -0.037     ; 1.167      ;
; 18.783 ; lpm_counter:inst6|cntr_f3g:auto_generated|counter_reg_bit[9]  ; lpm_counter:inst6|cntr_f3g:auto_generated|counter_reg_bit[21] ; CLOCK_50     ; CLOCK_50    ; 20.000       ; -0.037     ; 1.167      ;
; 18.783 ; lpm_counter:inst6|cntr_f3g:auto_generated|counter_reg_bit[7]  ; lpm_counter:inst6|cntr_f3g:auto_generated|counter_reg_bit[19] ; CLOCK_50     ; CLOCK_50    ; 20.000       ; -0.037     ; 1.167      ;
; 18.783 ; lpm_counter:inst6|cntr_f3g:auto_generated|counter_reg_bit[5]  ; lpm_counter:inst6|cntr_f3g:auto_generated|counter_reg_bit[17] ; CLOCK_50     ; CLOCK_50    ; 20.000       ; -0.037     ; 1.167      ;
; 18.786 ; lpm_counter:inst6|cntr_f3g:auto_generated|counter_reg_bit[5]  ; lpm_counter:inst6|cntr_f3g:auto_generated|counter_reg_bit[25] ; CLOCK_50     ; CLOCK_50    ; 20.000       ; 0.238      ; 1.439      ;
; 18.787 ; lpm_counter:inst6|cntr_f3g:auto_generated|counter_reg_bit[1]  ; lpm_counter:inst6|cntr_f3g:auto_generated|counter_reg_bit[12] ; CLOCK_50     ; CLOCK_50    ; 20.000       ; -0.037     ; 1.163      ;
; 18.787 ; lpm_counter:inst6|cntr_f3g:auto_generated|counter_reg_bit[13] ; lpm_counter:inst6|cntr_f3g:auto_generated|counter_reg_bit[24] ; CLOCK_50     ; CLOCK_50    ; 20.000       ; -0.037     ; 1.163      ;
; 18.787 ; lpm_counter:inst6|cntr_f3g:auto_generated|counter_reg_bit[11] ; lpm_counter:inst6|cntr_f3g:auto_generated|counter_reg_bit[22] ; CLOCK_50     ; CLOCK_50    ; 20.000       ; -0.037     ; 1.163      ;
; 18.787 ; lpm_counter:inst6|cntr_f3g:auto_generated|counter_reg_bit[9]  ; lpm_counter:inst6|cntr_f3g:auto_generated|counter_reg_bit[20] ; CLOCK_50     ; CLOCK_50    ; 20.000       ; -0.037     ; 1.163      ;
; 18.787 ; lpm_counter:inst6|cntr_f3g:auto_generated|counter_reg_bit[7]  ; lpm_counter:inst6|cntr_f3g:auto_generated|counter_reg_bit[18] ; CLOCK_50     ; CLOCK_50    ; 20.000       ; -0.037     ; 1.163      ;
; 18.787 ; lpm_counter:inst6|cntr_f3g:auto_generated|counter_reg_bit[5]  ; lpm_counter:inst6|cntr_f3g:auto_generated|counter_reg_bit[16] ; CLOCK_50     ; CLOCK_50    ; 20.000       ; -0.037     ; 1.163      ;
; 18.787 ; lpm_counter:inst6|cntr_f3g:auto_generated|counter_reg_bit[3]  ; lpm_counter:inst6|cntr_f3g:auto_generated|counter_reg_bit[15] ; CLOCK_50     ; CLOCK_50    ; 20.000       ; -0.037     ; 1.163      ;
; 18.791 ; lpm_counter:inst6|cntr_f3g:auto_generated|counter_reg_bit[3]  ; lpm_counter:inst6|cntr_f3g:auto_generated|counter_reg_bit[14] ; CLOCK_50     ; CLOCK_50    ; 20.000       ; -0.037     ; 1.159      ;
; 18.796 ; lpm_counter:inst6|cntr_f3g:auto_generated|counter_reg_bit[8]  ; lpm_counter:inst6|cntr_f3g:auto_generated|counter_reg_bit[21] ; CLOCK_50     ; CLOCK_50    ; 20.000       ; -0.037     ; 1.154      ;
; 18.796 ; lpm_counter:inst6|cntr_f3g:auto_generated|counter_reg_bit[6]  ; lpm_counter:inst6|cntr_f3g:auto_generated|counter_reg_bit[19] ; CLOCK_50     ; CLOCK_50    ; 20.000       ; -0.037     ; 1.154      ;
; 18.797 ; lpm_counter:inst6|cntr_f3g:auto_generated|counter_reg_bit[10] ; lpm_counter:inst6|cntr_f3g:auto_generated|counter_reg_bit[23] ; CLOCK_50     ; CLOCK_50    ; 20.000       ; -0.037     ; 1.153      ;
; 18.797 ; lpm_counter:inst6|cntr_f3g:auto_generated|counter_reg_bit[4]  ; lpm_counter:inst6|cntr_f3g:auto_generated|counter_reg_bit[17] ; CLOCK_50     ; CLOCK_50    ; 20.000       ; -0.037     ; 1.153      ;
; 18.797 ; lpm_counter:inst6|cntr_f3g:auto_generated|counter_reg_bit[2]  ; lpm_counter:inst6|cntr_f3g:auto_generated|counter_reg_bit[15] ; CLOCK_50     ; CLOCK_50    ; 20.000       ; -0.037     ; 1.153      ;
; 18.797 ; lpm_counter:inst6|cntr_f3g:auto_generated|counter_reg_bit[0]  ; lpm_counter:inst6|cntr_f3g:auto_generated|counter_reg_bit[13] ; CLOCK_50     ; CLOCK_50    ; 20.000       ; -0.037     ; 1.153      ;
; 18.800 ; lpm_counter:inst6|cntr_f3g:auto_generated|counter_reg_bit[4]  ; lpm_counter:inst6|cntr_f3g:auto_generated|counter_reg_bit[25] ; CLOCK_50     ; CLOCK_50    ; 20.000       ; 0.238      ; 1.425      ;
; 18.835 ; lpm_counter:inst6|cntr_f3g:auto_generated|counter_reg_bit[10] ; lpm_counter:inst6|cntr_f3g:auto_generated|counter_reg_bit[22] ; CLOCK_50     ; CLOCK_50    ; 20.000       ; -0.037     ; 1.115      ;
; 18.835 ; lpm_counter:inst6|cntr_f3g:auto_generated|counter_reg_bit[6]  ; lpm_counter:inst6|cntr_f3g:auto_generated|counter_reg_bit[18] ; CLOCK_50     ; CLOCK_50    ; 20.000       ; -0.037     ; 1.115      ;
; 18.835 ; lpm_counter:inst6|cntr_f3g:auto_generated|counter_reg_bit[4]  ; lpm_counter:inst6|cntr_f3g:auto_generated|counter_reg_bit[16] ; CLOCK_50     ; CLOCK_50    ; 20.000       ; -0.037     ; 1.115      ;
+--------+---------------------------------------------------------------+---------------------------------------------------------------+--------------+-------------+--------------+------------+------------+


+-------------------------------------------------------------------------------------------------------------------------------------------------------------------------------------------------------------+
; Fast 1200mV 0C Model Hold: 'CLOCK_50'                                                                                                                                                                       ;
+-------+---------------------------------------------------------------+---------------------------------------------------------------+--------------+-------------+--------------+------------+------------+
; Slack ; From Node                                                     ; To Node                                                       ; Launch Clock ; Latch Clock ; Relationship ; Clock Skew ; Data Delay ;
+-------+---------------------------------------------------------------+---------------------------------------------------------------+--------------+-------------+--------------+------------+------------+
; 0.137 ; lpm_counter:inst6|cntr_f3g:auto_generated|counter_reg_bit[24] ; lpm_counter:inst6|cntr_f3g:auto_generated|counter_reg_bit[25] ; CLOCK_50     ; CLOCK_50    ; 0.000        ; 0.352      ; 0.573      ;
; 0.191 ; lpm_counter:inst6|cntr_f3g:auto_generated|counter_reg_bit[23] ; lpm_counter:inst6|cntr_f3g:auto_generated|counter_reg_bit[25] ; CLOCK_50     ; CLOCK_50    ; 0.000        ; 0.352      ; 0.627      ;
; 0.204 ; lpm_counter:inst6|cntr_f3g:auto_generated|counter_reg_bit[22] ; lpm_counter:inst6|cntr_f3g:auto_generated|counter_reg_bit[25] ; CLOCK_50     ; CLOCK_50    ; 0.000        ; 0.352      ; 0.640      ;
; 0.257 ; lpm_counter:inst6|cntr_f3g:auto_generated|counter_reg_bit[21] ; lpm_counter:inst6|cntr_f3g:auto_generated|counter_reg_bit[25] ; CLOCK_50     ; CLOCK_50    ; 0.000        ; 0.352      ; 0.693      ;
; 0.270 ; lpm_counter:inst6|cntr_f3g:auto_generated|counter_reg_bit[20] ; lpm_counter:inst6|cntr_f3g:auto_generated|counter_reg_bit[25] ; CLOCK_50     ; CLOCK_50    ; 0.000        ; 0.352      ; 0.706      ;
; 0.292 ; lpm_counter:inst6|cntr_f3g:auto_generated|counter_reg_bit[12] ; lpm_counter:inst6|cntr_f3g:auto_generated|counter_reg_bit[12] ; CLOCK_50     ; CLOCK_50    ; 0.000        ; 0.037      ; 0.413      ;
; 0.292 ; lpm_counter:inst6|cntr_f3g:auto_generated|counter_reg_bit[3]  ; lpm_counter:inst6|cntr_f3g:auto_generated|counter_reg_bit[3]  ; CLOCK_50     ; CLOCK_50    ; 0.000        ; 0.037      ; 0.413      ;
; 0.293 ; lpm_counter:inst6|cntr_f3g:auto_generated|counter_reg_bit[19] ; lpm_counter:inst6|cntr_f3g:auto_generated|counter_reg_bit[19] ; CLOCK_50     ; CLOCK_50    ; 0.000        ; 0.037      ; 0.414      ;
; 0.293 ; lpm_counter:inst6|cntr_f3g:auto_generated|counter_reg_bit[15] ; lpm_counter:inst6|cntr_f3g:auto_generated|counter_reg_bit[15] ; CLOCK_50     ; CLOCK_50    ; 0.000        ; 0.037      ; 0.414      ;
; 0.293 ; lpm_counter:inst6|cntr_f3g:auto_generated|counter_reg_bit[13] ; lpm_counter:inst6|cntr_f3g:auto_generated|counter_reg_bit[13] ; CLOCK_50     ; CLOCK_50    ; 0.000        ; 0.037      ; 0.414      ;
; 0.293 ; lpm_counter:inst6|cntr_f3g:auto_generated|counter_reg_bit[11] ; lpm_counter:inst6|cntr_f3g:auto_generated|counter_reg_bit[11] ; CLOCK_50     ; CLOCK_50    ; 0.000        ; 0.037      ; 0.414      ;
; 0.293 ; lpm_counter:inst6|cntr_f3g:auto_generated|counter_reg_bit[10] ; lpm_counter:inst6|cntr_f3g:auto_generated|counter_reg_bit[10] ; CLOCK_50     ; CLOCK_50    ; 0.000        ; 0.037      ; 0.414      ;
; 0.293 ; lpm_counter:inst6|cntr_f3g:auto_generated|counter_reg_bit[8]  ; lpm_counter:inst6|cntr_f3g:auto_generated|counter_reg_bit[8]  ; CLOCK_50     ; CLOCK_50    ; 0.000        ; 0.037      ; 0.414      ;
; 0.293 ; lpm_counter:inst6|cntr_f3g:auto_generated|counter_reg_bit[5]  ; lpm_counter:inst6|cntr_f3g:auto_generated|counter_reg_bit[5]  ; CLOCK_50     ; CLOCK_50    ; 0.000        ; 0.037      ; 0.414      ;
; 0.293 ; lpm_counter:inst6|cntr_f3g:auto_generated|counter_reg_bit[2]  ; lpm_counter:inst6|cntr_f3g:auto_generated|counter_reg_bit[2]  ; CLOCK_50     ; CLOCK_50    ; 0.000        ; 0.037      ; 0.414      ;
; 0.293 ; lpm_counter:inst6|cntr_f3g:auto_generated|counter_reg_bit[1]  ; lpm_counter:inst6|cntr_f3g:auto_generated|counter_reg_bit[1]  ; CLOCK_50     ; CLOCK_50    ; 0.000        ; 0.037      ; 0.414      ;
; 0.294 ; lpm_counter:inst6|cntr_f3g:auto_generated|counter_reg_bit[24] ; lpm_counter:inst6|cntr_f3g:auto_generated|counter_reg_bit[24] ; CLOCK_50     ; CLOCK_50    ; 0.000        ; 0.037      ; 0.415      ;
; 0.294 ; lpm_counter:inst6|cntr_f3g:auto_generated|counter_reg_bit[23] ; lpm_counter:inst6|cntr_f3g:auto_generated|counter_reg_bit[23] ; CLOCK_50     ; CLOCK_50    ; 0.000        ; 0.037      ; 0.415      ;
; 0.294 ; lpm_counter:inst6|cntr_f3g:auto_generated|counter_reg_bit[21] ; lpm_counter:inst6|cntr_f3g:auto_generated|counter_reg_bit[21] ; CLOCK_50     ; CLOCK_50    ; 0.000        ; 0.037      ; 0.415      ;
; 0.294 ; lpm_counter:inst6|cntr_f3g:auto_generated|counter_reg_bit[18] ; lpm_counter:inst6|cntr_f3g:auto_generated|counter_reg_bit[18] ; CLOCK_50     ; CLOCK_50    ; 0.000        ; 0.037      ; 0.415      ;
; 0.294 ; lpm_counter:inst6|cntr_f3g:auto_generated|counter_reg_bit[17] ; lpm_counter:inst6|cntr_f3g:auto_generated|counter_reg_bit[17] ; CLOCK_50     ; CLOCK_50    ; 0.000        ; 0.037      ; 0.415      ;
; 0.294 ; lpm_counter:inst6|cntr_f3g:auto_generated|counter_reg_bit[16] ; lpm_counter:inst6|cntr_f3g:auto_generated|counter_reg_bit[16] ; CLOCK_50     ; CLOCK_50    ; 0.000        ; 0.037      ; 0.415      ;
; 0.294 ; lpm_counter:inst6|cntr_f3g:auto_generated|counter_reg_bit[14] ; lpm_counter:inst6|cntr_f3g:auto_generated|counter_reg_bit[14] ; CLOCK_50     ; CLOCK_50    ; 0.000        ; 0.037      ; 0.415      ;
; 0.294 ; lpm_counter:inst6|cntr_f3g:auto_generated|counter_reg_bit[9]  ; lpm_counter:inst6|cntr_f3g:auto_generated|counter_reg_bit[9]  ; CLOCK_50     ; CLOCK_50    ; 0.000        ; 0.037      ; 0.415      ;
; 0.294 ; lpm_counter:inst6|cntr_f3g:auto_generated|counter_reg_bit[7]  ; lpm_counter:inst6|cntr_f3g:auto_generated|counter_reg_bit[7]  ; CLOCK_50     ; CLOCK_50    ; 0.000        ; 0.037      ; 0.415      ;
; 0.294 ; lpm_counter:inst6|cntr_f3g:auto_generated|counter_reg_bit[6]  ; lpm_counter:inst6|cntr_f3g:auto_generated|counter_reg_bit[6]  ; CLOCK_50     ; CLOCK_50    ; 0.000        ; 0.037      ; 0.415      ;
; 0.294 ; lpm_counter:inst6|cntr_f3g:auto_generated|counter_reg_bit[4]  ; lpm_counter:inst6|cntr_f3g:auto_generated|counter_reg_bit[4]  ; CLOCK_50     ; CLOCK_50    ; 0.000        ; 0.037      ; 0.415      ;
; 0.295 ; lpm_counter:inst6|cntr_f3g:auto_generated|counter_reg_bit[22] ; lpm_counter:inst6|cntr_f3g:auto_generated|counter_reg_bit[22] ; CLOCK_50     ; CLOCK_50    ; 0.000        ; 0.037      ; 0.416      ;
; 0.295 ; lpm_counter:inst6|cntr_f3g:auto_generated|counter_reg_bit[20] ; lpm_counter:inst6|cntr_f3g:auto_generated|counter_reg_bit[20] ; CLOCK_50     ; CLOCK_50    ; 0.000        ; 0.037      ; 0.416      ;
; 0.302 ; lpm_counter:inst6|cntr_f3g:auto_generated|counter_reg_bit[0]  ; lpm_counter:inst6|cntr_f3g:auto_generated|counter_reg_bit[0]  ; CLOCK_50     ; CLOCK_50    ; 0.000        ; 0.037      ; 0.423      ;
; 0.314 ; lpm_counter:inst6|cntr_f3g:auto_generated|counter_reg_bit[25] ; lpm_counter:inst6|cntr_f3g:auto_generated|counter_reg_bit[25] ; CLOCK_50     ; CLOCK_50    ; 0.000        ; 0.022      ; 0.420      ;
; 0.322 ; lpm_counter:inst6|cntr_f3g:auto_generated|counter_reg_bit[19] ; lpm_counter:inst6|cntr_f3g:auto_generated|counter_reg_bit[25] ; CLOCK_50     ; CLOCK_50    ; 0.000        ; 0.352      ; 0.758      ;
; 0.335 ; lpm_counter:inst6|cntr_f3g:auto_generated|counter_reg_bit[18] ; lpm_counter:inst6|cntr_f3g:auto_generated|counter_reg_bit[25] ; CLOCK_50     ; CLOCK_50    ; 0.000        ; 0.352      ; 0.771      ;
; 0.389 ; lpm_counter:inst6|cntr_f3g:auto_generated|counter_reg_bit[17] ; lpm_counter:inst6|cntr_f3g:auto_generated|counter_reg_bit[25] ; CLOCK_50     ; CLOCK_50    ; 0.000        ; 0.352      ; 0.825      ;
; 0.401 ; lpm_counter:inst6|cntr_f3g:auto_generated|counter_reg_bit[16] ; lpm_counter:inst6|cntr_f3g:auto_generated|counter_reg_bit[25] ; CLOCK_50     ; CLOCK_50    ; 0.000        ; 0.352      ; 0.837      ;
; 0.441 ; lpm_counter:inst6|cntr_f3g:auto_generated|counter_reg_bit[3]  ; lpm_counter:inst6|cntr_f3g:auto_generated|counter_reg_bit[4]  ; CLOCK_50     ; CLOCK_50    ; 0.000        ; 0.037      ; 0.562      ;
; 0.442 ; lpm_counter:inst6|cntr_f3g:auto_generated|counter_reg_bit[11] ; lpm_counter:inst6|cntr_f3g:auto_generated|counter_reg_bit[12] ; CLOCK_50     ; CLOCK_50    ; 0.000        ; 0.037      ; 0.563      ;
; 0.442 ; lpm_counter:inst6|cntr_f3g:auto_generated|counter_reg_bit[1]  ; lpm_counter:inst6|cntr_f3g:auto_generated|counter_reg_bit[2]  ; CLOCK_50     ; CLOCK_50    ; 0.000        ; 0.037      ; 0.563      ;
; 0.442 ; lpm_counter:inst6|cntr_f3g:auto_generated|counter_reg_bit[15] ; lpm_counter:inst6|cntr_f3g:auto_generated|counter_reg_bit[16] ; CLOCK_50     ; CLOCK_50    ; 0.000        ; 0.037      ; 0.563      ;
; 0.442 ; lpm_counter:inst6|cntr_f3g:auto_generated|counter_reg_bit[13] ; lpm_counter:inst6|cntr_f3g:auto_generated|counter_reg_bit[14] ; CLOCK_50     ; CLOCK_50    ; 0.000        ; 0.037      ; 0.563      ;
; 0.442 ; lpm_counter:inst6|cntr_f3g:auto_generated|counter_reg_bit[5]  ; lpm_counter:inst6|cntr_f3g:auto_generated|counter_reg_bit[6]  ; CLOCK_50     ; CLOCK_50    ; 0.000        ; 0.037      ; 0.563      ;
; 0.442 ; lpm_counter:inst6|cntr_f3g:auto_generated|counter_reg_bit[19] ; lpm_counter:inst6|cntr_f3g:auto_generated|counter_reg_bit[20] ; CLOCK_50     ; CLOCK_50    ; 0.000        ; 0.037      ; 0.563      ;
; 0.443 ; lpm_counter:inst6|cntr_f3g:auto_generated|counter_reg_bit[9]  ; lpm_counter:inst6|cntr_f3g:auto_generated|counter_reg_bit[10] ; CLOCK_50     ; CLOCK_50    ; 0.000        ; 0.037      ; 0.564      ;
; 0.443 ; lpm_counter:inst6|cntr_f3g:auto_generated|counter_reg_bit[7]  ; lpm_counter:inst6|cntr_f3g:auto_generated|counter_reg_bit[8]  ; CLOCK_50     ; CLOCK_50    ; 0.000        ; 0.037      ; 0.564      ;
; 0.443 ; lpm_counter:inst6|cntr_f3g:auto_generated|counter_reg_bit[23] ; lpm_counter:inst6|cntr_f3g:auto_generated|counter_reg_bit[24] ; CLOCK_50     ; CLOCK_50    ; 0.000        ; 0.037      ; 0.564      ;
; 0.443 ; lpm_counter:inst6|cntr_f3g:auto_generated|counter_reg_bit[17] ; lpm_counter:inst6|cntr_f3g:auto_generated|counter_reg_bit[18] ; CLOCK_50     ; CLOCK_50    ; 0.000        ; 0.037      ; 0.564      ;
; 0.443 ; lpm_counter:inst6|cntr_f3g:auto_generated|counter_reg_bit[21] ; lpm_counter:inst6|cntr_f3g:auto_generated|counter_reg_bit[22] ; CLOCK_50     ; CLOCK_50    ; 0.000        ; 0.037      ; 0.564      ;
; 0.450 ; lpm_counter:inst6|cntr_f3g:auto_generated|counter_reg_bit[12] ; lpm_counter:inst6|cntr_f3g:auto_generated|counter_reg_bit[13] ; CLOCK_50     ; CLOCK_50    ; 0.000        ; 0.037      ; 0.571      ;
; 0.451 ; lpm_counter:inst6|cntr_f3g:auto_generated|counter_reg_bit[2]  ; lpm_counter:inst6|cntr_f3g:auto_generated|counter_reg_bit[3]  ; CLOCK_50     ; CLOCK_50    ; 0.000        ; 0.037      ; 0.572      ;
; 0.451 ; lpm_counter:inst6|cntr_f3g:auto_generated|counter_reg_bit[10] ; lpm_counter:inst6|cntr_f3g:auto_generated|counter_reg_bit[11] ; CLOCK_50     ; CLOCK_50    ; 0.000        ; 0.037      ; 0.572      ;
; 0.451 ; lpm_counter:inst6|cntr_f3g:auto_generated|counter_reg_bit[0]  ; lpm_counter:inst6|cntr_f3g:auto_generated|counter_reg_bit[1]  ; CLOCK_50     ; CLOCK_50    ; 0.000        ; 0.037      ; 0.572      ;
; 0.451 ; lpm_counter:inst6|cntr_f3g:auto_generated|counter_reg_bit[8]  ; lpm_counter:inst6|cntr_f3g:auto_generated|counter_reg_bit[9]  ; CLOCK_50     ; CLOCK_50    ; 0.000        ; 0.037      ; 0.572      ;
; 0.452 ; lpm_counter:inst6|cntr_f3g:auto_generated|counter_reg_bit[18] ; lpm_counter:inst6|cntr_f3g:auto_generated|counter_reg_bit[19] ; CLOCK_50     ; CLOCK_50    ; 0.000        ; 0.037      ; 0.573      ;
; 0.452 ; lpm_counter:inst6|cntr_f3g:auto_generated|counter_reg_bit[14] ; lpm_counter:inst6|cntr_f3g:auto_generated|counter_reg_bit[15] ; CLOCK_50     ; CLOCK_50    ; 0.000        ; 0.037      ; 0.573      ;
; 0.452 ; lpm_counter:inst6|cntr_f3g:auto_generated|counter_reg_bit[4]  ; lpm_counter:inst6|cntr_f3g:auto_generated|counter_reg_bit[5]  ; CLOCK_50     ; CLOCK_50    ; 0.000        ; 0.037      ; 0.573      ;
; 0.452 ; lpm_counter:inst6|cntr_f3g:auto_generated|counter_reg_bit[16] ; lpm_counter:inst6|cntr_f3g:auto_generated|counter_reg_bit[17] ; CLOCK_50     ; CLOCK_50    ; 0.000        ; 0.037      ; 0.573      ;
; 0.452 ; lpm_counter:inst6|cntr_f3g:auto_generated|counter_reg_bit[6]  ; lpm_counter:inst6|cntr_f3g:auto_generated|counter_reg_bit[7]  ; CLOCK_50     ; CLOCK_50    ; 0.000        ; 0.037      ; 0.573      ;
; 0.453 ; lpm_counter:inst6|cntr_f3g:auto_generated|counter_reg_bit[22] ; lpm_counter:inst6|cntr_f3g:auto_generated|counter_reg_bit[23] ; CLOCK_50     ; CLOCK_50    ; 0.000        ; 0.037      ; 0.574      ;
; 0.453 ; lpm_counter:inst6|cntr_f3g:auto_generated|counter_reg_bit[20] ; lpm_counter:inst6|cntr_f3g:auto_generated|counter_reg_bit[21] ; CLOCK_50     ; CLOCK_50    ; 0.000        ; 0.037      ; 0.574      ;
; 0.453 ; lpm_counter:inst6|cntr_f3g:auto_generated|counter_reg_bit[12] ; lpm_counter:inst6|cntr_f3g:auto_generated|counter_reg_bit[14] ; CLOCK_50     ; CLOCK_50    ; 0.000        ; 0.037      ; 0.574      ;
; 0.454 ; lpm_counter:inst6|cntr_f3g:auto_generated|counter_reg_bit[15] ; lpm_counter:inst6|cntr_f3g:auto_generated|counter_reg_bit[25] ; CLOCK_50     ; CLOCK_50    ; 0.000        ; 0.352      ; 0.890      ;
; 0.454 ; lpm_counter:inst6|cntr_f3g:auto_generated|counter_reg_bit[2]  ; lpm_counter:inst6|cntr_f3g:auto_generated|counter_reg_bit[4]  ; CLOCK_50     ; CLOCK_50    ; 0.000        ; 0.037      ; 0.575      ;
; 0.454 ; lpm_counter:inst6|cntr_f3g:auto_generated|counter_reg_bit[10] ; lpm_counter:inst6|cntr_f3g:auto_generated|counter_reg_bit[12] ; CLOCK_50     ; CLOCK_50    ; 0.000        ; 0.037      ; 0.575      ;
; 0.454 ; lpm_counter:inst6|cntr_f3g:auto_generated|counter_reg_bit[0]  ; lpm_counter:inst6|cntr_f3g:auto_generated|counter_reg_bit[2]  ; CLOCK_50     ; CLOCK_50    ; 0.000        ; 0.037      ; 0.575      ;
; 0.454 ; lpm_counter:inst6|cntr_f3g:auto_generated|counter_reg_bit[8]  ; lpm_counter:inst6|cntr_f3g:auto_generated|counter_reg_bit[10] ; CLOCK_50     ; CLOCK_50    ; 0.000        ; 0.037      ; 0.575      ;
; 0.455 ; lpm_counter:inst6|cntr_f3g:auto_generated|counter_reg_bit[14] ; lpm_counter:inst6|cntr_f3g:auto_generated|counter_reg_bit[16] ; CLOCK_50     ; CLOCK_50    ; 0.000        ; 0.037      ; 0.576      ;
; 0.455 ; lpm_counter:inst6|cntr_f3g:auto_generated|counter_reg_bit[4]  ; lpm_counter:inst6|cntr_f3g:auto_generated|counter_reg_bit[6]  ; CLOCK_50     ; CLOCK_50    ; 0.000        ; 0.037      ; 0.576      ;
; 0.455 ; lpm_counter:inst6|cntr_f3g:auto_generated|counter_reg_bit[18] ; lpm_counter:inst6|cntr_f3g:auto_generated|counter_reg_bit[20] ; CLOCK_50     ; CLOCK_50    ; 0.000        ; 0.037      ; 0.576      ;
; 0.455 ; lpm_counter:inst6|cntr_f3g:auto_generated|counter_reg_bit[6]  ; lpm_counter:inst6|cntr_f3g:auto_generated|counter_reg_bit[8]  ; CLOCK_50     ; CLOCK_50    ; 0.000        ; 0.037      ; 0.576      ;
; 0.455 ; lpm_counter:inst6|cntr_f3g:auto_generated|counter_reg_bit[16] ; lpm_counter:inst6|cntr_f3g:auto_generated|counter_reg_bit[18] ; CLOCK_50     ; CLOCK_50    ; 0.000        ; 0.037      ; 0.576      ;
; 0.456 ; lpm_counter:inst6|cntr_f3g:auto_generated|counter_reg_bit[22] ; lpm_counter:inst6|cntr_f3g:auto_generated|counter_reg_bit[24] ; CLOCK_50     ; CLOCK_50    ; 0.000        ; 0.037      ; 0.577      ;
; 0.456 ; lpm_counter:inst6|cntr_f3g:auto_generated|counter_reg_bit[20] ; lpm_counter:inst6|cntr_f3g:auto_generated|counter_reg_bit[22] ; CLOCK_50     ; CLOCK_50    ; 0.000        ; 0.037      ; 0.577      ;
; 0.467 ; lpm_counter:inst6|cntr_f3g:auto_generated|counter_reg_bit[14] ; lpm_counter:inst6|cntr_f3g:auto_generated|counter_reg_bit[25] ; CLOCK_50     ; CLOCK_50    ; 0.000        ; 0.352      ; 0.903      ;
; 0.504 ; lpm_counter:inst6|cntr_f3g:auto_generated|counter_reg_bit[3]  ; lpm_counter:inst6|cntr_f3g:auto_generated|counter_reg_bit[5]  ; CLOCK_50     ; CLOCK_50    ; 0.000        ; 0.037      ; 0.625      ;
; 0.505 ; lpm_counter:inst6|cntr_f3g:auto_generated|counter_reg_bit[11] ; lpm_counter:inst6|cntr_f3g:auto_generated|counter_reg_bit[13] ; CLOCK_50     ; CLOCK_50    ; 0.000        ; 0.037      ; 0.626      ;
; 0.505 ; lpm_counter:inst6|cntr_f3g:auto_generated|counter_reg_bit[1]  ; lpm_counter:inst6|cntr_f3g:auto_generated|counter_reg_bit[3]  ; CLOCK_50     ; CLOCK_50    ; 0.000        ; 0.037      ; 0.626      ;
; 0.505 ; lpm_counter:inst6|cntr_f3g:auto_generated|counter_reg_bit[13] ; lpm_counter:inst6|cntr_f3g:auto_generated|counter_reg_bit[15] ; CLOCK_50     ; CLOCK_50    ; 0.000        ; 0.037      ; 0.626      ;
; 0.505 ; lpm_counter:inst6|cntr_f3g:auto_generated|counter_reg_bit[15] ; lpm_counter:inst6|cntr_f3g:auto_generated|counter_reg_bit[17] ; CLOCK_50     ; CLOCK_50    ; 0.000        ; 0.037      ; 0.626      ;
; 0.505 ; lpm_counter:inst6|cntr_f3g:auto_generated|counter_reg_bit[5]  ; lpm_counter:inst6|cntr_f3g:auto_generated|counter_reg_bit[7]  ; CLOCK_50     ; CLOCK_50    ; 0.000        ; 0.037      ; 0.626      ;
; 0.505 ; lpm_counter:inst6|cntr_f3g:auto_generated|counter_reg_bit[19] ; lpm_counter:inst6|cntr_f3g:auto_generated|counter_reg_bit[21] ; CLOCK_50     ; CLOCK_50    ; 0.000        ; 0.037      ; 0.626      ;
; 0.506 ; lpm_counter:inst6|cntr_f3g:auto_generated|counter_reg_bit[9]  ; lpm_counter:inst6|cntr_f3g:auto_generated|counter_reg_bit[11] ; CLOCK_50     ; CLOCK_50    ; 0.000        ; 0.037      ; 0.627      ;
; 0.506 ; lpm_counter:inst6|cntr_f3g:auto_generated|counter_reg_bit[7]  ; lpm_counter:inst6|cntr_f3g:auto_generated|counter_reg_bit[9]  ; CLOCK_50     ; CLOCK_50    ; 0.000        ; 0.037      ; 0.627      ;
; 0.506 ; lpm_counter:inst6|cntr_f3g:auto_generated|counter_reg_bit[17] ; lpm_counter:inst6|cntr_f3g:auto_generated|counter_reg_bit[19] ; CLOCK_50     ; CLOCK_50    ; 0.000        ; 0.037      ; 0.627      ;
; 0.506 ; lpm_counter:inst6|cntr_f3g:auto_generated|counter_reg_bit[21] ; lpm_counter:inst6|cntr_f3g:auto_generated|counter_reg_bit[23] ; CLOCK_50     ; CLOCK_50    ; 0.000        ; 0.037      ; 0.627      ;
; 0.507 ; lpm_counter:inst6|cntr_f3g:auto_generated|counter_reg_bit[3]  ; lpm_counter:inst6|cntr_f3g:auto_generated|counter_reg_bit[6]  ; CLOCK_50     ; CLOCK_50    ; 0.000        ; 0.037      ; 0.628      ;
; 0.508 ; lpm_counter:inst6|cntr_f3g:auto_generated|counter_reg_bit[11] ; lpm_counter:inst6|cntr_f3g:auto_generated|counter_reg_bit[14] ; CLOCK_50     ; CLOCK_50    ; 0.000        ; 0.037      ; 0.629      ;
; 0.508 ; lpm_counter:inst6|cntr_f3g:auto_generated|counter_reg_bit[1]  ; lpm_counter:inst6|cntr_f3g:auto_generated|counter_reg_bit[4]  ; CLOCK_50     ; CLOCK_50    ; 0.000        ; 0.037      ; 0.629      ;
; 0.508 ; lpm_counter:inst6|cntr_f3g:auto_generated|counter_reg_bit[13] ; lpm_counter:inst6|cntr_f3g:auto_generated|counter_reg_bit[16] ; CLOCK_50     ; CLOCK_50    ; 0.000        ; 0.037      ; 0.629      ;
; 0.508 ; lpm_counter:inst6|cntr_f3g:auto_generated|counter_reg_bit[5]  ; lpm_counter:inst6|cntr_f3g:auto_generated|counter_reg_bit[8]  ; CLOCK_50     ; CLOCK_50    ; 0.000        ; 0.037      ; 0.629      ;
; 0.508 ; lpm_counter:inst6|cntr_f3g:auto_generated|counter_reg_bit[15] ; lpm_counter:inst6|cntr_f3g:auto_generated|counter_reg_bit[18] ; CLOCK_50     ; CLOCK_50    ; 0.000        ; 0.037      ; 0.629      ;
; 0.508 ; lpm_counter:inst6|cntr_f3g:auto_generated|counter_reg_bit[19] ; lpm_counter:inst6|cntr_f3g:auto_generated|counter_reg_bit[22] ; CLOCK_50     ; CLOCK_50    ; 0.000        ; 0.037      ; 0.629      ;
; 0.509 ; lpm_counter:inst6|cntr_f3g:auto_generated|counter_reg_bit[9]  ; lpm_counter:inst6|cntr_f3g:auto_generated|counter_reg_bit[12] ; CLOCK_50     ; CLOCK_50    ; 0.000        ; 0.037      ; 0.630      ;
; 0.509 ; lpm_counter:inst6|cntr_f3g:auto_generated|counter_reg_bit[7]  ; lpm_counter:inst6|cntr_f3g:auto_generated|counter_reg_bit[10] ; CLOCK_50     ; CLOCK_50    ; 0.000        ; 0.037      ; 0.630      ;
; 0.509 ; lpm_counter:inst6|cntr_f3g:auto_generated|counter_reg_bit[17] ; lpm_counter:inst6|cntr_f3g:auto_generated|counter_reg_bit[20] ; CLOCK_50     ; CLOCK_50    ; 0.000        ; 0.037      ; 0.630      ;
; 0.509 ; lpm_counter:inst6|cntr_f3g:auto_generated|counter_reg_bit[21] ; lpm_counter:inst6|cntr_f3g:auto_generated|counter_reg_bit[24] ; CLOCK_50     ; CLOCK_50    ; 0.000        ; 0.037      ; 0.630      ;
; 0.516 ; lpm_counter:inst6|cntr_f3g:auto_generated|counter_reg_bit[12] ; lpm_counter:inst6|cntr_f3g:auto_generated|counter_reg_bit[15] ; CLOCK_50     ; CLOCK_50    ; 0.000        ; 0.037      ; 0.637      ;
; 0.517 ; lpm_counter:inst6|cntr_f3g:auto_generated|counter_reg_bit[2]  ; lpm_counter:inst6|cntr_f3g:auto_generated|counter_reg_bit[5]  ; CLOCK_50     ; CLOCK_50    ; 0.000        ; 0.037      ; 0.638      ;
; 0.517 ; lpm_counter:inst6|cntr_f3g:auto_generated|counter_reg_bit[10] ; lpm_counter:inst6|cntr_f3g:auto_generated|counter_reg_bit[13] ; CLOCK_50     ; CLOCK_50    ; 0.000        ; 0.037      ; 0.638      ;
; 0.517 ; lpm_counter:inst6|cntr_f3g:auto_generated|counter_reg_bit[0]  ; lpm_counter:inst6|cntr_f3g:auto_generated|counter_reg_bit[3]  ; CLOCK_50     ; CLOCK_50    ; 0.000        ; 0.037      ; 0.638      ;
; 0.517 ; lpm_counter:inst6|cntr_f3g:auto_generated|counter_reg_bit[8]  ; lpm_counter:inst6|cntr_f3g:auto_generated|counter_reg_bit[11] ; CLOCK_50     ; CLOCK_50    ; 0.000        ; 0.037      ; 0.638      ;
+-------+---------------------------------------------------------------+---------------------------------------------------------------+--------------+-------------+--------------+------------+------------+


----------------------------------------------
; Fast 1200mV 0C Model Metastability Summary ;
----------------------------------------------
No synchronizer chains to report.


+------------------------------------------------------------------------------+
; Multicorner Timing Analysis Summary                                          ;
+------------------+--------+-------+----------+---------+---------------------+
; Clock            ; Setup  ; Hold  ; Recovery ; Removal ; Minimum Pulse Width ;
+------------------+--------+-------+----------+---------+---------------------+
; Worst-case Slack ; 17.159 ; 0.137 ; N/A      ; N/A     ; 9.273               ;
;  CLOCK_50        ; 17.159 ; 0.137 ; N/A      ; N/A     ; 9.273               ;
; Design-wide TNS  ; 0.0    ; 0.0   ; 0.0      ; 0.0     ; 0.0                 ;
;  CLOCK_50        ; 0.000  ; 0.000 ; N/A      ; N/A     ; 0.000               ;
+------------------+--------+-------+----------+---------+---------------------+


+------------------------------------------------------------------------------------------------------------------------------------------------------------------------------------------------------------------------------------------------------------------------------------------------------------------------------------------------------------------------------------------------------------------+
; Board Trace Model Assignments                                                                                                                                                                                                                                                                                                                                                                                    ;
+---------------+--------------+-------------------+-------------------------+-------------------------+---------------+---------------------+----------------+------------------+--------+------------------+------------------------+------------------------+--------------+---------------+-----------------+-------+---------------------+--------------------+---------------+-----------------+-------------+
; Pin           ; I/O Standard ; Near Tline Length ; Near Tline L per Length ; Near Tline C per Length ; Near Series R ; Near Differential R ; Near Pull-up R ; Near Pull-down R ; Near C ; Far Tline Length ; Far Tline L per Length ; Far Tline C per Length ; Far Series R ; Far Pull-up R ; Far Pull-down R ; Far C ; Termination Voltage ; Far Differential R ; EBD File Name ; EBD Signal Name ; EBD Far-end ;
+---------------+--------------+-------------------+-------------------------+-------------------------+---------------+---------------------+----------------+------------------+--------+------------------+------------------------+------------------------+--------------+---------------+-----------------+-------+---------------------+--------------------+---------------+-----------------+-------------+
; MIO0          ; 3.3-V LVTTL  ; 0 in              ; 0 H/in                  ; 0 F/in                  ; short         ; -                   ; open           ; open             ; open   ; 0 in             ; 0 H/in                 ; 0 F/in                 ; short        ; open          ; open            ; open  ; 0 V                 ; -                  ; n/a           ; n/a             ; n/a         ;
; MIO3          ; 3.3-V LVTTL  ; 0 in              ; 0 H/in                  ; 0 F/in                  ; short         ; -                   ; open           ; open             ; open   ; 0 in             ; 0 H/in                 ; 0 F/in                 ; short        ; open          ; open            ; open  ; 0 V                 ; -                  ; n/a           ; n/a             ; n/a         ;
; MIO5          ; 3.3-V LVTTL  ; 0 in              ; 0 H/in                  ; 0 F/in                  ; short         ; -                   ; open           ; open             ; open   ; 0 in             ; 0 H/in                 ; 0 F/in                 ; short        ; open          ; open            ; open  ; 0 V                 ; -                  ; n/a           ; n/a             ; n/a         ;
; MIO4          ; 3.3-V LVTTL  ; 0 in              ; 0 H/in                  ; 0 F/in                  ; short         ; -                   ; open           ; open             ; open   ; 0 in             ; 0 H/in                 ; 0 F/in                 ; short        ; open          ; open            ; open  ; 0 V                 ; -                  ; n/a           ; n/a             ; n/a         ;
; MIO2          ; 3.3-V LVTTL  ; 0 in              ; 0 H/in                  ; 0 F/in                  ; short         ; -                   ; open           ; open             ; open   ; 0 in             ; 0 H/in                 ; 0 F/in                 ; short        ; open          ; open            ; open  ; 0 V                 ; -                  ; n/a           ; n/a             ; n/a         ;
; LED[7]        ; 3.3-V LVTTL  ; 0 in              ; 0 H/in                  ; 0 F/in                  ; short         ; -                   ; open           ; open             ; open   ; 0 in             ; 0 H/in                 ; 0 F/in                 ; short        ; open          ; open            ; open  ; 0 V                 ; -                  ; n/a           ; n/a             ; n/a         ;
; LED[6]        ; 3.3-V LVTTL  ; 0 in              ; 0 H/in                  ; 0 F/in                  ; short         ; -                   ; open           ; open             ; open   ; 0 in             ; 0 H/in                 ; 0 F/in                 ; short        ; open          ; open            ; open  ; 0 V                 ; -                  ; n/a           ; n/a             ; n/a         ;
; LED[5]        ; 3.3-V LVTTL  ; 0 in              ; 0 H/in                  ; 0 F/in                  ; short         ; -                   ; open           ; open             ; open   ; 0 in             ; 0 H/in                 ; 0 F/in                 ; short        ; open          ; open            ; open  ; 0 V                 ; -                  ; n/a           ; n/a             ; n/a         ;
; LED[4]        ; 3.3-V LVTTL  ; 0 in              ; 0 H/in                  ; 0 F/in                  ; short         ; -                   ; open           ; open             ; open   ; 0 in             ; 0 H/in                 ; 0 F/in                 ; short        ; open          ; open            ; open  ; 0 V                 ; -                  ; n/a           ; n/a             ; n/a         ;
; LED[3]        ; 3.3-V LVTTL  ; 0 in              ; 0 H/in                  ; 0 F/in                  ; short         ; -                   ; open           ; open             ; open   ; 0 in             ; 0 H/in                 ; 0 F/in                 ; short        ; open          ; open            ; open  ; 0 V                 ; -                  ; n/a           ; n/a             ; n/a         ;
; LED[2]        ; 3.3-V LVTTL  ; 0 in              ; 0 H/in                  ; 0 F/in                  ; short         ; -                   ; open           ; open             ; open   ; 0 in             ; 0 H/in                 ; 0 F/in                 ; short        ; open          ; open            ; open  ; 0 V                 ; -                  ; n/a           ; n/a             ; n/a         ;
; LED[1]        ; 3.3-V LVTTL  ; 0 in              ; 0 H/in                  ; 0 F/in                  ; short         ; -                   ; open           ; open             ; open   ; 0 in             ; 0 H/in                 ; 0 F/in                 ; short        ; open          ; open            ; open  ; 0 V                 ; -                  ; n/a           ; n/a             ; n/a         ;
; LED[0]        ; 3.3-V LVTTL  ; 0 in              ; 0 H/in                  ; 0 F/in                  ; short         ; -                   ; open           ; open             ; open   ; 0 in             ; 0 H/in                 ; 0 F/in                 ; short        ; open          ; open            ; open  ; 0 V                 ; -                  ; n/a           ; n/a             ; n/a         ;
; ~ALTERA_DCLK~ ; 3.3-V LVTTL  ; 0 in              ; 0 H/in                  ; 0 F/in                  ; short         ; -                   ; open           ; open             ; open   ; 0 in             ; 0 H/in                 ; 0 F/in                 ; short        ; open          ; open            ; open  ; 0 V                 ; -                  ; n/a           ; n/a             ; n/a         ;
; ~ALTERA_nCEO~ ; 2.5 V        ; 0 in              ; 0 H/in                  ; 0 F/in                  ; short         ; -                   ; open           ; open             ; open   ; 0 in             ; 0 H/in                 ; 0 F/in                 ; short        ; open          ; open            ; open  ; 0 V                 ; -                  ; n/a           ; n/a             ; n/a         ;
+---------------+--------------+-------------------+-------------------------+-------------------------+---------------+---------------------+----------------+------------------+--------+------------------+------------------------+------------------------+--------------+---------------+-----------------+-------+---------------------+--------------------+---------------+-----------------+-------------+


+----------------------------------------------------------------------------+
; Input Transition Times                                                     ;
+-------------------------+--------------+-----------------+-----------------+
; Pin                     ; I/O Standard ; 10-90 Rise Time ; 90-10 Fall Time ;
+-------------------------+--------------+-----------------+-----------------+
; MIO1                    ; 3.3-V LVTTL  ; 2640 ps         ; 2640 ps         ;
; KEY[1]                  ; 3.3-V LVTTL  ; 2640 ps         ; 2640 ps         ;
; KEY[0]                  ; 3.3-V LVTTL  ; 2640 ps         ; 2640 ps         ;
; CLOCK_50                ; 3.3-V LVTTL  ; 2640 ps         ; 2640 ps         ;
; ~ALTERA_ASDO_DATA1~     ; 3.3-V LVTTL  ; 2640 ps         ; 2640 ps         ;
; ~ALTERA_FLASH_nCE_nCSO~ ; 3.3-V LVTTL  ; 2640 ps         ; 2640 ps         ;
; ~ALTERA_DATA0~          ; 3.3-V LVTTL  ; 2640 ps         ; 2640 ps         ;
+-------------------------+--------------+-----------------+-----------------+


+--------------------------------------------------------------------------------------------------------------------------------------------------------------------------------------------------------------------------------------------------------------------------------------------------------------------------------------------------------------------------------------------------------------------------------------------------------------------------------------------------------------------------------------------------------------------------------------------------------------------------------------------------------------------------------------------+
; Signal Integrity Metrics (Slow 1200mv 0c Model)                                                                                                                                                                                                                                                                                                                                                                                                                                                                                                                                                                                                                                            ;
+---------------+--------------+---------------------+---------------------+------------------------------+------------------------------+---------------------+---------------------+--------------------------------------+--------------------------------------+-----------------------------+-----------------------------+----------------------------+----------------------------+-----------------------------+-----------------------------+--------------------+--------------------+-------------------------------------+-------------------------------------+----------------------------+----------------------------+---------------------------+---------------------------+
; Pin           ; I/O Standard ; Board Delay on Rise ; Board Delay on Fall ; Steady State Voh at FPGA Pin ; Steady State Vol at FPGA Pin ; Voh Max at FPGA Pin ; Vol Min at FPGA Pin ; Ringback Voltage on Rise at FPGA Pin ; Ringback Voltage on Fall at FPGA Pin ; 10-90 Rise Time at FPGA Pin ; 90-10 Fall Time at FPGA Pin ; Monotonic Rise at FPGA Pin ; Monotonic Fall at FPGA Pin ; Steady State Voh at Far-end ; Steady State Vol at Far-end ; Voh Max at Far-end ; Vol Min at Far-end ; Ringback Voltage on Rise at Far-end ; Ringback Voltage on Fall at Far-end ; 10-90 Rise Time at Far-end ; 90-10 Fall Time at Far-end ; Monotonic Rise at Far-end ; Monotonic Fall at Far-end ;
+---------------+--------------+---------------------+---------------------+------------------------------+------------------------------+---------------------+---------------------+--------------------------------------+--------------------------------------+-----------------------------+-----------------------------+----------------------------+----------------------------+-----------------------------+-----------------------------+--------------------+--------------------+-------------------------------------+-------------------------------------+----------------------------+----------------------------+---------------------------+---------------------------+
; MIO0          ; 3.3-V LVTTL  ; 0 s                 ; 0 s                 ; 3.08 V                       ; 2.24e-08 V                   ; 3.14 V              ; -0.115 V            ; 0.31 V                               ; 0.241 V                              ; 5.06e-10 s                  ; 4.37e-10 s                  ; No                         ; No                         ; 3.08 V                      ; 2.24e-08 V                  ; 3.14 V             ; -0.115 V           ; 0.31 V                              ; 0.241 V                             ; 5.06e-10 s                 ; 4.37e-10 s                 ; No                        ; No                        ;
; MIO3          ; 3.3-V LVTTL  ; 0 s                 ; 0 s                 ; 3.08 V                       ; 2.24e-08 V                   ; 3.14 V              ; -0.115 V            ; 0.31 V                               ; 0.241 V                              ; 5.06e-10 s                  ; 4.37e-10 s                  ; No                         ; No                         ; 3.08 V                      ; 2.24e-08 V                  ; 3.14 V             ; -0.115 V           ; 0.31 V                              ; 0.241 V                             ; 5.06e-10 s                 ; 4.37e-10 s                 ; No                        ; No                        ;
; MIO5          ; 3.3-V LVTTL  ; 0 s                 ; 0 s                 ; 3.08 V                       ; 2.24e-08 V                   ; 3.14 V              ; -0.115 V            ; 0.31 V                               ; 0.241 V                              ; 5.06e-10 s                  ; 4.37e-10 s                  ; No                         ; No                         ; 3.08 V                      ; 2.24e-08 V                  ; 3.14 V             ; -0.115 V           ; 0.31 V                              ; 0.241 V                             ; 5.06e-10 s                 ; 4.37e-10 s                 ; No                        ; No                        ;
; MIO4          ; 3.3-V LVTTL  ; 0 s                 ; 0 s                 ; 3.08 V                       ; 2.24e-08 V                   ; 3.14 V              ; -0.115 V            ; 0.31 V                               ; 0.241 V                              ; 5.06e-10 s                  ; 4.37e-10 s                  ; No                         ; No                         ; 3.08 V                      ; 2.24e-08 V                  ; 3.14 V             ; -0.115 V           ; 0.31 V                              ; 0.241 V                             ; 5.06e-10 s                 ; 4.37e-10 s                 ; No                        ; No                        ;
; MIO2          ; 3.3-V LVTTL  ; 0 s                 ; 0 s                 ; 3.08 V                       ; 2.24e-08 V                   ; 3.14 V              ; -0.115 V            ; 0.31 V                               ; 0.241 V                              ; 5.06e-10 s                  ; 4.37e-10 s                  ; No                         ; No                         ; 3.08 V                      ; 2.24e-08 V                  ; 3.14 V             ; -0.115 V           ; 0.31 V                              ; 0.241 V                             ; 5.06e-10 s                 ; 4.37e-10 s                 ; No                        ; No                        ;
; LED[7]        ; 3.3-V LVTTL  ; 0 s                 ; 0 s                 ; 3.08 V                       ; 1.54e-08 V                   ; 3.09 V              ; -0.0119 V           ; 0.277 V                              ; 0.297 V                              ; 4.54e-09 s                  ; 3.32e-09 s                  ; No                         ; No                         ; 3.08 V                      ; 1.54e-08 V                  ; 3.09 V             ; -0.0119 V          ; 0.277 V                             ; 0.297 V                             ; 4.54e-09 s                 ; 3.32e-09 s                 ; No                        ; No                        ;
; LED[6]        ; 3.3-V LVTTL  ; 0 s                 ; 0 s                 ; 3.08 V                       ; 1.54e-08 V                   ; 3.16 V              ; -0.11 V             ; 0.302 V                              ; 0.22 V                               ; 4.82e-10 s                  ; 4.27e-10 s                  ; Yes                        ; No                         ; 3.08 V                      ; 1.54e-08 V                  ; 3.16 V             ; -0.11 V            ; 0.302 V                             ; 0.22 V                              ; 4.82e-10 s                 ; 4.27e-10 s                 ; Yes                       ; No                        ;
; LED[5]        ; 3.3-V LVTTL  ; 0 s                 ; 0 s                 ; 3.08 V                       ; 1.54e-08 V                   ; 3.09 V              ; -0.0119 V           ; 0.277 V                              ; 0.297 V                              ; 4.54e-09 s                  ; 3.32e-09 s                  ; No                         ; No                         ; 3.08 V                      ; 1.54e-08 V                  ; 3.09 V             ; -0.0119 V          ; 0.277 V                             ; 0.297 V                             ; 4.54e-09 s                 ; 3.32e-09 s                 ; No                        ; No                        ;
; LED[4]        ; 3.3-V LVTTL  ; 0 s                 ; 0 s                 ; 3.08 V                       ; 1.54e-08 V                   ; 3.14 V              ; -0.074 V            ; 0.343 V                              ; 0.194 V                              ; 7.35e-10 s                  ; 6.36e-10 s                  ; No                         ; No                         ; 3.08 V                      ; 1.54e-08 V                  ; 3.14 V             ; -0.074 V           ; 0.343 V                             ; 0.194 V                             ; 7.35e-10 s                 ; 6.36e-10 s                 ; No                        ; No                        ;
; LED[3]        ; 3.3-V LVTTL  ; 0 s                 ; 0 s                 ; 3.08 V                       ; 2.24e-08 V                   ; 3.14 V              ; -0.115 V            ; 0.31 V                               ; 0.241 V                              ; 5.06e-10 s                  ; 4.37e-10 s                  ; No                         ; No                         ; 3.08 V                      ; 2.24e-08 V                  ; 3.14 V             ; -0.115 V           ; 0.31 V                              ; 0.241 V                             ; 5.06e-10 s                 ; 4.37e-10 s                 ; No                        ; No                        ;
; LED[2]        ; 3.3-V LVTTL  ; 0 s                 ; 0 s                 ; 3.08 V                       ; 2.24e-08 V                   ; 3.14 V              ; -0.115 V            ; 0.31 V                               ; 0.241 V                              ; 5.06e-10 s                  ; 4.37e-10 s                  ; No                         ; No                         ; 3.08 V                      ; 2.24e-08 V                  ; 3.14 V             ; -0.115 V           ; 0.31 V                              ; 0.241 V                             ; 5.06e-10 s                 ; 4.37e-10 s                 ; No                        ; No                        ;
; LED[1]        ; 3.3-V LVTTL  ; 0 s                 ; 0 s                 ; 3.08 V                       ; 2.24e-08 V                   ; 3.14 V              ; -0.115 V            ; 0.31 V                               ; 0.241 V                              ; 5.06e-10 s                  ; 4.37e-10 s                  ; No                         ; No                         ; 3.08 V                      ; 2.24e-08 V                  ; 3.14 V             ; -0.115 V           ; 0.31 V                              ; 0.241 V                             ; 5.06e-10 s                 ; 4.37e-10 s                 ; No                        ; No                        ;
; LED[0]        ; 3.3-V LVTTL  ; 0 s                 ; 0 s                 ; 3.08 V                       ; 2.24e-08 V                   ; 3.14 V              ; -0.115 V            ; 0.31 V                               ; 0.241 V                              ; 5.06e-10 s                  ; 4.37e-10 s                  ; No                         ; No                         ; 3.08 V                      ; 2.24e-08 V                  ; 3.14 V             ; -0.115 V           ; 0.31 V                              ; 0.241 V                             ; 5.06e-10 s                 ; 4.37e-10 s                 ; No                        ; No                        ;
; ~ALTERA_DCLK~ ; 3.3-V LVTTL  ; 0 s                 ; 0 s                 ; 3.08 V                       ; 8.05e-09 V                   ; 3.21 V              ; -0.181 V            ; 0.16 V                               ; 0.253 V                              ; 2.77e-10 s                  ; 2.32e-10 s                  ; No                         ; Yes                        ; 3.08 V                      ; 8.05e-09 V                  ; 3.21 V             ; -0.181 V           ; 0.16 V                              ; 0.253 V                             ; 2.77e-10 s                 ; 2.32e-10 s                 ; No                        ; Yes                       ;
; ~ALTERA_nCEO~ ; 2.5 V        ; 0 s                 ; 0 s                 ; 2.32 V                       ; 5.61e-09 V                   ; 2.38 V              ; -0.00274 V          ; 0.141 V                              ; 0.006 V                              ; 4.7e-10 s                   ; 6.02e-10 s                  ; Yes                        ; Yes                        ; 2.32 V                      ; 5.61e-09 V                  ; 2.38 V             ; -0.00274 V         ; 0.141 V                             ; 0.006 V                             ; 4.7e-10 s                  ; 6.02e-10 s                 ; Yes                       ; Yes                       ;
+---------------+--------------+---------------------+---------------------+------------------------------+------------------------------+---------------------+---------------------+--------------------------------------+--------------------------------------+-----------------------------+-----------------------------+----------------------------+----------------------------+-----------------------------+-----------------------------+--------------------+--------------------+-------------------------------------+-------------------------------------+----------------------------+----------------------------+---------------------------+---------------------------+


+--------------------------------------------------------------------------------------------------------------------------------------------------------------------------------------------------------------------------------------------------------------------------------------------------------------------------------------------------------------------------------------------------------------------------------------------------------------------------------------------------------------------------------------------------------------------------------------------------------------------------------------------------------------------------------------------+
; Signal Integrity Metrics (Slow 1200mv 85c Model)                                                                                                                                                                                                                                                                                                                                                                                                                                                                                                                                                                                                                                           ;
+---------------+--------------+---------------------+---------------------+------------------------------+------------------------------+---------------------+---------------------+--------------------------------------+--------------------------------------+-----------------------------+-----------------------------+----------------------------+----------------------------+-----------------------------+-----------------------------+--------------------+--------------------+-------------------------------------+-------------------------------------+----------------------------+----------------------------+---------------------------+---------------------------+
; Pin           ; I/O Standard ; Board Delay on Rise ; Board Delay on Fall ; Steady State Voh at FPGA Pin ; Steady State Vol at FPGA Pin ; Voh Max at FPGA Pin ; Vol Min at FPGA Pin ; Ringback Voltage on Rise at FPGA Pin ; Ringback Voltage on Fall at FPGA Pin ; 10-90 Rise Time at FPGA Pin ; 90-10 Fall Time at FPGA Pin ; Monotonic Rise at FPGA Pin ; Monotonic Fall at FPGA Pin ; Steady State Voh at Far-end ; Steady State Vol at Far-end ; Voh Max at Far-end ; Vol Min at Far-end ; Ringback Voltage on Rise at Far-end ; Ringback Voltage on Fall at Far-end ; 10-90 Rise Time at Far-end ; 90-10 Fall Time at Far-end ; Monotonic Rise at Far-end ; Monotonic Fall at Far-end ;
+---------------+--------------+---------------------+---------------------+------------------------------+------------------------------+---------------------+---------------------+--------------------------------------+--------------------------------------+-----------------------------+-----------------------------+----------------------------+----------------------------+-----------------------------+-----------------------------+--------------------+--------------------+-------------------------------------+-------------------------------------+----------------------------+----------------------------+---------------------------+---------------------------+
; MIO0          ; 3.3-V LVTTL  ; 0 s                 ; 0 s                 ; 3.08 V                       ; 2.99e-06 V                   ; 3.11 V              ; -0.0717 V           ; 0.209 V                              ; 0.168 V                              ; 6.66e-10 s                  ; 6.19e-10 s                  ; Yes                        ; No                         ; 3.08 V                      ; 2.99e-06 V                  ; 3.11 V             ; -0.0717 V          ; 0.209 V                             ; 0.168 V                             ; 6.66e-10 s                 ; 6.19e-10 s                 ; Yes                       ; No                        ;
; MIO3          ; 3.3-V LVTTL  ; 0 s                 ; 0 s                 ; 3.08 V                       ; 2.99e-06 V                   ; 3.11 V              ; -0.0717 V           ; 0.209 V                              ; 0.168 V                              ; 6.66e-10 s                  ; 6.19e-10 s                  ; Yes                        ; No                         ; 3.08 V                      ; 2.99e-06 V                  ; 3.11 V             ; -0.0717 V          ; 0.209 V                             ; 0.168 V                             ; 6.66e-10 s                 ; 6.19e-10 s                 ; Yes                       ; No                        ;
; MIO5          ; 3.3-V LVTTL  ; 0 s                 ; 0 s                 ; 3.08 V                       ; 2.99e-06 V                   ; 3.11 V              ; -0.0717 V           ; 0.209 V                              ; 0.168 V                              ; 6.66e-10 s                  ; 6.19e-10 s                  ; Yes                        ; No                         ; 3.08 V                      ; 2.99e-06 V                  ; 3.11 V             ; -0.0717 V          ; 0.209 V                             ; 0.168 V                             ; 6.66e-10 s                 ; 6.19e-10 s                 ; Yes                       ; No                        ;
; MIO4          ; 3.3-V LVTTL  ; 0 s                 ; 0 s                 ; 3.08 V                       ; 2.99e-06 V                   ; 3.11 V              ; -0.0717 V           ; 0.209 V                              ; 0.168 V                              ; 6.66e-10 s                  ; 6.19e-10 s                  ; Yes                        ; No                         ; 3.08 V                      ; 2.99e-06 V                  ; 3.11 V             ; -0.0717 V          ; 0.209 V                             ; 0.168 V                             ; 6.66e-10 s                 ; 6.19e-10 s                 ; Yes                       ; No                        ;
; MIO2          ; 3.3-V LVTTL  ; 0 s                 ; 0 s                 ; 3.08 V                       ; 2.99e-06 V                   ; 3.11 V              ; -0.0717 V           ; 0.209 V                              ; 0.168 V                              ; 6.66e-10 s                  ; 6.19e-10 s                  ; Yes                        ; No                         ; 3.08 V                      ; 2.99e-06 V                  ; 3.11 V             ; -0.0717 V          ; 0.209 V                             ; 0.168 V                             ; 6.66e-10 s                 ; 6.19e-10 s                 ; Yes                       ; No                        ;
; LED[7]        ; 3.3-V LVTTL  ; 0 s                 ; 0 s                 ; 3.08 V                       ; 2e-06 V                      ; 3.08 V              ; -0.00666 V          ; 0.298 V                              ; 0.277 V                              ; 5.29e-09 s                  ; 4.2e-09 s                   ; Yes                        ; No                         ; 3.08 V                      ; 2e-06 V                     ; 3.08 V             ; -0.00666 V         ; 0.298 V                             ; 0.277 V                             ; 5.29e-09 s                 ; 4.2e-09 s                  ; Yes                       ; No                        ;
; LED[6]        ; 3.3-V LVTTL  ; 0 s                 ; 0 s                 ; 3.08 V                       ; 2e-06 V                      ; 3.13 V              ; -0.0781 V           ; 0.202 V                              ; 0.359 V                              ; 6.54e-10 s                  ; 5e-10 s                     ; No                         ; No                         ; 3.08 V                      ; 2e-06 V                     ; 3.13 V             ; -0.0781 V          ; 0.202 V                             ; 0.359 V                             ; 6.54e-10 s                 ; 5e-10 s                    ; No                        ; No                        ;
; LED[5]        ; 3.3-V LVTTL  ; 0 s                 ; 0 s                 ; 3.08 V                       ; 2e-06 V                      ; 3.08 V              ; -0.00666 V          ; 0.298 V                              ; 0.277 V                              ; 5.29e-09 s                  ; 4.2e-09 s                   ; Yes                        ; No                         ; 3.08 V                      ; 2e-06 V                     ; 3.08 V             ; -0.00666 V         ; 0.298 V                             ; 0.277 V                             ; 5.29e-09 s                 ; 4.2e-09 s                  ; Yes                       ; No                        ;
; LED[4]        ; 3.3-V LVTTL  ; 0 s                 ; 0 s                 ; 3.08 V                       ; 2e-06 V                      ; 3.12 V              ; -0.0547 V           ; 0.276 V                              ; 0.181 V                              ; 9.17e-10 s                  ; 8.31e-10 s                  ; Yes                        ; No                         ; 3.08 V                      ; 2e-06 V                     ; 3.12 V             ; -0.0547 V          ; 0.276 V                             ; 0.181 V                             ; 9.17e-10 s                 ; 8.31e-10 s                 ; Yes                       ; No                        ;
; LED[3]        ; 3.3-V LVTTL  ; 0 s                 ; 0 s                 ; 3.08 V                       ; 2.99e-06 V                   ; 3.11 V              ; -0.0717 V           ; 0.209 V                              ; 0.168 V                              ; 6.66e-10 s                  ; 6.19e-10 s                  ; Yes                        ; No                         ; 3.08 V                      ; 2.99e-06 V                  ; 3.11 V             ; -0.0717 V          ; 0.209 V                             ; 0.168 V                             ; 6.66e-10 s                 ; 6.19e-10 s                 ; Yes                       ; No                        ;
; LED[2]        ; 3.3-V LVTTL  ; 0 s                 ; 0 s                 ; 3.08 V                       ; 2.99e-06 V                   ; 3.11 V              ; -0.0717 V           ; 0.209 V                              ; 0.168 V                              ; 6.66e-10 s                  ; 6.19e-10 s                  ; Yes                        ; No                         ; 3.08 V                      ; 2.99e-06 V                  ; 3.11 V             ; -0.0717 V          ; 0.209 V                             ; 0.168 V                             ; 6.66e-10 s                 ; 6.19e-10 s                 ; Yes                       ; No                        ;
; LED[1]        ; 3.3-V LVTTL  ; 0 s                 ; 0 s                 ; 3.08 V                       ; 2.99e-06 V                   ; 3.11 V              ; -0.0717 V           ; 0.209 V                              ; 0.168 V                              ; 6.66e-10 s                  ; 6.19e-10 s                  ; Yes                        ; No                         ; 3.08 V                      ; 2.99e-06 V                  ; 3.11 V             ; -0.0717 V          ; 0.209 V                             ; 0.168 V                             ; 6.66e-10 s                 ; 6.19e-10 s                 ; Yes                       ; No                        ;
; LED[0]        ; 3.3-V LVTTL  ; 0 s                 ; 0 s                 ; 3.08 V                       ; 2.99e-06 V                   ; 3.11 V              ; -0.0717 V           ; 0.209 V                              ; 0.168 V                              ; 6.66e-10 s                  ; 6.19e-10 s                  ; Yes                        ; No                         ; 3.08 V                      ; 2.99e-06 V                  ; 3.11 V             ; -0.0717 V          ; 0.209 V                             ; 0.168 V                             ; 6.66e-10 s                 ; 6.19e-10 s                 ; Yes                       ; No                        ;
; ~ALTERA_DCLK~ ; 3.3-V LVTTL  ; 0 s                 ; 0 s                 ; 3.08 V                       ; 1.02e-06 V                   ; 3.14 V              ; -0.123 V            ; 0.134 V                              ; 0.323 V                              ; 3.02e-10 s                  ; 2.85e-10 s                  ; Yes                        ; No                         ; 3.08 V                      ; 1.02e-06 V                  ; 3.14 V             ; -0.123 V           ; 0.134 V                             ; 0.323 V                             ; 3.02e-10 s                 ; 2.85e-10 s                 ; Yes                       ; No                        ;
; ~ALTERA_nCEO~ ; 2.5 V        ; 0 s                 ; 0 s                 ; 2.32 V                       ; 9.45e-07 V                   ; 2.35 V              ; -0.00643 V          ; 0.081 V                              ; 0.031 V                              ; 5.31e-10 s                  ; 7.59e-10 s                  ; Yes                        ; Yes                        ; 2.32 V                      ; 9.45e-07 V                  ; 2.35 V             ; -0.00643 V         ; 0.081 V                             ; 0.031 V                             ; 5.31e-10 s                 ; 7.59e-10 s                 ; Yes                       ; Yes                       ;
+---------------+--------------+---------------------+---------------------+------------------------------+------------------------------+---------------------+---------------------+--------------------------------------+--------------------------------------+-----------------------------+-----------------------------+----------------------------+----------------------------+-----------------------------+-----------------------------+--------------------+--------------------+-------------------------------------+-------------------------------------+----------------------------+----------------------------+---------------------------+---------------------------+


+--------------------------------------------------------------------------------------------------------------------------------------------------------------------------------------------------------------------------------------------------------------------------------------------------------------------------------------------------------------------------------------------------------------------------------------------------------------------------------------------------------------------------------------------------------------------------------------------------------------------------------------------------------------------------------------------+
; Signal Integrity Metrics (Fast 1200mv 0c Model)                                                                                                                                                                                                                                                                                                                                                                                                                                                                                                                                                                                                                                            ;
+---------------+--------------+---------------------+---------------------+------------------------------+------------------------------+---------------------+---------------------+--------------------------------------+--------------------------------------+-----------------------------+-----------------------------+----------------------------+----------------------------+-----------------------------+-----------------------------+--------------------+--------------------+-------------------------------------+-------------------------------------+----------------------------+----------------------------+---------------------------+---------------------------+
; Pin           ; I/O Standard ; Board Delay on Rise ; Board Delay on Fall ; Steady State Voh at FPGA Pin ; Steady State Vol at FPGA Pin ; Voh Max at FPGA Pin ; Vol Min at FPGA Pin ; Ringback Voltage on Rise at FPGA Pin ; Ringback Voltage on Fall at FPGA Pin ; 10-90 Rise Time at FPGA Pin ; 90-10 Fall Time at FPGA Pin ; Monotonic Rise at FPGA Pin ; Monotonic Fall at FPGA Pin ; Steady State Voh at Far-end ; Steady State Vol at Far-end ; Voh Max at Far-end ; Vol Min at Far-end ; Ringback Voltage on Rise at Far-end ; Ringback Voltage on Fall at Far-end ; 10-90 Rise Time at Far-end ; 90-10 Fall Time at Far-end ; Monotonic Rise at Far-end ; Monotonic Fall at Far-end ;
+---------------+--------------+---------------------+---------------------+------------------------------+------------------------------+---------------------+---------------------+--------------------------------------+--------------------------------------+-----------------------------+-----------------------------+----------------------------+----------------------------+-----------------------------+-----------------------------+--------------------+--------------------+-------------------------------------+-------------------------------------+----------------------------+----------------------------+---------------------------+---------------------------+
; MIO0          ; 3.3-V LVTTL  ; 0 s                 ; 0 s                 ; 3.46 V                       ; 1.85e-07 V                   ; 3.57 V              ; -0.141 V            ; 0.301 V                              ; 0.239 V                              ; 4.61e-10 s                  ; 4.2e-10 s                   ; No                         ; No                         ; 3.46 V                      ; 1.85e-07 V                  ; 3.57 V             ; -0.141 V           ; 0.301 V                             ; 0.239 V                             ; 4.61e-10 s                 ; 4.2e-10 s                  ; No                        ; No                        ;
; MIO3          ; 3.3-V LVTTL  ; 0 s                 ; 0 s                 ; 3.46 V                       ; 1.85e-07 V                   ; 3.57 V              ; -0.141 V            ; 0.301 V                              ; 0.239 V                              ; 4.61e-10 s                  ; 4.2e-10 s                   ; No                         ; No                         ; 3.46 V                      ; 1.85e-07 V                  ; 3.57 V             ; -0.141 V           ; 0.301 V                             ; 0.239 V                             ; 4.61e-10 s                 ; 4.2e-10 s                  ; No                        ; No                        ;
; MIO5          ; 3.3-V LVTTL  ; 0 s                 ; 0 s                 ; 3.46 V                       ; 1.85e-07 V                   ; 3.57 V              ; -0.141 V            ; 0.301 V                              ; 0.239 V                              ; 4.61e-10 s                  ; 4.2e-10 s                   ; No                         ; No                         ; 3.46 V                      ; 1.85e-07 V                  ; 3.57 V             ; -0.141 V           ; 0.301 V                             ; 0.239 V                             ; 4.61e-10 s                 ; 4.2e-10 s                  ; No                        ; No                        ;
; MIO4          ; 3.3-V LVTTL  ; 0 s                 ; 0 s                 ; 3.46 V                       ; 1.85e-07 V                   ; 3.57 V              ; -0.141 V            ; 0.301 V                              ; 0.239 V                              ; 4.61e-10 s                  ; 4.2e-10 s                   ; No                         ; No                         ; 3.46 V                      ; 1.85e-07 V                  ; 3.57 V             ; -0.141 V           ; 0.301 V                             ; 0.239 V                             ; 4.61e-10 s                 ; 4.2e-10 s                  ; No                        ; No                        ;
; MIO2          ; 3.3-V LVTTL  ; 0 s                 ; 0 s                 ; 3.46 V                       ; 1.85e-07 V                   ; 3.57 V              ; -0.141 V            ; 0.301 V                              ; 0.239 V                              ; 4.61e-10 s                  ; 4.2e-10 s                   ; No                         ; No                         ; 3.46 V                      ; 1.85e-07 V                  ; 3.57 V             ; -0.141 V           ; 0.301 V                             ; 0.239 V                             ; 4.61e-10 s                 ; 4.2e-10 s                  ; No                        ; No                        ;
; LED[7]        ; 3.3-V LVTTL  ; 0 s                 ; 0 s                 ; 3.46 V                       ; 1.25e-07 V                   ; 3.48 V              ; -0.0162 V           ; 0.354 V                              ; 0.317 V                              ; 3.88e-09 s                  ; 3.06e-09 s                  ; No                         ; No                         ; 3.46 V                      ; 1.25e-07 V                  ; 3.48 V             ; -0.0162 V          ; 0.354 V                             ; 0.317 V                             ; 3.88e-09 s                 ; 3.06e-09 s                 ; No                        ; No                        ;
; LED[6]        ; 3.3-V LVTTL  ; 0 s                 ; 0 s                 ; 3.46 V                       ; 1.25e-07 V                   ; 3.6 V               ; -0.127 V            ; 0.302 V                              ; 0.21 V                               ; 4.55e-10 s                  ; 4.11e-10 s                  ; No                         ; No                         ; 3.46 V                      ; 1.25e-07 V                  ; 3.6 V              ; -0.127 V           ; 0.302 V                             ; 0.21 V                              ; 4.55e-10 s                 ; 4.11e-10 s                 ; No                        ; No                        ;
; LED[5]        ; 3.3-V LVTTL  ; 0 s                 ; 0 s                 ; 3.46 V                       ; 1.25e-07 V                   ; 3.48 V              ; -0.0162 V           ; 0.354 V                              ; 0.317 V                              ; 3.88e-09 s                  ; 3.06e-09 s                  ; No                         ; No                         ; 3.46 V                      ; 1.25e-07 V                  ; 3.48 V             ; -0.0162 V          ; 0.354 V                             ; 0.317 V                             ; 3.88e-09 s                 ; 3.06e-09 s                 ; No                        ; No                        ;
; LED[4]        ; 3.3-V LVTTL  ; 0 s                 ; 0 s                 ; 3.46 V                       ; 1.25e-07 V                   ; 3.57 V              ; -0.0855 V           ; 0.315 V                              ; 0.175 V                              ; 6.79e-10 s                  ; 6.15e-10 s                  ; No                         ; No                         ; 3.46 V                      ; 1.25e-07 V                  ; 3.57 V             ; -0.0855 V          ; 0.315 V                             ; 0.175 V                             ; 6.79e-10 s                 ; 6.15e-10 s                 ; No                        ; No                        ;
; LED[3]        ; 3.3-V LVTTL  ; 0 s                 ; 0 s                 ; 3.46 V                       ; 1.85e-07 V                   ; 3.57 V              ; -0.141 V            ; 0.301 V                              ; 0.239 V                              ; 4.61e-10 s                  ; 4.2e-10 s                   ; No                         ; No                         ; 3.46 V                      ; 1.85e-07 V                  ; 3.57 V             ; -0.141 V           ; 0.301 V                             ; 0.239 V                             ; 4.61e-10 s                 ; 4.2e-10 s                  ; No                        ; No                        ;
; LED[2]        ; 3.3-V LVTTL  ; 0 s                 ; 0 s                 ; 3.46 V                       ; 1.85e-07 V                   ; 3.57 V              ; -0.141 V            ; 0.301 V                              ; 0.239 V                              ; 4.61e-10 s                  ; 4.2e-10 s                   ; No                         ; No                         ; 3.46 V                      ; 1.85e-07 V                  ; 3.57 V             ; -0.141 V           ; 0.301 V                             ; 0.239 V                             ; 4.61e-10 s                 ; 4.2e-10 s                  ; No                        ; No                        ;
; LED[1]        ; 3.3-V LVTTL  ; 0 s                 ; 0 s                 ; 3.46 V                       ; 1.85e-07 V                   ; 3.57 V              ; -0.141 V            ; 0.301 V                              ; 0.239 V                              ; 4.61e-10 s                  ; 4.2e-10 s                   ; No                         ; No                         ; 3.46 V                      ; 1.85e-07 V                  ; 3.57 V             ; -0.141 V           ; 0.301 V                             ; 0.239 V                             ; 4.61e-10 s                 ; 4.2e-10 s                  ; No                        ; No                        ;
; LED[0]        ; 3.3-V LVTTL  ; 0 s                 ; 0 s                 ; 3.46 V                       ; 1.85e-07 V                   ; 3.57 V              ; -0.141 V            ; 0.301 V                              ; 0.239 V                              ; 4.61e-10 s                  ; 4.2e-10 s                   ; No                         ; No                         ; 3.46 V                      ; 1.85e-07 V                  ; 3.57 V             ; -0.141 V           ; 0.301 V                             ; 0.239 V                             ; 4.61e-10 s                 ; 4.2e-10 s                  ; No                        ; No                        ;
; ~ALTERA_DCLK~ ; 3.3-V LVTTL  ; 0 s                 ; 0 s                 ; 3.46 V                       ; 6.54e-08 V                   ; 3.66 V              ; -0.26 V             ; 0.41 V                               ; 0.32 V                               ; 1.57e-10 s                  ; 2.15e-10 s                  ; No                         ; Yes                        ; 3.46 V                      ; 6.54e-08 V                  ; 3.66 V             ; -0.26 V            ; 0.41 V                              ; 0.32 V                              ; 1.57e-10 s                 ; 2.15e-10 s                 ; No                        ; Yes                       ;
; ~ALTERA_nCEO~ ; 2.5 V        ; 0 s                 ; 0 s                 ; 2.62 V                       ; 3.54e-08 V                   ; 2.7 V               ; -0.00943 V          ; 0.276 V                              ; 0.035 V                              ; 3.19e-10 s                  ; 4.99e-10 s                  ; No                         ; Yes                        ; 2.62 V                      ; 3.54e-08 V                  ; 2.7 V              ; -0.00943 V         ; 0.276 V                             ; 0.035 V                             ; 3.19e-10 s                 ; 4.99e-10 s                 ; No                        ; Yes                       ;
+---------------+--------------+---------------------+---------------------+------------------------------+------------------------------+---------------------+---------------------+--------------------------------------+--------------------------------------+-----------------------------+-----------------------------+----------------------------+----------------------------+-----------------------------+-----------------------------+--------------------+--------------------+-------------------------------------+-------------------------------------+----------------------------+----------------------------+---------------------------+---------------------------+


+-------------------------------------------------------------------+
; Setup Transfers                                                   ;
+------------+----------+----------+----------+----------+----------+
; From Clock ; To Clock ; RR Paths ; FR Paths ; RF Paths ; FF Paths ;
+------------+----------+----------+----------+----------+----------+
; CLOCK_50   ; CLOCK_50 ; 351      ; 0        ; 0        ; 0        ;
+------------+----------+----------+----------+----------+----------+
Entries labeled "false path" only account for clock-to-clock false paths and not path-based false paths. As a result, actual path counts may be lower than reported.


+-------------------------------------------------------------------+
; Hold Transfers                                                    ;
+------------+----------+----------+----------+----------+----------+
; From Clock ; To Clock ; RR Paths ; FR Paths ; RF Paths ; FF Paths ;
+------------+----------+----------+----------+----------+----------+
; CLOCK_50   ; CLOCK_50 ; 351      ; 0        ; 0        ; 0        ;
+------------+----------+----------+----------+----------+----------+
Entries labeled "false path" only account for clock-to-clock false paths and not path-based false paths. As a result, actual path counts may be lower than reported.


---------------
; Report TCCS ;
---------------
No dedicated SERDES Transmitter circuitry present in device or used in design


---------------
; Report RSKM ;
---------------
No non-DPA dedicated SERDES Receiver circuitry present in device or used in design


+------------------------------------------------+
; Unconstrained Paths Summary                    ;
+---------------------------------+-------+------+
; Property                        ; Setup ; Hold ;
+---------------------------------+-------+------+
; Illegal Clocks                  ; 0     ; 0    ;
; Unconstrained Clocks            ; 2     ; 2    ;
; Unconstrained Input Ports       ; 2     ; 2    ;
; Unconstrained Input Port Paths  ; 14    ; 14   ;
; Unconstrained Output Ports      ; 13    ; 13   ;
; Unconstrained Output Port Paths ; 14    ; 14   ;
+---------------------------------+-------+------+


+--------------------------------------------+
; Clock Status Summary                       ;
+----------+----------+------+---------------+
; Target   ; Clock    ; Type ; Status        ;
+----------+----------+------+---------------+
; CLOCK_50 ; CLOCK_50 ; Base ; Constrained   ;
; KEY[1]   ;          ; Base ; Unconstrained ;
; MIO1     ;          ; Base ; Unconstrained ;
+----------+----------+------+---------------+


+---------------------------------------------------------------------------------------------------+
; Unconstrained Input Ports                                                                         ;
+------------+--------------------------------------------------------------------------------------+
; Input Port ; Comment                                                                              ;
+------------+--------------------------------------------------------------------------------------+
; KEY[0]     ; No input delay, min/max delays, false-path exceptions, or max skew assignments found ;
; MIO1       ; No input delay, min/max delays, false-path exceptions, or max skew assignments found ;
+------------+--------------------------------------------------------------------------------------+


+-----------------------------------------------------------------------------------------------------+
; Unconstrained Output Ports                                                                          ;
+-------------+---------------------------------------------------------------------------------------+
; Output Port ; Comment                                                                               ;
+-------------+---------------------------------------------------------------------------------------+
; LED[0]      ; No output delay, min/max delays, false-path exceptions, or max skew assignments found ;
; LED[1]      ; No output delay, min/max delays, false-path exceptions, or max skew assignments found ;
; LED[2]      ; No output delay, min/max delays, false-path exceptions, or max skew assignments found ;
; LED[3]      ; No output delay, min/max delays, false-path exceptions, or max skew assignments found ;
; LED[4]      ; No output delay, min/max delays, false-path exceptions, or max skew assignments found ;
; LED[5]      ; No output delay, min/max delays, false-path exceptions, or max skew assignments found ;
; LED[6]      ; No output delay, min/max delays, false-path exceptions, or max skew assignments found ;
; LED[7]      ; No output delay, min/max delays, false-path exceptions, or max skew assignments found ;
; MIO0        ; No output delay, min/max delays, false-path exceptions, or max skew assignments found ;
; MIO2        ; No output delay, min/max delays, false-path exceptions, or max skew assignments found ;
; MIO3        ; No output delay, min/max delays, false-path exceptions, or max skew assignments found ;
; MIO4        ; No output delay, min/max delays, false-path exceptions, or max skew assignments found ;
; MIO5        ; No output delay, min/max delays, false-path exceptions, or max skew assignments found ;
+-------------+---------------------------------------------------------------------------------------+


+---------------------------------------------------------------------------------------------------+
; Unconstrained Input Ports                                                                         ;
+------------+--------------------------------------------------------------------------------------+
; Input Port ; Comment                                                                              ;
+------------+--------------------------------------------------------------------------------------+
; KEY[0]     ; No input delay, min/max delays, false-path exceptions, or max skew assignments found ;
; MIO1       ; No input delay, min/max delays, false-path exceptions, or max skew assignments found ;
+------------+--------------------------------------------------------------------------------------+


+-----------------------------------------------------------------------------------------------------+
; Unconstrained Output Ports                                                                          ;
+-------------+---------------------------------------------------------------------------------------+
; Output Port ; Comment                                                                               ;
+-------------+---------------------------------------------------------------------------------------+
; LED[0]      ; No output delay, min/max delays, false-path exceptions, or max skew assignments found ;
; LED[1]      ; No output delay, min/max delays, false-path exceptions, or max skew assignments found ;
; LED[2]      ; No output delay, min/max delays, false-path exceptions, or max skew assignments found ;
; LED[3]      ; No output delay, min/max delays, false-path exceptions, or max skew assignments found ;
; LED[4]      ; No output delay, min/max delays, false-path exceptions, or max skew assignments found ;
; LED[5]      ; No output delay, min/max delays, false-path exceptions, or max skew assignments found ;
; LED[6]      ; No output delay, min/max delays, false-path exceptions, or max skew assignments found ;
; LED[7]      ; No output delay, min/max delays, false-path exceptions, or max skew assignments found ;
; MIO0        ; No output delay, min/max delays, false-path exceptions, or max skew assignments found ;
; MIO2        ; No output delay, min/max delays, false-path exceptions, or max skew assignments found ;
; MIO3        ; No output delay, min/max delays, false-path exceptions, or max skew assignments found ;
; MIO4        ; No output delay, min/max delays, false-path exceptions, or max skew assignments found ;
; MIO5        ; No output delay, min/max delays, false-path exceptions, or max skew assignments found ;
+-------------+---------------------------------------------------------------------------------------+


+--------------------------+
; Timing Analyzer Messages ;
+--------------------------+
Info: *******************************************************************
Info: Running Quartus Prime Timing Analyzer
    Info: Version 22.1std.1 Build 917 02/14/2023 SC Lite Edition
    Info: Processing started: Wed May 20 15:25:27 2026
Info: Command: quartus_sta Lab3_Stud -c Lab3_Stud
Info: qsta_default_script.tcl version: #1
Warning (18236): Number of processors has not been specified which may cause overloading on shared machines.  Set the global assignment NUM_PARALLEL_PROCESSORS in your QSF to an appropriate value for best performance.
Info (20030): Parallel compilation is enabled and will use 16 of the 20 processors detected
Info (21076): High junction temperature operating condition is not set. Assuming a default value of '85'.
Info (21076): Low junction temperature operating condition is not set. Assuming a default value of '0'.
Info (332104): Reading SDC File: 'Lab3_Stud.SDC'
Info (332151): Clock uncertainty is not calculated until you update the timing netlist.
Warning (332060): Node: KEY[1] was determined to be a clock but was found without an associated clock assignment.
    Info (13166): Register 7474:inst31|10 is being clocked by KEY[1]
Warning (332060): Node: MIO1 was determined to be a clock but was found without an associated clock assignment.
    Info (13166): Register 74164:inst32|7 is being clocked by MIO1
Info (332123): Deriving Clock Uncertainty. Please refer to report_sdc in the Timing Analyzer to see clock uncertainties.
Info: Found TIMING_ANALYZER_REPORT_SCRIPT_INCLUDE_DEFAULT_ANALYSIS = ON
Info: Analyzing Slow 1200mV 85C Model
Info (332146): Worst-case setup slack is 17.159
    Info (332119):     Slack       End Point TNS Clock 
    Info (332119): ========= =================== =====================
    Info (332119):    17.159               0.000 CLOCK_50 
Info (332146): Worst-case hold slack is 0.395
    Info (332119):     Slack       End Point TNS Clock 
    Info (332119): ========= =================== =====================
    Info (332119):     0.395               0.000 CLOCK_50 
Info (332140): No Recovery paths to report
Info (332140): No Removal paths to report
Info (332146): Worst-case minimum pulse width slack is 9.597
    Info (332119):     Slack       End Point TNS Clock 
    Info (332119): ========= =================== =====================
    Info (332119):     9.597               0.000 CLOCK_50 
Warning (18330): Ignoring Synchronizer Identification setting Off, and using Auto instead.
Info: Analyzing Slow 1200mV 0C Model
Info (334003): Started post-fitting delay annotation
Info (334004): Delay annotation completed successfully
Warning (332060): Node: KEY[1] was determined to be a clock but was found without an associated clock assignment.
    Info (13166): Register 7474:inst31|10 is being clocked by KEY[1]
Warning (332060): Node: MIO1 was determined to be a clock but was found without an associated clock assignment.
    Info (13166): Register 74164:inst32|7 is being clocked by MIO1
Info (332123): Deriving Clock Uncertainty. Please refer to report_sdc in the Timing Analyzer to see clock uncertainties.
Info (332146): Worst-case setup slack is 17.509
    Info (332119):     Slack       End Point TNS Clock 
    Info (332119): ========= =================== =====================
    Info (332119):    17.509               0.000 CLOCK_50 
Info (332146): Worst-case hold slack is 0.323
    Info (332119):     Slack       End Point TNS Clock 
    Info (332119): ========= =================== =====================
    Info (332119):     0.323               0.000 CLOCK_50 
Info (332140): No Recovery paths to report
Info (332140): No Removal paths to report
Info (332146): Worst-case minimum pulse width slack is 9.597
    Info (332119):     Slack       End Point TNS Clock 
    Info (332119): ========= =================== =====================
    Info (332119):     9.597               0.000 CLOCK_50 
Warning (18330): Ignoring Synchronizer Identification setting Off, and using Auto instead.
Info: Analyzing Fast 1200mV 0C Model
Warning (332060): Node: KEY[1] was determined to be a clock but was found without an associated clock assignment.
    Info (13166): Register 7474:inst31|10 is being clocked by KEY[1]
Warning (332060): Node: MIO1 was determined to be a clock but was found without an associated clock assignment.
    Info (13166): Register 74164:inst32|7 is being clocked by MIO1
Info (332123): Deriving Clock Uncertainty. Please refer to report_sdc in the Timing Analyzer to see clock uncertainties.
Info (332146): Worst-case setup slack is 18.379
    Info (332119):     Slack       End Point TNS Clock 
    Info (332119): ========= =================== =====================
    Info (332119):    18.379               0.000 CLOCK_50 
Info (332146): Worst-case hold slack is 0.137
    Info (332119):     Slack       End Point TNS Clock 
    Info (332119): ========= =================== =====================
    Info (332119):     0.137               0.000 CLOCK_50 
Info (332140): No Recovery paths to report
Info (332140): No Removal paths to report
Info (332146): Worst-case minimum pulse width slack is 9.273
    Info (332119):     Slack       End Point TNS Clock 
    Info (332119): ========= =================== =====================
    Info (332119):     9.273               0.000 CLOCK_50 
Warning (18330): Ignoring Synchronizer Identification setting Off, and using Auto instead.
Info (332102): Design is not fully constrained for setup requirements
Info (332102): Design is not fully constrained for hold requirements
Info: Quartus Prime Timing Analyzer was successful. 0 errors, 10 warnings
    Info: Peak virtual memory: 4933 megabytes
    Info: Processing ended: Wed May 20 15:25:31 2026
    Info: Elapsed time: 00:00:04
    Info: Total CPU time (on all processors): 00:00:02


