Timing Analyzer report for Lab3_Stud
Mon May 18 16:15:53 2026
Quartus Prime Version 25.1std.0 Build 1129 10/21/2025 SC Lite Edition


---------------------
; Table of Contents ;
---------------------
  1. Legal Notice
  2. Timing Analyzer Summary
  3. Parallel Compilation
  4. Clocks
  5. Slow 1200mV 85C Model Fmax Summary
  6. Timing Closure Recommendations
  7. Slow 1200mV 85C Model Setup Summary
  8. Slow 1200mV 85C Model Hold Summary
  9. Slow 1200mV 85C Model Recovery Summary
 10. Slow 1200mV 85C Model Removal Summary
 11. Slow 1200mV 85C Model Minimum Pulse Width Summary
 12. Slow 1200mV 85C Model Setup: 'CLOCK_50'
 13. Slow 1200mV 85C Model Setup: 'MIO1'
 14. Slow 1200mV 85C Model Setup: 'lpm_counter:inst6|cntr_f3g:auto_generated|counter_reg_bit[25]'
 15. Slow 1200mV 85C Model Hold: 'MIO1'
 16. Slow 1200mV 85C Model Hold: 'lpm_counter:inst6|cntr_f3g:auto_generated|counter_reg_bit[25]'
 17. Slow 1200mV 85C Model Hold: 'CLOCK_50'
 18. Slow 1200mV 85C Model Recovery: 'KEY[1]'
 19. Slow 1200mV 85C Model Recovery: 'lpm_counter:inst6|cntr_f3g:auto_generated|counter_reg_bit[25]'
 20. Slow 1200mV 85C Model Removal: 'lpm_counter:inst6|cntr_f3g:auto_generated|counter_reg_bit[25]'
 21. Slow 1200mV 85C Model Removal: 'KEY[1]'
 22. Slow 1200mV 85C Model Metastability Summary
 23. Slow 1200mV 0C Model Fmax Summary
 24. Slow 1200mV 0C Model Setup Summary
 25. Slow 1200mV 0C Model Hold Summary
 26. Slow 1200mV 0C Model Recovery Summary
 27. Slow 1200mV 0C Model Removal Summary
 28. Slow 1200mV 0C Model Minimum Pulse Width Summary
 29. Slow 1200mV 0C Model Setup: 'CLOCK_50'
 30. Slow 1200mV 0C Model Setup: 'MIO1'
 31. Slow 1200mV 0C Model Setup: 'lpm_counter:inst6|cntr_f3g:auto_generated|counter_reg_bit[25]'
 32. Slow 1200mV 0C Model Hold: 'MIO1'
 33. Slow 1200mV 0C Model Hold: 'lpm_counter:inst6|cntr_f3g:auto_generated|counter_reg_bit[25]'
 34. Slow 1200mV 0C Model Hold: 'CLOCK_50'
 35. Slow 1200mV 0C Model Recovery: 'KEY[1]'
 36. Slow 1200mV 0C Model Recovery: 'lpm_counter:inst6|cntr_f3g:auto_generated|counter_reg_bit[25]'
 37. Slow 1200mV 0C Model Removal: 'lpm_counter:inst6|cntr_f3g:auto_generated|counter_reg_bit[25]'
 38. Slow 1200mV 0C Model Removal: 'KEY[1]'
 39. Slow 1200mV 0C Model Metastability Summary
 40. Fast 1200mV 0C Model Setup Summary
 41. Fast 1200mV 0C Model Hold Summary
 42. Fast 1200mV 0C Model Recovery Summary
 43. Fast 1200mV 0C Model Removal Summary
 44. Fast 1200mV 0C Model Minimum Pulse Width Summary
 45. Fast 1200mV 0C Model Setup: 'CLOCK_50'
 46. Fast 1200mV 0C Model Setup: 'MIO1'
 47. Fast 1200mV 0C Model Setup: 'lpm_counter:inst6|cntr_f3g:auto_generated|counter_reg_bit[25]'
 48. Fast 1200mV 0C Model Hold: 'MIO1'
 49. Fast 1200mV 0C Model Hold: 'lpm_counter:inst6|cntr_f3g:auto_generated|counter_reg_bit[25]'
 50. Fast 1200mV 0C Model Hold: 'CLOCK_50'
 51. Fast 1200mV 0C Model Recovery: 'KEY[1]'
 52. Fast 1200mV 0C Model Recovery: 'lpm_counter:inst6|cntr_f3g:auto_generated|counter_reg_bit[25]'
 53. Fast 1200mV 0C Model Removal: 'lpm_counter:inst6|cntr_f3g:auto_generated|counter_reg_bit[25]'
 54. Fast 1200mV 0C Model Removal: 'KEY[1]'
 55. Fast 1200mV 0C Model Metastability Summary
 56. Multicorner Timing Analysis Summary
 57. Board Trace Model Assignments
 58. Input Transition Times
 59. Signal Integrity Metrics (Slow 1200mv 0c Model)
 60. Signal Integrity Metrics (Slow 1200mv 85c Model)
 61. Signal Integrity Metrics (Fast 1200mv 0c Model)
 62. Setup Transfers
 63. Hold Transfers
 64. Recovery Transfers
 65. Removal Transfers
 66. Report TCCS
 67. Report RSKM
 68. Unconstrained Paths Summary
 69. Clock Status Summary
 70. Unconstrained Input Ports
 71. Unconstrained Output Ports
 72. Unconstrained Input Ports
 73. Unconstrained Output Ports
 74. Timing Analyzer Messages



----------------
; Legal Notice ;
----------------
Copyright (C) 2025  Altera Corporation. All rights reserved.
Your use of Altera Corporation's design tools, logic functions 
and other software and tools, and any partner logic 
functions, and any output files from any of the foregoing 
(including device programming or simulation files), and any 
associated documentation or information are expressly subject 
to the terms and conditions of the Altera Program License 
Subscription Agreement, the Altera Quartus Prime License Agreement,
the Altera IP License Agreement, or other applicable license
agreement, including, without limitation, that your use is for
the sole purpose of programming logic devices manufactured by
Altera and sold by Altera or its authorized distributors.  Please
refer to the Altera Software License Subscription Agreements 
on the Quartus Prime software download page.



+---------------------------------------------------------------------------------+
; Timing Analyzer Summary                                                         ;
+-----------------------+---------------------------------------------------------+
; Quartus Prime Version ; Version 25.1std.0 Build 1129 10/21/2025 SC Lite Edition ;
; Timing Analyzer       ; Legacy Timing Analyzer                                  ;
; Revision Name         ; Lab3_Stud                                               ;
; Device Family         ; Cyclone IV E                                            ;
; Device Name           ; EP4CE22F17C6                                            ;
; Timing Models         ; Final                                                   ;
; Delay Model           ; Combined                                                ;
; Rise/Fall Delays      ; Enabled                                                 ;
+-----------------------+---------------------------------------------------------+


+------------------------------------------+
; Parallel Compilation                     ;
+----------------------------+-------------+
; Processors                 ; Number      ;
+----------------------------+-------------+
; Number detected on machine ; 32          ;
; Maximum allowed            ; 16          ;
;                            ;             ;
; Average used               ; 1.03        ;
; Maximum used               ; 16          ;
;                            ;             ;
; Usage by Processor         ; % Time Used ;
;     Processor 1            ; 100.0%      ;
;     Processor 2            ;   0.3%      ;
;     Processor 3            ;   0.3%      ;
;     Processor 4            ;   0.3%      ;
;     Processors 5-16        ;   0.2%      ;
+----------------------------+-------------+


+----------------------------------------------------------------------------------------------------------------------------------------------------------------------------------------------------------------------------------------------------------------------------------------------+
; Clocks                                                                                                                                                                                                                                                                                       ;
+---------------------------------------------------------------+------+--------+------------+-------+-------+------------+-----------+-------------+-------+--------+-----------+------------+----------+--------+--------+-------------------------------------------------------------------+
; Clock Name                                                    ; Type ; Period ; Frequency  ; Rise  ; Fall  ; Duty Cycle ; Divide by ; Multiply by ; Phase ; Offset ; Edge List ; Edge Shift ; Inverted ; Master ; Source ; Targets                                                           ;
+---------------------------------------------------------------+------+--------+------------+-------+-------+------------+-----------+-------------+-------+--------+-----------+------------+----------+--------+--------+-------------------------------------------------------------------+
; CLOCK_50                                                      ; Base ; 1.000  ; 1000.0 MHz ; 0.000 ; 0.500 ;            ;           ;             ;       ;        ;           ;            ;          ;        ;        ; { CLOCK_50 }                                                      ;
; KEY[1]                                                        ; Base ; 1.000  ; 1000.0 MHz ; 0.000 ; 0.500 ;            ;           ;             ;       ;        ;           ;            ;          ;        ;        ; { KEY[1] }                                                        ;
; lpm_counter:inst6|cntr_f3g:auto_generated|counter_reg_bit[25] ; Base ; 1.000  ; 1000.0 MHz ; 0.000 ; 0.500 ;            ;           ;             ;       ;        ;           ;            ;          ;        ;        ; { lpm_counter:inst6|cntr_f3g:auto_generated|counter_reg_bit[25] } ;
; MIO1                                                          ; Base ; 1.000  ; 1000.0 MHz ; 0.000 ; 0.500 ;            ;           ;             ;       ;        ;           ;            ;          ;        ;        ; { MIO1 }                                                          ;
+---------------------------------------------------------------+------+--------+------------+-------+-------+------------+-----------+-------------+-------+--------+-----------+------------+----------+--------+--------+-------------------------------------------------------------------+


+---------------------------------------------------------------------------------------------------------------------------------------------------------------+
; Slow 1200mV 85C Model Fmax Summary                                                                                                                            ;
+-------------+-----------------+---------------------------------------------------------------+---------------------------------------------------------------+
; Fmax        ; Restricted Fmax ; Clock Name                                                    ; Note                                                          ;
+-------------+-----------------+---------------------------------------------------------------+---------------------------------------------------------------+
; 352.61 MHz  ; 250.0 MHz       ; CLOCK_50                                                      ; limit due to minimum period restriction (max I/O toggle rate) ;
; 1003.01 MHz ; 250.0 MHz       ; MIO1                                                          ; limit due to minimum period restriction (max I/O toggle rate) ;
; 1090.51 MHz ; 500.0 MHz       ; lpm_counter:inst6|cntr_f3g:auto_generated|counter_reg_bit[25] ; limit due to minimum period restriction (tmin)                ;
+-------------+-----------------+---------------------------------------------------------------+---------------------------------------------------------------+
This panel reports FMAX for every clock in the design, regardless of the user-specified clock periods.  FMAX is only computed for paths where the source and destination registers or ports are driven by the same clock.  Paths of different clocks, including generated clocks, are ignored.  For paths between a clock and its inversion, FMAX is computed as if the rising and falling edges are scaled along with FMAX, such that the duty cycle (in terms of a percentage) is maintained. Altera recommends that you always use clock constraints and other slack reports for sign-off analysis.


----------------------------------
; Timing Closure Recommendations ;
----------------------------------
HTML report is unavailable in plain text report export.


+----------------------------------------------------------------------------------------+
; Slow 1200mV 85C Model Setup Summary                                                    ;
+---------------------------------------------------------------+--------+---------------+
; Clock                                                         ; Slack  ; End Point TNS ;
+---------------------------------------------------------------+--------+---------------+
; CLOCK_50                                                      ; -1.836 ; -25.760       ;
; MIO1                                                          ; 0.003  ; 0.000         ;
; lpm_counter:inst6|cntr_f3g:auto_generated|counter_reg_bit[25] ; 0.083  ; 0.000         ;
+---------------------------------------------------------------+--------+---------------+


+---------------------------------------------------------------------------------------+
; Slow 1200mV 85C Model Hold Summary                                                    ;
+---------------------------------------------------------------+-------+---------------+
; Clock                                                         ; Slack ; End Point TNS ;
+---------------------------------------------------------------+-------+---------------+
; MIO1                                                          ; 0.382 ; 0.000         ;
; lpm_counter:inst6|cntr_f3g:auto_generated|counter_reg_bit[25] ; 0.392 ; 0.000         ;
; CLOCK_50                                                      ; 0.469 ; 0.000         ;
+---------------------------------------------------------------+-------+---------------+


+----------------------------------------------------------------------------------------+
; Slow 1200mV 85C Model Recovery Summary                                                 ;
+---------------------------------------------------------------+--------+---------------+
; Clock                                                         ; Slack  ; End Point TNS ;
+---------------------------------------------------------------+--------+---------------+
; KEY[1]                                                        ; -0.746 ; -0.746        ;
; lpm_counter:inst6|cntr_f3g:auto_generated|counter_reg_bit[25] ; -0.340 ; -0.340        ;
+---------------------------------------------------------------+--------+---------------+


+---------------------------------------------------------------------------------------+
; Slow 1200mV 85C Model Removal Summary                                                 ;
+---------------------------------------------------------------+-------+---------------+
; Clock                                                         ; Slack ; End Point TNS ;
+---------------------------------------------------------------+-------+---------------+
; lpm_counter:inst6|cntr_f3g:auto_generated|counter_reg_bit[25] ; 0.914 ; 0.000         ;
; KEY[1]                                                        ; 1.215 ; 0.000         ;
+---------------------------------------------------------------+-------+---------------+


+----------------------------------------------------------------------------------------+
; Slow 1200mV 85C Model Minimum Pulse Width Summary                                      ;
+---------------------------------------------------------------+--------+---------------+
; Clock                                                         ; Slack  ; End Point TNS ;
+---------------------------------------------------------------+--------+---------------+
; CLOCK_50                                                      ; -3.000 ; -29.000       ;
; MIO1                                                          ; -3.000 ; -7.000        ;
; KEY[1]                                                        ; -3.000 ; -4.000        ;
; lpm_counter:inst6|cntr_f3g:auto_generated|counter_reg_bit[25] ; -1.000 ; -9.000        ;
+---------------------------------------------------------------+--------+---------------+


+--------------------------------------------------------------------------------------------------------------------------------------------------------------------------------------------------------------+
; Slow 1200mV 85C Model Setup: 'CLOCK_50'                                                                                                                                                                      ;
+--------+---------------------------------------------------------------+---------------------------------------------------------------+--------------+-------------+--------------+------------+------------+
; Slack  ; From Node                                                     ; To Node                                                       ; Launch Clock ; Latch Clock ; Relationship ; Clock Skew ; Data Delay ;
+--------+---------------------------------------------------------------+---------------------------------------------------------------+--------------+-------------+--------------+------------+------------+
; -1.836 ; lpm_counter:inst6|cntr_f3g:auto_generated|counter_reg_bit[0]  ; lpm_counter:inst6|cntr_f3g:auto_generated|counter_reg_bit[25] ; CLOCK_50     ; CLOCK_50    ; 1.000        ; -0.063     ; 2.768      ;
; -1.835 ; lpm_counter:inst6|cntr_f3g:auto_generated|counter_reg_bit[1]  ; lpm_counter:inst6|cntr_f3g:auto_generated|counter_reg_bit[25] ; CLOCK_50     ; CLOCK_50    ; 1.000        ; -0.063     ; 2.767      ;
; -1.721 ; lpm_counter:inst6|cntr_f3g:auto_generated|counter_reg_bit[2]  ; lpm_counter:inst6|cntr_f3g:auto_generated|counter_reg_bit[25] ; CLOCK_50     ; CLOCK_50    ; 1.000        ; -0.063     ; 2.653      ;
; -1.717 ; lpm_counter:inst6|cntr_f3g:auto_generated|counter_reg_bit[3]  ; lpm_counter:inst6|cntr_f3g:auto_generated|counter_reg_bit[25] ; CLOCK_50     ; CLOCK_50    ; 1.000        ; -0.063     ; 2.649      ;
; -1.608 ; lpm_counter:inst6|cntr_f3g:auto_generated|counter_reg_bit[4]  ; lpm_counter:inst6|cntr_f3g:auto_generated|counter_reg_bit[25] ; CLOCK_50     ; CLOCK_50    ; 1.000        ; -0.063     ; 2.540      ;
; -1.605 ; lpm_counter:inst6|cntr_f3g:auto_generated|counter_reg_bit[5]  ; lpm_counter:inst6|cntr_f3g:auto_generated|counter_reg_bit[25] ; CLOCK_50     ; CLOCK_50    ; 1.000        ; -0.063     ; 2.537      ;
; -1.492 ; lpm_counter:inst6|cntr_f3g:auto_generated|counter_reg_bit[6]  ; lpm_counter:inst6|cntr_f3g:auto_generated|counter_reg_bit[25] ; CLOCK_50     ; CLOCK_50    ; 1.000        ; -0.063     ; 2.424      ;
; -1.489 ; lpm_counter:inst6|cntr_f3g:auto_generated|counter_reg_bit[7]  ; lpm_counter:inst6|cntr_f3g:auto_generated|counter_reg_bit[25] ; CLOCK_50     ; CLOCK_50    ; 1.000        ; -0.063     ; 2.421      ;
; -1.486 ; lpm_counter:inst6|cntr_f3g:auto_generated|counter_reg_bit[1]  ; lpm_counter:inst6|cntr_f3g:auto_generated|counter_reg_bit[24] ; CLOCK_50     ; CLOCK_50    ; 1.000        ; 0.292      ; 2.773      ;
; -1.405 ; lpm_counter:inst6|cntr_f3g:auto_generated|counter_reg_bit[0]  ; lpm_counter:inst6|cntr_f3g:auto_generated|counter_reg_bit[24] ; CLOCK_50     ; CLOCK_50    ; 1.000        ; 0.292      ; 2.692      ;
; -1.392 ; lpm_counter:inst6|cntr_f3g:auto_generated|counter_reg_bit[15] ; lpm_counter:inst6|cntr_f3g:auto_generated|counter_reg_bit[25] ; CLOCK_50     ; CLOCK_50    ; 1.000        ; -0.432     ; 1.955      ;
; -1.373 ; lpm_counter:inst6|cntr_f3g:auto_generated|counter_reg_bit[8]  ; lpm_counter:inst6|cntr_f3g:auto_generated|counter_reg_bit[25] ; CLOCK_50     ; CLOCK_50    ; 1.000        ; -0.063     ; 2.305      ;
; -1.371 ; lpm_counter:inst6|cntr_f3g:auto_generated|counter_reg_bit[9]  ; lpm_counter:inst6|cntr_f3g:auto_generated|counter_reg_bit[25] ; CLOCK_50     ; CLOCK_50    ; 1.000        ; -0.063     ; 2.303      ;
; -1.370 ; lpm_counter:inst6|cntr_f3g:auto_generated|counter_reg_bit[1]  ; lpm_counter:inst6|cntr_f3g:auto_generated|counter_reg_bit[22] ; CLOCK_50     ; CLOCK_50    ; 1.000        ; 0.292      ; 2.657      ;
; -1.368 ; lpm_counter:inst6|cntr_f3g:auto_generated|counter_reg_bit[3]  ; lpm_counter:inst6|cntr_f3g:auto_generated|counter_reg_bit[24] ; CLOCK_50     ; CLOCK_50    ; 1.000        ; 0.292      ; 2.655      ;
; -1.365 ; lpm_counter:inst6|cntr_f3g:auto_generated|counter_reg_bit[0]  ; lpm_counter:inst6|cntr_f3g:auto_generated|counter_reg_bit[23] ; CLOCK_50     ; CLOCK_50    ; 1.000        ; 0.292      ; 2.652      ;
; -1.364 ; lpm_counter:inst6|cntr_f3g:auto_generated|counter_reg_bit[1]  ; lpm_counter:inst6|cntr_f3g:auto_generated|counter_reg_bit[23] ; CLOCK_50     ; CLOCK_50    ; 1.000        ; 0.292      ; 2.651      ;
; -1.291 ; lpm_counter:inst6|cntr_f3g:auto_generated|counter_reg_bit[2]  ; lpm_counter:inst6|cntr_f3g:auto_generated|counter_reg_bit[24] ; CLOCK_50     ; CLOCK_50    ; 1.000        ; 0.292      ; 2.578      ;
; -1.289 ; lpm_counter:inst6|cntr_f3g:auto_generated|counter_reg_bit[0]  ; lpm_counter:inst6|cntr_f3g:auto_generated|counter_reg_bit[22] ; CLOCK_50     ; CLOCK_50    ; 1.000        ; 0.292      ; 2.576      ;
; -1.278 ; lpm_counter:inst6|cntr_f3g:auto_generated|counter_reg_bit[16] ; lpm_counter:inst6|cntr_f3g:auto_generated|counter_reg_bit[25] ; CLOCK_50     ; CLOCK_50    ; 1.000        ; -0.432     ; 1.841      ;
; -1.277 ; lpm_counter:inst6|cntr_f3g:auto_generated|counter_reg_bit[17] ; lpm_counter:inst6|cntr_f3g:auto_generated|counter_reg_bit[25] ; CLOCK_50     ; CLOCK_50    ; 1.000        ; -0.432     ; 1.840      ;
; -1.261 ; lpm_counter:inst6|cntr_f3g:auto_generated|counter_reg_bit[1]  ; lpm_counter:inst6|cntr_f3g:auto_generated|counter_reg_bit[14] ; CLOCK_50     ; CLOCK_50    ; 1.000        ; -0.063     ; 2.193      ;
; -1.256 ; lpm_counter:inst6|cntr_f3g:auto_generated|counter_reg_bit[10] ; lpm_counter:inst6|cntr_f3g:auto_generated|counter_reg_bit[25] ; CLOCK_50     ; CLOCK_50    ; 1.000        ; -0.063     ; 2.188      ;
; -1.256 ; lpm_counter:inst6|cntr_f3g:auto_generated|counter_reg_bit[5]  ; lpm_counter:inst6|cntr_f3g:auto_generated|counter_reg_bit[24] ; CLOCK_50     ; CLOCK_50    ; 1.000        ; 0.292      ; 2.543      ;
; -1.255 ; lpm_counter:inst6|cntr_f3g:auto_generated|counter_reg_bit[11] ; lpm_counter:inst6|cntr_f3g:auto_generated|counter_reg_bit[25] ; CLOCK_50     ; CLOCK_50    ; 1.000        ; -0.063     ; 2.187      ;
; -1.254 ; lpm_counter:inst6|cntr_f3g:auto_generated|counter_reg_bit[1]  ; lpm_counter:inst6|cntr_f3g:auto_generated|counter_reg_bit[20] ; CLOCK_50     ; CLOCK_50    ; 1.000        ; 0.292      ; 2.541      ;
; -1.252 ; lpm_counter:inst6|cntr_f3g:auto_generated|counter_reg_bit[3]  ; lpm_counter:inst6|cntr_f3g:auto_generated|counter_reg_bit[22] ; CLOCK_50     ; CLOCK_50    ; 1.000        ; 0.292      ; 2.539      ;
; -1.250 ; lpm_counter:inst6|cntr_f3g:auto_generated|counter_reg_bit[2]  ; lpm_counter:inst6|cntr_f3g:auto_generated|counter_reg_bit[23] ; CLOCK_50     ; CLOCK_50    ; 1.000        ; 0.292      ; 2.537      ;
; -1.249 ; lpm_counter:inst6|cntr_f3g:auto_generated|counter_reg_bit[0]  ; lpm_counter:inst6|cntr_f3g:auto_generated|counter_reg_bit[21] ; CLOCK_50     ; CLOCK_50    ; 1.000        ; 0.292      ; 2.536      ;
; -1.248 ; lpm_counter:inst6|cntr_f3g:auto_generated|counter_reg_bit[1]  ; lpm_counter:inst6|cntr_f3g:auto_generated|counter_reg_bit[21] ; CLOCK_50     ; CLOCK_50    ; 1.000        ; 0.292      ; 2.535      ;
; -1.246 ; lpm_counter:inst6|cntr_f3g:auto_generated|counter_reg_bit[3]  ; lpm_counter:inst6|cntr_f3g:auto_generated|counter_reg_bit[23] ; CLOCK_50     ; CLOCK_50    ; 1.000        ; 0.292      ; 2.533      ;
; -1.180 ; lpm_counter:inst6|cntr_f3g:auto_generated|counter_reg_bit[0]  ; lpm_counter:inst6|cntr_f3g:auto_generated|counter_reg_bit[14] ; CLOCK_50     ; CLOCK_50    ; 1.000        ; -0.063     ; 2.112      ;
; -1.175 ; lpm_counter:inst6|cntr_f3g:auto_generated|counter_reg_bit[2]  ; lpm_counter:inst6|cntr_f3g:auto_generated|counter_reg_bit[22] ; CLOCK_50     ; CLOCK_50    ; 1.000        ; 0.292      ; 2.462      ;
; -1.173 ; lpm_counter:inst6|cntr_f3g:auto_generated|counter_reg_bit[4]  ; lpm_counter:inst6|cntr_f3g:auto_generated|counter_reg_bit[24] ; CLOCK_50     ; CLOCK_50    ; 1.000        ; 0.292      ; 2.460      ;
; -1.173 ; lpm_counter:inst6|cntr_f3g:auto_generated|counter_reg_bit[0]  ; lpm_counter:inst6|cntr_f3g:auto_generated|counter_reg_bit[20] ; CLOCK_50     ; CLOCK_50    ; 1.000        ; 0.292      ; 2.460      ;
; -1.163 ; lpm_counter:inst6|cntr_f3g:auto_generated|counter_reg_bit[18] ; lpm_counter:inst6|cntr_f3g:auto_generated|counter_reg_bit[25] ; CLOCK_50     ; CLOCK_50    ; 1.000        ; -0.432     ; 1.726      ;
; -1.160 ; lpm_counter:inst6|cntr_f3g:auto_generated|counter_reg_bit[19] ; lpm_counter:inst6|cntr_f3g:auto_generated|counter_reg_bit[25] ; CLOCK_50     ; CLOCK_50    ; 1.000        ; -0.432     ; 1.723      ;
; -1.145 ; lpm_counter:inst6|cntr_f3g:auto_generated|counter_reg_bit[1]  ; lpm_counter:inst6|cntr_f3g:auto_generated|counter_reg_bit[12] ; CLOCK_50     ; CLOCK_50    ; 1.000        ; -0.063     ; 2.077      ;
; -1.143 ; lpm_counter:inst6|cntr_f3g:auto_generated|counter_reg_bit[3]  ; lpm_counter:inst6|cntr_f3g:auto_generated|counter_reg_bit[14] ; CLOCK_50     ; CLOCK_50    ; 1.000        ; -0.063     ; 2.075      ;
; -1.140 ; lpm_counter:inst6|cntr_f3g:auto_generated|counter_reg_bit[0]  ; lpm_counter:inst6|cntr_f3g:auto_generated|counter_reg_bit[13] ; CLOCK_50     ; CLOCK_50    ; 1.000        ; -0.063     ; 2.072      ;
; -1.140 ; lpm_counter:inst6|cntr_f3g:auto_generated|counter_reg_bit[12] ; lpm_counter:inst6|cntr_f3g:auto_generated|counter_reg_bit[25] ; CLOCK_50     ; CLOCK_50    ; 1.000        ; -0.063     ; 2.072      ;
; -1.140 ; lpm_counter:inst6|cntr_f3g:auto_generated|counter_reg_bit[7]  ; lpm_counter:inst6|cntr_f3g:auto_generated|counter_reg_bit[24] ; CLOCK_50     ; CLOCK_50    ; 1.000        ; 0.292      ; 2.427      ;
; -1.140 ; lpm_counter:inst6|cntr_f3g:auto_generated|counter_reg_bit[5]  ; lpm_counter:inst6|cntr_f3g:auto_generated|counter_reg_bit[22] ; CLOCK_50     ; CLOCK_50    ; 1.000        ; 0.292      ; 2.427      ;
; -1.139 ; lpm_counter:inst6|cntr_f3g:auto_generated|counter_reg_bit[1]  ; lpm_counter:inst6|cntr_f3g:auto_generated|counter_reg_bit[13] ; CLOCK_50     ; CLOCK_50    ; 1.000        ; -0.063     ; 2.071      ;
; -1.138 ; lpm_counter:inst6|cntr_f3g:auto_generated|counter_reg_bit[1]  ; lpm_counter:inst6|cntr_f3g:auto_generated|counter_reg_bit[18] ; CLOCK_50     ; CLOCK_50    ; 1.000        ; 0.292      ; 2.425      ;
; -1.138 ; lpm_counter:inst6|cntr_f3g:auto_generated|counter_reg_bit[13] ; lpm_counter:inst6|cntr_f3g:auto_generated|counter_reg_bit[25] ; CLOCK_50     ; CLOCK_50    ; 1.000        ; -0.063     ; 2.070      ;
; -1.137 ; lpm_counter:inst6|cntr_f3g:auto_generated|counter_reg_bit[4]  ; lpm_counter:inst6|cntr_f3g:auto_generated|counter_reg_bit[23] ; CLOCK_50     ; CLOCK_50    ; 1.000        ; 0.292      ; 2.424      ;
; -1.136 ; lpm_counter:inst6|cntr_f3g:auto_generated|counter_reg_bit[3]  ; lpm_counter:inst6|cntr_f3g:auto_generated|counter_reg_bit[20] ; CLOCK_50     ; CLOCK_50    ; 1.000        ; 0.292      ; 2.423      ;
; -1.134 ; lpm_counter:inst6|cntr_f3g:auto_generated|counter_reg_bit[5]  ; lpm_counter:inst6|cntr_f3g:auto_generated|counter_reg_bit[23] ; CLOCK_50     ; CLOCK_50    ; 1.000        ; 0.292      ; 2.421      ;
; -1.134 ; lpm_counter:inst6|cntr_f3g:auto_generated|counter_reg_bit[2]  ; lpm_counter:inst6|cntr_f3g:auto_generated|counter_reg_bit[21] ; CLOCK_50     ; CLOCK_50    ; 1.000        ; 0.292      ; 2.421      ;
; -1.133 ; lpm_counter:inst6|cntr_f3g:auto_generated|counter_reg_bit[0]  ; lpm_counter:inst6|cntr_f3g:auto_generated|counter_reg_bit[19] ; CLOCK_50     ; CLOCK_50    ; 1.000        ; 0.292      ; 2.420      ;
; -1.132 ; lpm_counter:inst6|cntr_f3g:auto_generated|counter_reg_bit[1]  ; lpm_counter:inst6|cntr_f3g:auto_generated|counter_reg_bit[19] ; CLOCK_50     ; CLOCK_50    ; 1.000        ; 0.292      ; 2.419      ;
; -1.130 ; lpm_counter:inst6|cntr_f3g:auto_generated|counter_reg_bit[3]  ; lpm_counter:inst6|cntr_f3g:auto_generated|counter_reg_bit[21] ; CLOCK_50     ; CLOCK_50    ; 1.000        ; 0.292      ; 2.417      ;
; -1.066 ; lpm_counter:inst6|cntr_f3g:auto_generated|counter_reg_bit[2]  ; lpm_counter:inst6|cntr_f3g:auto_generated|counter_reg_bit[14] ; CLOCK_50     ; CLOCK_50    ; 1.000        ; -0.063     ; 1.998      ;
; -1.064 ; lpm_counter:inst6|cntr_f3g:auto_generated|counter_reg_bit[0]  ; lpm_counter:inst6|cntr_f3g:auto_generated|counter_reg_bit[12] ; CLOCK_50     ; CLOCK_50    ; 1.000        ; -0.063     ; 1.996      ;
; -1.059 ; lpm_counter:inst6|cntr_f3g:auto_generated|counter_reg_bit[2]  ; lpm_counter:inst6|cntr_f3g:auto_generated|counter_reg_bit[20] ; CLOCK_50     ; CLOCK_50    ; 1.000        ; 0.292      ; 2.346      ;
; -1.057 ; lpm_counter:inst6|cntr_f3g:auto_generated|counter_reg_bit[6]  ; lpm_counter:inst6|cntr_f3g:auto_generated|counter_reg_bit[24] ; CLOCK_50     ; CLOCK_50    ; 1.000        ; 0.292      ; 2.344      ;
; -1.057 ; lpm_counter:inst6|cntr_f3g:auto_generated|counter_reg_bit[4]  ; lpm_counter:inst6|cntr_f3g:auto_generated|counter_reg_bit[22] ; CLOCK_50     ; CLOCK_50    ; 1.000        ; 0.292      ; 2.344      ;
; -1.057 ; lpm_counter:inst6|cntr_f3g:auto_generated|counter_reg_bit[0]  ; lpm_counter:inst6|cntr_f3g:auto_generated|counter_reg_bit[18] ; CLOCK_50     ; CLOCK_50    ; 1.000        ; 0.292      ; 2.344      ;
; -1.050 ; lpm_counter:inst6|cntr_f3g:auto_generated|counter_reg_bit[20] ; lpm_counter:inst6|cntr_f3g:auto_generated|counter_reg_bit[25] ; CLOCK_50     ; CLOCK_50    ; 1.000        ; -0.432     ; 1.613      ;
; -1.047 ; lpm_counter:inst6|cntr_f3g:auto_generated|counter_reg_bit[21] ; lpm_counter:inst6|cntr_f3g:auto_generated|counter_reg_bit[25] ; CLOCK_50     ; CLOCK_50    ; 1.000        ; -0.432     ; 1.610      ;
; -1.043 ; lpm_counter:inst6|cntr_f3g:auto_generated|counter_reg_bit[15] ; lpm_counter:inst6|cntr_f3g:auto_generated|counter_reg_bit[24] ; CLOCK_50     ; CLOCK_50    ; 1.000        ; -0.077     ; 1.961      ;
; -1.031 ; lpm_counter:inst6|cntr_f3g:auto_generated|counter_reg_bit[5]  ; lpm_counter:inst6|cntr_f3g:auto_generated|counter_reg_bit[14] ; CLOCK_50     ; CLOCK_50    ; 1.000        ; -0.063     ; 1.963      ;
; -1.029 ; lpm_counter:inst6|cntr_f3g:auto_generated|counter_reg_bit[1]  ; lpm_counter:inst6|cntr_f3g:auto_generated|counter_reg_bit[10] ; CLOCK_50     ; CLOCK_50    ; 1.000        ; -0.063     ; 1.961      ;
; -1.027 ; lpm_counter:inst6|cntr_f3g:auto_generated|counter_reg_bit[14] ; lpm_counter:inst6|cntr_f3g:auto_generated|counter_reg_bit[25] ; CLOCK_50     ; CLOCK_50    ; 1.000        ; -0.063     ; 1.959      ;
; -1.027 ; lpm_counter:inst6|cntr_f3g:auto_generated|counter_reg_bit[3]  ; lpm_counter:inst6|cntr_f3g:auto_generated|counter_reg_bit[12] ; CLOCK_50     ; CLOCK_50    ; 1.000        ; -0.063     ; 1.959      ;
; -1.025 ; lpm_counter:inst6|cntr_f3g:auto_generated|counter_reg_bit[2]  ; lpm_counter:inst6|cntr_f3g:auto_generated|counter_reg_bit[13] ; CLOCK_50     ; CLOCK_50    ; 1.000        ; -0.063     ; 1.957      ;
; -1.024 ; lpm_counter:inst6|cntr_f3g:auto_generated|counter_reg_bit[0]  ; lpm_counter:inst6|cntr_f3g:auto_generated|counter_reg_bit[11] ; CLOCK_50     ; CLOCK_50    ; 1.000        ; -0.063     ; 1.956      ;
; -1.024 ; lpm_counter:inst6|cntr_f3g:auto_generated|counter_reg_bit[7]  ; lpm_counter:inst6|cntr_f3g:auto_generated|counter_reg_bit[22] ; CLOCK_50     ; CLOCK_50    ; 1.000        ; 0.292      ; 2.311      ;
; -1.024 ; lpm_counter:inst6|cntr_f3g:auto_generated|counter_reg_bit[5]  ; lpm_counter:inst6|cntr_f3g:auto_generated|counter_reg_bit[20] ; CLOCK_50     ; CLOCK_50    ; 1.000        ; 0.292      ; 2.311      ;
; -1.023 ; lpm_counter:inst6|cntr_f3g:auto_generated|counter_reg_bit[1]  ; lpm_counter:inst6|cntr_f3g:auto_generated|counter_reg_bit[11] ; CLOCK_50     ; CLOCK_50    ; 1.000        ; -0.063     ; 1.955      ;
; -1.022 ; lpm_counter:inst6|cntr_f3g:auto_generated|counter_reg_bit[1]  ; lpm_counter:inst6|cntr_f3g:auto_generated|counter_reg_bit[16] ; CLOCK_50     ; CLOCK_50    ; 1.000        ; 0.292      ; 2.309      ;
; -1.022 ; lpm_counter:inst6|cntr_f3g:auto_generated|counter_reg_bit[9]  ; lpm_counter:inst6|cntr_f3g:auto_generated|counter_reg_bit[24] ; CLOCK_50     ; CLOCK_50    ; 1.000        ; 0.292      ; 2.309      ;
; -1.021 ; lpm_counter:inst6|cntr_f3g:auto_generated|counter_reg_bit[6]  ; lpm_counter:inst6|cntr_f3g:auto_generated|counter_reg_bit[23] ; CLOCK_50     ; CLOCK_50    ; 1.000        ; 0.292      ; 2.308      ;
; -1.021 ; lpm_counter:inst6|cntr_f3g:auto_generated|counter_reg_bit[4]  ; lpm_counter:inst6|cntr_f3g:auto_generated|counter_reg_bit[21] ; CLOCK_50     ; CLOCK_50    ; 1.000        ; 0.292      ; 2.308      ;
; -1.021 ; lpm_counter:inst6|cntr_f3g:auto_generated|counter_reg_bit[3]  ; lpm_counter:inst6|cntr_f3g:auto_generated|counter_reg_bit[13] ; CLOCK_50     ; CLOCK_50    ; 1.000        ; -0.063     ; 1.953      ;
; -1.020 ; lpm_counter:inst6|cntr_f3g:auto_generated|counter_reg_bit[3]  ; lpm_counter:inst6|cntr_f3g:auto_generated|counter_reg_bit[18] ; CLOCK_50     ; CLOCK_50    ; 1.000        ; 0.292      ; 2.307      ;
; -1.018 ; lpm_counter:inst6|cntr_f3g:auto_generated|counter_reg_bit[7]  ; lpm_counter:inst6|cntr_f3g:auto_generated|counter_reg_bit[23] ; CLOCK_50     ; CLOCK_50    ; 1.000        ; 0.292      ; 2.305      ;
; -1.018 ; lpm_counter:inst6|cntr_f3g:auto_generated|counter_reg_bit[5]  ; lpm_counter:inst6|cntr_f3g:auto_generated|counter_reg_bit[21] ; CLOCK_50     ; CLOCK_50    ; 1.000        ; 0.292      ; 2.305      ;
; -1.018 ; lpm_counter:inst6|cntr_f3g:auto_generated|counter_reg_bit[2]  ; lpm_counter:inst6|cntr_f3g:auto_generated|counter_reg_bit[19] ; CLOCK_50     ; CLOCK_50    ; 1.000        ; 0.292      ; 2.305      ;
; -1.017 ; lpm_counter:inst6|cntr_f3g:auto_generated|counter_reg_bit[0]  ; lpm_counter:inst6|cntr_f3g:auto_generated|counter_reg_bit[17] ; CLOCK_50     ; CLOCK_50    ; 1.000        ; 0.292      ; 2.304      ;
; -1.016 ; lpm_counter:inst6|cntr_f3g:auto_generated|counter_reg_bit[1]  ; lpm_counter:inst6|cntr_f3g:auto_generated|counter_reg_bit[17] ; CLOCK_50     ; CLOCK_50    ; 1.000        ; 0.292      ; 2.303      ;
; -1.014 ; lpm_counter:inst6|cntr_f3g:auto_generated|counter_reg_bit[3]  ; lpm_counter:inst6|cntr_f3g:auto_generated|counter_reg_bit[19] ; CLOCK_50     ; CLOCK_50    ; 1.000        ; 0.292      ; 2.301      ;
; -0.950 ; lpm_counter:inst6|cntr_f3g:auto_generated|counter_reg_bit[2]  ; lpm_counter:inst6|cntr_f3g:auto_generated|counter_reg_bit[12] ; CLOCK_50     ; CLOCK_50    ; 1.000        ; -0.063     ; 1.882      ;
; -0.948 ; lpm_counter:inst6|cntr_f3g:auto_generated|counter_reg_bit[4]  ; lpm_counter:inst6|cntr_f3g:auto_generated|counter_reg_bit[14] ; CLOCK_50     ; CLOCK_50    ; 1.000        ; -0.063     ; 1.880      ;
; -0.948 ; lpm_counter:inst6|cntr_f3g:auto_generated|counter_reg_bit[0]  ; lpm_counter:inst6|cntr_f3g:auto_generated|counter_reg_bit[10] ; CLOCK_50     ; CLOCK_50    ; 1.000        ; -0.063     ; 1.880      ;
; -0.943 ; lpm_counter:inst6|cntr_f3g:auto_generated|counter_reg_bit[2]  ; lpm_counter:inst6|cntr_f3g:auto_generated|counter_reg_bit[18] ; CLOCK_50     ; CLOCK_50    ; 1.000        ; 0.292      ; 2.230      ;
; -0.942 ; lpm_counter:inst6|cntr_f3g:auto_generated|counter_reg_bit[8]  ; lpm_counter:inst6|cntr_f3g:auto_generated|counter_reg_bit[24] ; CLOCK_50     ; CLOCK_50    ; 1.000        ; 0.292      ; 2.229      ;
; -0.941 ; lpm_counter:inst6|cntr_f3g:auto_generated|counter_reg_bit[6]  ; lpm_counter:inst6|cntr_f3g:auto_generated|counter_reg_bit[22] ; CLOCK_50     ; CLOCK_50    ; 1.000        ; 0.292      ; 2.228      ;
; -0.941 ; lpm_counter:inst6|cntr_f3g:auto_generated|counter_reg_bit[4]  ; lpm_counter:inst6|cntr_f3g:auto_generated|counter_reg_bit[20] ; CLOCK_50     ; CLOCK_50    ; 1.000        ; 0.292      ; 2.228      ;
; -0.941 ; lpm_counter:inst6|cntr_f3g:auto_generated|counter_reg_bit[0]  ; lpm_counter:inst6|cntr_f3g:auto_generated|counter_reg_bit[16] ; CLOCK_50     ; CLOCK_50    ; 1.000        ; 0.292      ; 2.228      ;
; -0.934 ; lpm_counter:inst6|cntr_f3g:auto_generated|counter_reg_bit[22] ; lpm_counter:inst6|cntr_f3g:auto_generated|counter_reg_bit[25] ; CLOCK_50     ; CLOCK_50    ; 1.000        ; -0.432     ; 1.497      ;
; -0.932 ; lpm_counter:inst6|cntr_f3g:auto_generated|counter_reg_bit[23] ; lpm_counter:inst6|cntr_f3g:auto_generated|counter_reg_bit[25] ; CLOCK_50     ; CLOCK_50    ; 1.000        ; -0.432     ; 1.495      ;
; -0.928 ; lpm_counter:inst6|cntr_f3g:auto_generated|counter_reg_bit[17] ; lpm_counter:inst6|cntr_f3g:auto_generated|counter_reg_bit[24] ; CLOCK_50     ; CLOCK_50    ; 1.000        ; -0.077     ; 1.846      ;
; -0.927 ; lpm_counter:inst6|cntr_f3g:auto_generated|counter_reg_bit[15] ; lpm_counter:inst6|cntr_f3g:auto_generated|counter_reg_bit[22] ; CLOCK_50     ; CLOCK_50    ; 1.000        ; -0.077     ; 1.845      ;
; -0.921 ; lpm_counter:inst6|cntr_f3g:auto_generated|counter_reg_bit[15] ; lpm_counter:inst6|cntr_f3g:auto_generated|counter_reg_bit[23] ; CLOCK_50     ; CLOCK_50    ; 1.000        ; -0.077     ; 1.839      ;
; -0.915 ; lpm_counter:inst6|cntr_f3g:auto_generated|counter_reg_bit[7]  ; lpm_counter:inst6|cntr_f3g:auto_generated|counter_reg_bit[14] ; CLOCK_50     ; CLOCK_50    ; 1.000        ; -0.063     ; 1.847      ;
; -0.915 ; lpm_counter:inst6|cntr_f3g:auto_generated|counter_reg_bit[5]  ; lpm_counter:inst6|cntr_f3g:auto_generated|counter_reg_bit[12] ; CLOCK_50     ; CLOCK_50    ; 1.000        ; -0.063     ; 1.847      ;
; -0.913 ; lpm_counter:inst6|cntr_f3g:auto_generated|counter_reg_bit[1]  ; lpm_counter:inst6|cntr_f3g:auto_generated|counter_reg_bit[8]  ; CLOCK_50     ; CLOCK_50    ; 1.000        ; -0.063     ; 1.845      ;
; -0.912 ; lpm_counter:inst6|cntr_f3g:auto_generated|counter_reg_bit[4]  ; lpm_counter:inst6|cntr_f3g:auto_generated|counter_reg_bit[13] ; CLOCK_50     ; CLOCK_50    ; 1.000        ; -0.063     ; 1.844      ;
+--------+---------------------------------------------------------------+---------------------------------------------------------------+--------------+-------------+--------------+------------+------------+


+---------------------------------------------------------------------------------------------------------------+
; Slow 1200mV 85C Model Setup: 'MIO1'                                                                           ;
+-------+----------------+----------------+--------------+-------------+--------------+------------+------------+
; Slack ; From Node      ; To Node        ; Launch Clock ; Latch Clock ; Relationship ; Clock Skew ; Data Delay ;
+-------+----------------+----------------+--------------+-------------+--------------+------------+------------+
; 0.003 ; 74160:inst33|7 ; 74160:inst33|9 ; MIO1         ; MIO1        ; 1.000        ; -0.043     ; 0.969      ;
; 0.009 ; 74160:inst33|7 ; 74160:inst33|8 ; MIO1         ; MIO1        ; 1.000        ; -0.043     ; 0.963      ;
; 0.011 ; 74160:inst33|9 ; 74160:inst33|7 ; MIO1         ; MIO1        ; 1.000        ; -0.043     ; 0.961      ;
; 0.019 ; 74160:inst33|8 ; 74160:inst33|9 ; MIO1         ; MIO1        ; 1.000        ; -0.043     ; 0.953      ;
; 0.241 ; 74160:inst33|6 ; 74160:inst33|9 ; MIO1         ; MIO1        ; 1.000        ; -0.043     ; 0.731      ;
; 0.242 ; 74160:inst33|6 ; 74160:inst33|8 ; MIO1         ; MIO1        ; 1.000        ; -0.043     ; 0.730      ;
; 0.242 ; 74160:inst33|6 ; 74160:inst33|7 ; MIO1         ; MIO1        ; 1.000        ; -0.043     ; 0.730      ;
; 0.318 ; 74160:inst33|6 ; 74160:inst33|6 ; MIO1         ; MIO1        ; 1.000        ; -0.038     ; 0.659      ;
; 0.318 ; 74160:inst33|8 ; 74160:inst33|8 ; MIO1         ; MIO1        ; 1.000        ; -0.038     ; 0.659      ;
; 0.318 ; 74160:inst33|7 ; 74160:inst33|7 ; MIO1         ; MIO1        ; 1.000        ; -0.038     ; 0.659      ;
; 0.340 ; 74160:inst33|9 ; 74160:inst33|9 ; MIO1         ; MIO1        ; 1.000        ; -0.038     ; 0.637      ;
+-------+----------------+----------------+--------------+-------------+--------------+------------+------------+


+--------------------------------------------------------------------------------------------------------------------------------------------------------------------------------------------------------------------+
; Slow 1200mV 85C Model Setup: 'lpm_counter:inst6|cntr_f3g:auto_generated|counter_reg_bit[25]'                                                                                                                       ;
+-------+-----------------+-----------------+---------------------------------------------------------------+---------------------------------------------------------------+--------------+------------+------------+
; Slack ; From Node       ; To Node         ; Launch Clock                                                  ; Latch Clock                                                   ; Relationship ; Clock Skew ; Data Delay ;
+-------+-----------------+-----------------+---------------------------------------------------------------+---------------------------------------------------------------+--------------+------------+------------+
; 0.083 ; 74164:inst32|9  ; 74164:inst32|10 ; lpm_counter:inst6|cntr_f3g:auto_generated|counter_reg_bit[25] ; lpm_counter:inst6|cntr_f3g:auto_generated|counter_reg_bit[25] ; 1.000        ; -0.063     ; 0.849      ;
; 0.141 ; 7474:inst31|9   ; 74164:inst32|3  ; lpm_counter:inst6|cntr_f3g:auto_generated|counter_reg_bit[25] ; lpm_counter:inst6|cntr_f3g:auto_generated|counter_reg_bit[25] ; 1.000        ; -0.063     ; 0.791      ;
; 0.191 ; 74164:inst32|7  ; 74164:inst32|8  ; lpm_counter:inst6|cntr_f3g:auto_generated|counter_reg_bit[25] ; lpm_counter:inst6|cntr_f3g:auto_generated|counter_reg_bit[25] ; 1.000        ; -0.063     ; 0.741      ;
; 0.222 ; 74164:inst32|4  ; 74164:inst32|5  ; lpm_counter:inst6|cntr_f3g:auto_generated|counter_reg_bit[25] ; lpm_counter:inst6|cntr_f3g:auto_generated|counter_reg_bit[25] ; 1.000        ; -0.063     ; 0.710      ;
; 0.223 ; 74164:inst32|10 ; 74164:inst32|3  ; lpm_counter:inst6|cntr_f3g:auto_generated|counter_reg_bit[25] ; lpm_counter:inst6|cntr_f3g:auto_generated|counter_reg_bit[25] ; 1.000        ; -0.063     ; 0.709      ;
; 0.225 ; 74164:inst32|6  ; 74164:inst32|7  ; lpm_counter:inst6|cntr_f3g:auto_generated|counter_reg_bit[25] ; lpm_counter:inst6|cntr_f3g:auto_generated|counter_reg_bit[25] ; 1.000        ; -0.063     ; 0.707      ;
; 0.225 ; 74164:inst32|5  ; 74164:inst32|6  ; lpm_counter:inst6|cntr_f3g:auto_generated|counter_reg_bit[25] ; lpm_counter:inst6|cntr_f3g:auto_generated|counter_reg_bit[25] ; 1.000        ; -0.063     ; 0.707      ;
; 0.225 ; 74164:inst32|3  ; 74164:inst32|4  ; lpm_counter:inst6|cntr_f3g:auto_generated|counter_reg_bit[25] ; lpm_counter:inst6|cntr_f3g:auto_generated|counter_reg_bit[25] ; 1.000        ; -0.063     ; 0.707      ;
; 0.225 ; 74164:inst32|8  ; 74164:inst32|9  ; lpm_counter:inst6|cntr_f3g:auto_generated|counter_reg_bit[25] ; lpm_counter:inst6|cntr_f3g:auto_generated|counter_reg_bit[25] ; 1.000        ; -0.063     ; 0.707      ;
+-------+-----------------+-----------------+---------------------------------------------------------------+---------------------------------------------------------------+--------------+------------+------------+


+---------------------------------------------------------------------------------------------------------------+
; Slow 1200mV 85C Model Hold: 'MIO1'                                                                            ;
+-------+----------------+----------------+--------------+-------------+--------------+------------+------------+
; Slack ; From Node      ; To Node        ; Launch Clock ; Latch Clock ; Relationship ; Clock Skew ; Data Delay ;
+-------+----------------+----------------+--------------+-------------+--------------+------------+------------+
; 0.382 ; 74160:inst33|8 ; 74160:inst33|8 ; MIO1         ; MIO1        ; 0.000        ; 0.038      ; 0.577      ;
; 0.382 ; 74160:inst33|7 ; 74160:inst33|7 ; MIO1         ; MIO1        ; 0.000        ; 0.038      ; 0.577      ;
; 0.382 ; 74160:inst33|9 ; 74160:inst33|9 ; MIO1         ; MIO1        ; 0.000        ; 0.038      ; 0.577      ;
; 0.385 ; 74160:inst33|6 ; 74160:inst33|6 ; MIO1         ; MIO1        ; 0.000        ; 0.038      ; 0.580      ;
; 0.424 ; 74160:inst33|6 ; 74160:inst33|8 ; MIO1         ; MIO1        ; 0.000        ; 0.043      ; 0.624      ;
; 0.424 ; 74160:inst33|6 ; 74160:inst33|9 ; MIO1         ; MIO1        ; 0.000        ; 0.043      ; 0.624      ;
; 0.424 ; 74160:inst33|6 ; 74160:inst33|7 ; MIO1         ; MIO1        ; 0.000        ; 0.043      ; 0.624      ;
; 0.595 ; 74160:inst33|8 ; 74160:inst33|9 ; MIO1         ; MIO1        ; 0.000        ; 0.043      ; 0.795      ;
; 0.597 ; 74160:inst33|7 ; 74160:inst33|8 ; MIO1         ; MIO1        ; 0.000        ; 0.043      ; 0.797      ;
; 0.597 ; 74160:inst33|9 ; 74160:inst33|7 ; MIO1         ; MIO1        ; 0.000        ; 0.043      ; 0.797      ;
; 0.601 ; 74160:inst33|7 ; 74160:inst33|9 ; MIO1         ; MIO1        ; 0.000        ; 0.043      ; 0.801      ;
+-------+----------------+----------------+--------------+-------------+--------------+------------+------------+


+--------------------------------------------------------------------------------------------------------------------------------------------------------------------------------------------------------------------+
; Slow 1200mV 85C Model Hold: 'lpm_counter:inst6|cntr_f3g:auto_generated|counter_reg_bit[25]'                                                                                                                        ;
+-------+-----------------+-----------------+---------------------------------------------------------------+---------------------------------------------------------------+--------------+------------+------------+
; Slack ; From Node       ; To Node         ; Launch Clock                                                  ; Latch Clock                                                   ; Relationship ; Clock Skew ; Data Delay ;
+-------+-----------------+-----------------+---------------------------------------------------------------+---------------------------------------------------------------+--------------+------------+------------+
; 0.392 ; 74164:inst32|6  ; 74164:inst32|7  ; lpm_counter:inst6|cntr_f3g:auto_generated|counter_reg_bit[25] ; lpm_counter:inst6|cntr_f3g:auto_generated|counter_reg_bit[25] ; 0.000        ; 0.063      ; 0.612      ;
; 0.392 ; 74164:inst32|5  ; 74164:inst32|6  ; lpm_counter:inst6|cntr_f3g:auto_generated|counter_reg_bit[25] ; lpm_counter:inst6|cntr_f3g:auto_generated|counter_reg_bit[25] ; 0.000        ; 0.063      ; 0.612      ;
; 0.392 ; 74164:inst32|3  ; 74164:inst32|4  ; lpm_counter:inst6|cntr_f3g:auto_generated|counter_reg_bit[25] ; lpm_counter:inst6|cntr_f3g:auto_generated|counter_reg_bit[25] ; 0.000        ; 0.063      ; 0.612      ;
; 0.392 ; 74164:inst32|8  ; 74164:inst32|9  ; lpm_counter:inst6|cntr_f3g:auto_generated|counter_reg_bit[25] ; lpm_counter:inst6|cntr_f3g:auto_generated|counter_reg_bit[25] ; 0.000        ; 0.063      ; 0.612      ;
; 0.393 ; 74164:inst32|10 ; 74164:inst32|3  ; lpm_counter:inst6|cntr_f3g:auto_generated|counter_reg_bit[25] ; lpm_counter:inst6|cntr_f3g:auto_generated|counter_reg_bit[25] ; 0.000        ; 0.063      ; 0.613      ;
; 0.394 ; 74164:inst32|4  ; 74164:inst32|5  ; lpm_counter:inst6|cntr_f3g:auto_generated|counter_reg_bit[25] ; lpm_counter:inst6|cntr_f3g:auto_generated|counter_reg_bit[25] ; 0.000        ; 0.063      ; 0.614      ;
; 0.420 ; 74164:inst32|7  ; 74164:inst32|8  ; lpm_counter:inst6|cntr_f3g:auto_generated|counter_reg_bit[25] ; lpm_counter:inst6|cntr_f3g:auto_generated|counter_reg_bit[25] ; 0.000        ; 0.063      ; 0.640      ;
; 0.473 ; 7474:inst31|9   ; 74164:inst32|3  ; lpm_counter:inst6|cntr_f3g:auto_generated|counter_reg_bit[25] ; lpm_counter:inst6|cntr_f3g:auto_generated|counter_reg_bit[25] ; 0.000        ; 0.063      ; 0.693      ;
; 0.499 ; 74164:inst32|9  ; 74164:inst32|10 ; lpm_counter:inst6|cntr_f3g:auto_generated|counter_reg_bit[25] ; lpm_counter:inst6|cntr_f3g:auto_generated|counter_reg_bit[25] ; 0.000        ; 0.063      ; 0.719      ;
+-------+-----------------+-----------------+---------------------------------------------------------------+---------------------------------------------------------------+--------------+------------+------------+


+--------------------------------------------------------------------------------------------------------------------------------------------------------------------------------------------------------------------------------------------------------------+
; Slow 1200mV 85C Model Hold: 'CLOCK_50'                                                                                                                                                                                                                       ;
+-------+---------------------------------------------------------------+---------------------------------------------------------------+---------------------------------------------------------------+-------------+--------------+------------+------------+
; Slack ; From Node                                                     ; To Node                                                       ; Launch Clock                                                  ; Latch Clock ; Relationship ; Clock Skew ; Data Delay ;
+-------+---------------------------------------------------------------+---------------------------------------------------------------+---------------------------------------------------------------+-------------+--------------+------------+------------+
; 0.469 ; lpm_counter:inst6|cntr_f3g:auto_generated|counter_reg_bit[14] ; lpm_counter:inst6|cntr_f3g:auto_generated|counter_reg_bit[15] ; CLOCK_50                                                      ; CLOCK_50    ; 0.000        ; 0.432      ; 1.058      ;
; 0.471 ; lpm_counter:inst6|cntr_f3g:auto_generated|counter_reg_bit[14] ; lpm_counter:inst6|cntr_f3g:auto_generated|counter_reg_bit[16] ; CLOCK_50                                                      ; CLOCK_50    ; 0.000        ; 0.432      ; 1.060      ;
; 0.535 ; lpm_counter:inst6|cntr_f3g:auto_generated|counter_reg_bit[19] ; lpm_counter:inst6|cntr_f3g:auto_generated|counter_reg_bit[19] ; CLOCK_50                                                      ; CLOCK_50    ; 0.000        ; 0.077      ; 0.769      ;
; 0.535 ; lpm_counter:inst6|cntr_f3g:auto_generated|counter_reg_bit[16] ; lpm_counter:inst6|cntr_f3g:auto_generated|counter_reg_bit[16] ; CLOCK_50                                                      ; CLOCK_50    ; 0.000        ; 0.077      ; 0.769      ;
; 0.536 ; lpm_counter:inst6|cntr_f3g:auto_generated|counter_reg_bit[24] ; lpm_counter:inst6|cntr_f3g:auto_generated|counter_reg_bit[24] ; CLOCK_50                                                      ; CLOCK_50    ; 0.000        ; 0.077      ; 0.770      ;
; 0.536 ; lpm_counter:inst6|cntr_f3g:auto_generated|counter_reg_bit[18] ; lpm_counter:inst6|cntr_f3g:auto_generated|counter_reg_bit[18] ; CLOCK_50                                                      ; CLOCK_50    ; 0.000        ; 0.077      ; 0.770      ;
; 0.536 ; lpm_counter:inst6|cntr_f3g:auto_generated|counter_reg_bit[15] ; lpm_counter:inst6|cntr_f3g:auto_generated|counter_reg_bit[15] ; CLOCK_50                                                      ; CLOCK_50    ; 0.000        ; 0.077      ; 0.770      ;
; 0.537 ; lpm_counter:inst6|cntr_f3g:auto_generated|counter_reg_bit[17] ; lpm_counter:inst6|cntr_f3g:auto_generated|counter_reg_bit[17] ; CLOCK_50                                                      ; CLOCK_50    ; 0.000        ; 0.077      ; 0.771      ;
; 0.538 ; lpm_counter:inst6|cntr_f3g:auto_generated|counter_reg_bit[23] ; lpm_counter:inst6|cntr_f3g:auto_generated|counter_reg_bit[23] ; CLOCK_50                                                      ; CLOCK_50    ; 0.000        ; 0.077      ; 0.772      ;
; 0.538 ; lpm_counter:inst6|cntr_f3g:auto_generated|counter_reg_bit[21] ; lpm_counter:inst6|cntr_f3g:auto_generated|counter_reg_bit[21] ; CLOCK_50                                                      ; CLOCK_50    ; 0.000        ; 0.077      ; 0.772      ;
; 0.540 ; lpm_counter:inst6|cntr_f3g:auto_generated|counter_reg_bit[22] ; lpm_counter:inst6|cntr_f3g:auto_generated|counter_reg_bit[22] ; CLOCK_50                                                      ; CLOCK_50    ; 0.000        ; 0.077      ; 0.774      ;
; 0.540 ; lpm_counter:inst6|cntr_f3g:auto_generated|counter_reg_bit[20] ; lpm_counter:inst6|cntr_f3g:auto_generated|counter_reg_bit[20] ; CLOCK_50                                                      ; CLOCK_50    ; 0.000        ; 0.077      ; 0.774      ;
; 0.548 ; lpm_counter:inst6|cntr_f3g:auto_generated|counter_reg_bit[12] ; lpm_counter:inst6|cntr_f3g:auto_generated|counter_reg_bit[12] ; CLOCK_50                                                      ; CLOCK_50    ; 0.000        ; 0.063      ; 0.768      ;
; 0.548 ; lpm_counter:inst6|cntr_f3g:auto_generated|counter_reg_bit[10] ; lpm_counter:inst6|cntr_f3g:auto_generated|counter_reg_bit[10] ; CLOCK_50                                                      ; CLOCK_50    ; 0.000        ; 0.063      ; 0.768      ;
; 0.548 ; lpm_counter:inst6|cntr_f3g:auto_generated|counter_reg_bit[3]  ; lpm_counter:inst6|cntr_f3g:auto_generated|counter_reg_bit[3]  ; CLOCK_50                                                      ; CLOCK_50    ; 0.000        ; 0.063      ; 0.768      ;
; 0.549 ; lpm_counter:inst6|cntr_f3g:auto_generated|counter_reg_bit[13] ; lpm_counter:inst6|cntr_f3g:auto_generated|counter_reg_bit[13] ; CLOCK_50                                                      ; CLOCK_50    ; 0.000        ; 0.063      ; 0.769      ;
; 0.549 ; lpm_counter:inst6|cntr_f3g:auto_generated|counter_reg_bit[11] ; lpm_counter:inst6|cntr_f3g:auto_generated|counter_reg_bit[11] ; CLOCK_50                                                      ; CLOCK_50    ; 0.000        ; 0.063      ; 0.769      ;
; 0.549 ; lpm_counter:inst6|cntr_f3g:auto_generated|counter_reg_bit[8]  ; lpm_counter:inst6|cntr_f3g:auto_generated|counter_reg_bit[8]  ; CLOCK_50                                                      ; CLOCK_50    ; 0.000        ; 0.063      ; 0.769      ;
; 0.549 ; lpm_counter:inst6|cntr_f3g:auto_generated|counter_reg_bit[2]  ; lpm_counter:inst6|cntr_f3g:auto_generated|counter_reg_bit[2]  ; CLOCK_50                                                      ; CLOCK_50    ; 0.000        ; 0.063      ; 0.769      ;
; 0.550 ; lpm_counter:inst6|cntr_f3g:auto_generated|counter_reg_bit[9]  ; lpm_counter:inst6|cntr_f3g:auto_generated|counter_reg_bit[9]  ; CLOCK_50                                                      ; CLOCK_50    ; 0.000        ; 0.063      ; 0.770      ;
; 0.550 ; lpm_counter:inst6|cntr_f3g:auto_generated|counter_reg_bit[1]  ; lpm_counter:inst6|cntr_f3g:auto_generated|counter_reg_bit[1]  ; CLOCK_50                                                      ; CLOCK_50    ; 0.000        ; 0.063      ; 0.770      ;
; 0.551 ; lpm_counter:inst6|cntr_f3g:auto_generated|counter_reg_bit[14] ; lpm_counter:inst6|cntr_f3g:auto_generated|counter_reg_bit[14] ; CLOCK_50                                                      ; CLOCK_50    ; 0.000        ; 0.063      ; 0.771      ;
; 0.551 ; lpm_counter:inst6|cntr_f3g:auto_generated|counter_reg_bit[7]  ; lpm_counter:inst6|cntr_f3g:auto_generated|counter_reg_bit[7]  ; CLOCK_50                                                      ; CLOCK_50    ; 0.000        ; 0.063      ; 0.771      ;
; 0.551 ; lpm_counter:inst6|cntr_f3g:auto_generated|counter_reg_bit[5]  ; lpm_counter:inst6|cntr_f3g:auto_generated|counter_reg_bit[5]  ; CLOCK_50                                                      ; CLOCK_50    ; 0.000        ; 0.063      ; 0.771      ;
; 0.553 ; lpm_counter:inst6|cntr_f3g:auto_generated|counter_reg_bit[6]  ; lpm_counter:inst6|cntr_f3g:auto_generated|counter_reg_bit[6]  ; CLOCK_50                                                      ; CLOCK_50    ; 0.000        ; 0.063      ; 0.773      ;
; 0.553 ; lpm_counter:inst6|cntr_f3g:auto_generated|counter_reg_bit[4]  ; lpm_counter:inst6|cntr_f3g:auto_generated|counter_reg_bit[4]  ; CLOCK_50                                                      ; CLOCK_50    ; 0.000        ; 0.063      ; 0.773      ;
; 0.564 ; lpm_counter:inst6|cntr_f3g:auto_generated|counter_reg_bit[13] ; lpm_counter:inst6|cntr_f3g:auto_generated|counter_reg_bit[15] ; CLOCK_50                                                      ; CLOCK_50    ; 0.000        ; 0.432      ; 1.153      ;
; 0.566 ; lpm_counter:inst6|cntr_f3g:auto_generated|counter_reg_bit[0]  ; lpm_counter:inst6|cntr_f3g:auto_generated|counter_reg_bit[0]  ; CLOCK_50                                                      ; CLOCK_50    ; 0.000        ; 0.063      ; 0.786      ;
; 0.566 ; lpm_counter:inst6|cntr_f3g:auto_generated|counter_reg_bit[13] ; lpm_counter:inst6|cntr_f3g:auto_generated|counter_reg_bit[16] ; CLOCK_50                                                      ; CLOCK_50    ; 0.000        ; 0.432      ; 1.155      ;
; 0.579 ; lpm_counter:inst6|cntr_f3g:auto_generated|counter_reg_bit[12] ; lpm_counter:inst6|cntr_f3g:auto_generated|counter_reg_bit[15] ; CLOCK_50                                                      ; CLOCK_50    ; 0.000        ; 0.432      ; 1.168      ;
; 0.581 ; lpm_counter:inst6|cntr_f3g:auto_generated|counter_reg_bit[14] ; lpm_counter:inst6|cntr_f3g:auto_generated|counter_reg_bit[17] ; CLOCK_50                                                      ; CLOCK_50    ; 0.000        ; 0.432      ; 1.170      ;
; 0.581 ; lpm_counter:inst6|cntr_f3g:auto_generated|counter_reg_bit[12] ; lpm_counter:inst6|cntr_f3g:auto_generated|counter_reg_bit[16] ; CLOCK_50                                                      ; CLOCK_50    ; 0.000        ; 0.432      ; 1.170      ;
; 0.583 ; lpm_counter:inst6|cntr_f3g:auto_generated|counter_reg_bit[14] ; lpm_counter:inst6|cntr_f3g:auto_generated|counter_reg_bit[18] ; CLOCK_50                                                      ; CLOCK_50    ; 0.000        ; 0.432      ; 1.172      ;
; 0.676 ; lpm_counter:inst6|cntr_f3g:auto_generated|counter_reg_bit[11] ; lpm_counter:inst6|cntr_f3g:auto_generated|counter_reg_bit[15] ; CLOCK_50                                                      ; CLOCK_50    ; 0.000        ; 0.432      ; 1.265      ;
; 0.676 ; lpm_counter:inst6|cntr_f3g:auto_generated|counter_reg_bit[13] ; lpm_counter:inst6|cntr_f3g:auto_generated|counter_reg_bit[17] ; CLOCK_50                                                      ; CLOCK_50    ; 0.000        ; 0.432      ; 1.265      ;
; 0.678 ; lpm_counter:inst6|cntr_f3g:auto_generated|counter_reg_bit[11] ; lpm_counter:inst6|cntr_f3g:auto_generated|counter_reg_bit[16] ; CLOCK_50                                                      ; CLOCK_50    ; 0.000        ; 0.432      ; 1.267      ;
; 0.678 ; lpm_counter:inst6|cntr_f3g:auto_generated|counter_reg_bit[13] ; lpm_counter:inst6|cntr_f3g:auto_generated|counter_reg_bit[18] ; CLOCK_50                                                      ; CLOCK_50    ; 0.000        ; 0.432      ; 1.267      ;
; 0.691 ; lpm_counter:inst6|cntr_f3g:auto_generated|counter_reg_bit[10] ; lpm_counter:inst6|cntr_f3g:auto_generated|counter_reg_bit[15] ; CLOCK_50                                                      ; CLOCK_50    ; 0.000        ; 0.432      ; 1.280      ;
; 0.691 ; lpm_counter:inst6|cntr_f3g:auto_generated|counter_reg_bit[12] ; lpm_counter:inst6|cntr_f3g:auto_generated|counter_reg_bit[17] ; CLOCK_50                                                      ; CLOCK_50    ; 0.000        ; 0.432      ; 1.280      ;
; 0.693 ; lpm_counter:inst6|cntr_f3g:auto_generated|counter_reg_bit[14] ; lpm_counter:inst6|cntr_f3g:auto_generated|counter_reg_bit[19] ; CLOCK_50                                                      ; CLOCK_50    ; 0.000        ; 0.432      ; 1.282      ;
; 0.693 ; lpm_counter:inst6|cntr_f3g:auto_generated|counter_reg_bit[10] ; lpm_counter:inst6|cntr_f3g:auto_generated|counter_reg_bit[16] ; CLOCK_50                                                      ; CLOCK_50    ; 0.000        ; 0.432      ; 1.282      ;
; 0.693 ; lpm_counter:inst6|cntr_f3g:auto_generated|counter_reg_bit[12] ; lpm_counter:inst6|cntr_f3g:auto_generated|counter_reg_bit[18] ; CLOCK_50                                                      ; CLOCK_50    ; 0.000        ; 0.432      ; 1.282      ;
; 0.695 ; lpm_counter:inst6|cntr_f3g:auto_generated|counter_reg_bit[14] ; lpm_counter:inst6|cntr_f3g:auto_generated|counter_reg_bit[20] ; CLOCK_50                                                      ; CLOCK_50    ; 0.000        ; 0.432      ; 1.284      ;
; 0.788 ; lpm_counter:inst6|cntr_f3g:auto_generated|counter_reg_bit[11] ; lpm_counter:inst6|cntr_f3g:auto_generated|counter_reg_bit[17] ; CLOCK_50                                                      ; CLOCK_50    ; 0.000        ; 0.432      ; 1.377      ;
; 0.788 ; lpm_counter:inst6|cntr_f3g:auto_generated|counter_reg_bit[13] ; lpm_counter:inst6|cntr_f3g:auto_generated|counter_reg_bit[19] ; CLOCK_50                                                      ; CLOCK_50    ; 0.000        ; 0.432      ; 1.377      ;
; 0.789 ; lpm_counter:inst6|cntr_f3g:auto_generated|counter_reg_bit[9]  ; lpm_counter:inst6|cntr_f3g:auto_generated|counter_reg_bit[15] ; CLOCK_50                                                      ; CLOCK_50    ; 0.000        ; 0.432      ; 1.378      ;
; 0.790 ; lpm_counter:inst6|cntr_f3g:auto_generated|counter_reg_bit[11] ; lpm_counter:inst6|cntr_f3g:auto_generated|counter_reg_bit[18] ; CLOCK_50                                                      ; CLOCK_50    ; 0.000        ; 0.432      ; 1.379      ;
; 0.790 ; lpm_counter:inst6|cntr_f3g:auto_generated|counter_reg_bit[13] ; lpm_counter:inst6|cntr_f3g:auto_generated|counter_reg_bit[20] ; CLOCK_50                                                      ; CLOCK_50    ; 0.000        ; 0.432      ; 1.379      ;
; 0.791 ; lpm_counter:inst6|cntr_f3g:auto_generated|counter_reg_bit[9]  ; lpm_counter:inst6|cntr_f3g:auto_generated|counter_reg_bit[16] ; CLOCK_50                                                      ; CLOCK_50    ; 0.000        ; 0.432      ; 1.380      ;
; 0.803 ; lpm_counter:inst6|cntr_f3g:auto_generated|counter_reg_bit[10] ; lpm_counter:inst6|cntr_f3g:auto_generated|counter_reg_bit[17] ; CLOCK_50                                                      ; CLOCK_50    ; 0.000        ; 0.432      ; 1.392      ;
; 0.803 ; lpm_counter:inst6|cntr_f3g:auto_generated|counter_reg_bit[12] ; lpm_counter:inst6|cntr_f3g:auto_generated|counter_reg_bit[19] ; CLOCK_50                                                      ; CLOCK_50    ; 0.000        ; 0.432      ; 1.392      ;
; 0.804 ; lpm_counter:inst6|cntr_f3g:auto_generated|counter_reg_bit[8]  ; lpm_counter:inst6|cntr_f3g:auto_generated|counter_reg_bit[15] ; CLOCK_50                                                      ; CLOCK_50    ; 0.000        ; 0.432      ; 1.393      ;
; 0.805 ; lpm_counter:inst6|cntr_f3g:auto_generated|counter_reg_bit[14] ; lpm_counter:inst6|cntr_f3g:auto_generated|counter_reg_bit[21] ; CLOCK_50                                                      ; CLOCK_50    ; 0.000        ; 0.432      ; 1.394      ;
; 0.805 ; lpm_counter:inst6|cntr_f3g:auto_generated|counter_reg_bit[10] ; lpm_counter:inst6|cntr_f3g:auto_generated|counter_reg_bit[18] ; CLOCK_50                                                      ; CLOCK_50    ; 0.000        ; 0.432      ; 1.394      ;
; 0.805 ; lpm_counter:inst6|cntr_f3g:auto_generated|counter_reg_bit[12] ; lpm_counter:inst6|cntr_f3g:auto_generated|counter_reg_bit[20] ; CLOCK_50                                                      ; CLOCK_50    ; 0.000        ; 0.432      ; 1.394      ;
; 0.806 ; lpm_counter:inst6|cntr_f3g:auto_generated|counter_reg_bit[8]  ; lpm_counter:inst6|cntr_f3g:auto_generated|counter_reg_bit[16] ; CLOCK_50                                                      ; CLOCK_50    ; 0.000        ; 0.432      ; 1.395      ;
; 0.807 ; lpm_counter:inst6|cntr_f3g:auto_generated|counter_reg_bit[14] ; lpm_counter:inst6|cntr_f3g:auto_generated|counter_reg_bit[22] ; CLOCK_50                                                      ; CLOCK_50    ; 0.000        ; 0.432      ; 1.396      ;
; 0.810 ; lpm_counter:inst6|cntr_f3g:auto_generated|counter_reg_bit[15] ; lpm_counter:inst6|cntr_f3g:auto_generated|counter_reg_bit[16] ; CLOCK_50                                                      ; CLOCK_50    ; 0.000        ; 0.077      ; 1.044      ;
; 0.810 ; lpm_counter:inst6|cntr_f3g:auto_generated|counter_reg_bit[19] ; lpm_counter:inst6|cntr_f3g:auto_generated|counter_reg_bit[20] ; CLOCK_50                                                      ; CLOCK_50    ; 0.000        ; 0.077      ; 1.044      ;
; 0.811 ; lpm_counter:inst6|cntr_f3g:auto_generated|counter_reg_bit[17] ; lpm_counter:inst6|cntr_f3g:auto_generated|counter_reg_bit[18] ; CLOCK_50                                                      ; CLOCK_50    ; 0.000        ; 0.077      ; 1.045      ;
; 0.812 ; lpm_counter:inst6|cntr_f3g:auto_generated|counter_reg_bit[23] ; lpm_counter:inst6|cntr_f3g:auto_generated|counter_reg_bit[24] ; CLOCK_50                                                      ; CLOCK_50    ; 0.000        ; 0.077      ; 1.046      ;
; 0.812 ; lpm_counter:inst6|cntr_f3g:auto_generated|counter_reg_bit[21] ; lpm_counter:inst6|cntr_f3g:auto_generated|counter_reg_bit[22] ; CLOCK_50                                                      ; CLOCK_50    ; 0.000        ; 0.077      ; 1.046      ;
; 0.816 ; lpm_counter:inst6|cntr_f3g:auto_generated|counter_reg_bit[25] ; lpm_counter:inst6|cntr_f3g:auto_generated|counter_reg_bit[25] ; lpm_counter:inst6|cntr_f3g:auto_generated|counter_reg_bit[25] ; CLOCK_50    ; 0.000        ; 2.165      ; 3.367      ;
; 0.823 ; lpm_counter:inst6|cntr_f3g:auto_generated|counter_reg_bit[11] ; lpm_counter:inst6|cntr_f3g:auto_generated|counter_reg_bit[12] ; CLOCK_50                                                      ; CLOCK_50    ; 0.000        ; 0.063      ; 1.043      ;
; 0.823 ; lpm_counter:inst6|cntr_f3g:auto_generated|counter_reg_bit[13] ; lpm_counter:inst6|cntr_f3g:auto_generated|counter_reg_bit[14] ; CLOCK_50                                                      ; CLOCK_50    ; 0.000        ; 0.063      ; 1.043      ;
; 0.823 ; lpm_counter:inst6|cntr_f3g:auto_generated|counter_reg_bit[3]  ; lpm_counter:inst6|cntr_f3g:auto_generated|counter_reg_bit[4]  ; CLOCK_50                                                      ; CLOCK_50    ; 0.000        ; 0.063      ; 1.043      ;
; 0.823 ; lpm_counter:inst6|cntr_f3g:auto_generated|counter_reg_bit[16] ; lpm_counter:inst6|cntr_f3g:auto_generated|counter_reg_bit[17] ; CLOCK_50                                                      ; CLOCK_50    ; 0.000        ; 0.077      ; 1.057      ;
; 0.824 ; lpm_counter:inst6|cntr_f3g:auto_generated|counter_reg_bit[9]  ; lpm_counter:inst6|cntr_f3g:auto_generated|counter_reg_bit[10] ; CLOCK_50                                                      ; CLOCK_50    ; 0.000        ; 0.063      ; 1.044      ;
; 0.824 ; lpm_counter:inst6|cntr_f3g:auto_generated|counter_reg_bit[1]  ; lpm_counter:inst6|cntr_f3g:auto_generated|counter_reg_bit[2]  ; CLOCK_50                                                      ; CLOCK_50    ; 0.000        ; 0.063      ; 1.044      ;
; 0.824 ; lpm_counter:inst6|cntr_f3g:auto_generated|counter_reg_bit[18] ; lpm_counter:inst6|cntr_f3g:auto_generated|counter_reg_bit[19] ; CLOCK_50                                                      ; CLOCK_50    ; 0.000        ; 0.077      ; 1.058      ;
; 0.825 ; lpm_counter:inst6|cntr_f3g:auto_generated|counter_reg_bit[7]  ; lpm_counter:inst6|cntr_f3g:auto_generated|counter_reg_bit[8]  ; CLOCK_50                                                      ; CLOCK_50    ; 0.000        ; 0.063      ; 1.045      ;
; 0.825 ; lpm_counter:inst6|cntr_f3g:auto_generated|counter_reg_bit[5]  ; lpm_counter:inst6|cntr_f3g:auto_generated|counter_reg_bit[6]  ; CLOCK_50                                                      ; CLOCK_50    ; 0.000        ; 0.063      ; 1.045      ;
; 0.825 ; lpm_counter:inst6|cntr_f3g:auto_generated|counter_reg_bit[16] ; lpm_counter:inst6|cntr_f3g:auto_generated|counter_reg_bit[18] ; CLOCK_50                                                      ; CLOCK_50    ; 0.000        ; 0.077      ; 1.059      ;
; 0.826 ; lpm_counter:inst6|cntr_f3g:auto_generated|counter_reg_bit[18] ; lpm_counter:inst6|cntr_f3g:auto_generated|counter_reg_bit[20] ; CLOCK_50                                                      ; CLOCK_50    ; 0.000        ; 0.077      ; 1.060      ;
; 0.827 ; lpm_counter:inst6|cntr_f3g:auto_generated|counter_reg_bit[22] ; lpm_counter:inst6|cntr_f3g:auto_generated|counter_reg_bit[23] ; CLOCK_50                                                      ; CLOCK_50    ; 0.000        ; 0.077      ; 1.061      ;
; 0.827 ; lpm_counter:inst6|cntr_f3g:auto_generated|counter_reg_bit[20] ; lpm_counter:inst6|cntr_f3g:auto_generated|counter_reg_bit[21] ; CLOCK_50                                                      ; CLOCK_50    ; 0.000        ; 0.077      ; 1.061      ;
; 0.829 ; lpm_counter:inst6|cntr_f3g:auto_generated|counter_reg_bit[20] ; lpm_counter:inst6|cntr_f3g:auto_generated|counter_reg_bit[22] ; CLOCK_50                                                      ; CLOCK_50    ; 0.000        ; 0.077      ; 1.063      ;
; 0.829 ; lpm_counter:inst6|cntr_f3g:auto_generated|counter_reg_bit[22] ; lpm_counter:inst6|cntr_f3g:auto_generated|counter_reg_bit[24] ; CLOCK_50                                                      ; CLOCK_50    ; 0.000        ; 0.077      ; 1.063      ;
; 0.836 ; lpm_counter:inst6|cntr_f3g:auto_generated|counter_reg_bit[12] ; lpm_counter:inst6|cntr_f3g:auto_generated|counter_reg_bit[13] ; CLOCK_50                                                      ; CLOCK_50    ; 0.000        ; 0.063      ; 1.056      ;
; 0.836 ; lpm_counter:inst6|cntr_f3g:auto_generated|counter_reg_bit[10] ; lpm_counter:inst6|cntr_f3g:auto_generated|counter_reg_bit[11] ; CLOCK_50                                                      ; CLOCK_50    ; 0.000        ; 0.063      ; 1.056      ;
; 0.836 ; lpm_counter:inst6|cntr_f3g:auto_generated|counter_reg_bit[0]  ; lpm_counter:inst6|cntr_f3g:auto_generated|counter_reg_bit[1]  ; CLOCK_50                                                      ; CLOCK_50    ; 0.000        ; 0.063      ; 1.056      ;
; 0.837 ; lpm_counter:inst6|cntr_f3g:auto_generated|counter_reg_bit[2]  ; lpm_counter:inst6|cntr_f3g:auto_generated|counter_reg_bit[3]  ; CLOCK_50                                                      ; CLOCK_50    ; 0.000        ; 0.063      ; 1.057      ;
; 0.837 ; lpm_counter:inst6|cntr_f3g:auto_generated|counter_reg_bit[8]  ; lpm_counter:inst6|cntr_f3g:auto_generated|counter_reg_bit[9]  ; CLOCK_50                                                      ; CLOCK_50    ; 0.000        ; 0.063      ; 1.057      ;
; 0.838 ; lpm_counter:inst6|cntr_f3g:auto_generated|counter_reg_bit[10] ; lpm_counter:inst6|cntr_f3g:auto_generated|counter_reg_bit[12] ; CLOCK_50                                                      ; CLOCK_50    ; 0.000        ; 0.063      ; 1.058      ;
; 0.838 ; lpm_counter:inst6|cntr_f3g:auto_generated|counter_reg_bit[12] ; lpm_counter:inst6|cntr_f3g:auto_generated|counter_reg_bit[14] ; CLOCK_50                                                      ; CLOCK_50    ; 0.000        ; 0.063      ; 1.058      ;
; 0.838 ; lpm_counter:inst6|cntr_f3g:auto_generated|counter_reg_bit[0]  ; lpm_counter:inst6|cntr_f3g:auto_generated|counter_reg_bit[2]  ; CLOCK_50                                                      ; CLOCK_50    ; 0.000        ; 0.063      ; 1.058      ;
; 0.839 ; lpm_counter:inst6|cntr_f3g:auto_generated|counter_reg_bit[2]  ; lpm_counter:inst6|cntr_f3g:auto_generated|counter_reg_bit[4]  ; CLOCK_50                                                      ; CLOCK_50    ; 0.000        ; 0.063      ; 1.059      ;
; 0.839 ; lpm_counter:inst6|cntr_f3g:auto_generated|counter_reg_bit[8]  ; lpm_counter:inst6|cntr_f3g:auto_generated|counter_reg_bit[10] ; CLOCK_50                                                      ; CLOCK_50    ; 0.000        ; 0.063      ; 1.059      ;
; 0.840 ; lpm_counter:inst6|cntr_f3g:auto_generated|counter_reg_bit[6]  ; lpm_counter:inst6|cntr_f3g:auto_generated|counter_reg_bit[7]  ; CLOCK_50                                                      ; CLOCK_50    ; 0.000        ; 0.063      ; 1.060      ;
; 0.840 ; lpm_counter:inst6|cntr_f3g:auto_generated|counter_reg_bit[4]  ; lpm_counter:inst6|cntr_f3g:auto_generated|counter_reg_bit[5]  ; CLOCK_50                                                      ; CLOCK_50    ; 0.000        ; 0.063      ; 1.060      ;
; 0.842 ; lpm_counter:inst6|cntr_f3g:auto_generated|counter_reg_bit[6]  ; lpm_counter:inst6|cntr_f3g:auto_generated|counter_reg_bit[8]  ; CLOCK_50                                                      ; CLOCK_50    ; 0.000        ; 0.063      ; 1.062      ;
; 0.842 ; lpm_counter:inst6|cntr_f3g:auto_generated|counter_reg_bit[4]  ; lpm_counter:inst6|cntr_f3g:auto_generated|counter_reg_bit[6]  ; CLOCK_50                                                      ; CLOCK_50    ; 0.000        ; 0.063      ; 1.062      ;
; 0.900 ; lpm_counter:inst6|cntr_f3g:auto_generated|counter_reg_bit[11] ; lpm_counter:inst6|cntr_f3g:auto_generated|counter_reg_bit[19] ; CLOCK_50                                                      ; CLOCK_50    ; 0.000        ; 0.432      ; 1.489      ;
; 0.900 ; lpm_counter:inst6|cntr_f3g:auto_generated|counter_reg_bit[13] ; lpm_counter:inst6|cntr_f3g:auto_generated|counter_reg_bit[21] ; CLOCK_50                                                      ; CLOCK_50    ; 0.000        ; 0.432      ; 1.489      ;
; 0.901 ; lpm_counter:inst6|cntr_f3g:auto_generated|counter_reg_bit[9]  ; lpm_counter:inst6|cntr_f3g:auto_generated|counter_reg_bit[17] ; CLOCK_50                                                      ; CLOCK_50    ; 0.000        ; 0.432      ; 1.490      ;
; 0.902 ; lpm_counter:inst6|cntr_f3g:auto_generated|counter_reg_bit[7]  ; lpm_counter:inst6|cntr_f3g:auto_generated|counter_reg_bit[15] ; CLOCK_50                                                      ; CLOCK_50    ; 0.000        ; 0.432      ; 1.491      ;
; 0.902 ; lpm_counter:inst6|cntr_f3g:auto_generated|counter_reg_bit[11] ; lpm_counter:inst6|cntr_f3g:auto_generated|counter_reg_bit[20] ; CLOCK_50                                                      ; CLOCK_50    ; 0.000        ; 0.432      ; 1.491      ;
; 0.902 ; lpm_counter:inst6|cntr_f3g:auto_generated|counter_reg_bit[13] ; lpm_counter:inst6|cntr_f3g:auto_generated|counter_reg_bit[22] ; CLOCK_50                                                      ; CLOCK_50    ; 0.000        ; 0.432      ; 1.491      ;
; 0.903 ; lpm_counter:inst6|cntr_f3g:auto_generated|counter_reg_bit[9]  ; lpm_counter:inst6|cntr_f3g:auto_generated|counter_reg_bit[18] ; CLOCK_50                                                      ; CLOCK_50    ; 0.000        ; 0.432      ; 1.492      ;
; 0.904 ; lpm_counter:inst6|cntr_f3g:auto_generated|counter_reg_bit[7]  ; lpm_counter:inst6|cntr_f3g:auto_generated|counter_reg_bit[16] ; CLOCK_50                                                      ; CLOCK_50    ; 0.000        ; 0.432      ; 1.493      ;
+-------+---------------------------------------------------------------+---------------------------------------------------------------+---------------------------------------------------------------+-------------+--------------+------------+------------+


+-----------------------------------------------------------------------------------------------------------------------------------------------------------------+
; Slow 1200mV 85C Model Recovery: 'KEY[1]'                                                                                                                        ;
+--------+----------------+----------------+---------------------------------------------------------------+-------------+--------------+------------+------------+
; Slack  ; From Node      ; To Node        ; Launch Clock                                                  ; Latch Clock ; Relationship ; Clock Skew ; Data Delay ;
+--------+----------------+----------------+---------------------------------------------------------------+-------------+--------------+------------+------------+
; -0.746 ; 74164:inst32|7 ; 7474:inst31|10 ; lpm_counter:inst6|cntr_f3g:auto_generated|counter_reg_bit[25] ; KEY[1]      ; 1.000        ; -0.309     ; 1.422      ;
+--------+----------------+----------------+---------------------------------------------------------------+-------------+--------------+------------+------------+


+------------------------------------------------------------------------------------------------------------------------------------------------------------------------------------------------------------------+
; Slow 1200mV 85C Model Recovery: 'lpm_counter:inst6|cntr_f3g:auto_generated|counter_reg_bit[25]'                                                                                                                  ;
+--------+----------------+---------------+---------------------------------------------------------------+---------------------------------------------------------------+--------------+------------+------------+
; Slack  ; From Node      ; To Node       ; Launch Clock                                                  ; Latch Clock                                                   ; Relationship ; Clock Skew ; Data Delay ;
+--------+----------------+---------------+---------------------------------------------------------------+---------------------------------------------------------------+--------------+------------+------------+
; -0.340 ; 74164:inst32|7 ; 7474:inst31|9 ; lpm_counter:inst6|cntr_f3g:auto_generated|counter_reg_bit[25] ; lpm_counter:inst6|cntr_f3g:auto_generated|counter_reg_bit[25] ; 1.000        ; -0.063     ; 1.272      ;
+--------+----------------+---------------+---------------------------------------------------------------+---------------------------------------------------------------+--------------+------------+------------+


+-----------------------------------------------------------------------------------------------------------------------------------------------------------------------------------------------------------------+
; Slow 1200mV 85C Model Removal: 'lpm_counter:inst6|cntr_f3g:auto_generated|counter_reg_bit[25]'                                                                                                                  ;
+-------+----------------+---------------+---------------------------------------------------------------+---------------------------------------------------------------+--------------+------------+------------+
; Slack ; From Node      ; To Node       ; Launch Clock                                                  ; Latch Clock                                                   ; Relationship ; Clock Skew ; Data Delay ;
+-------+----------------+---------------+---------------------------------------------------------------+---------------------------------------------------------------+--------------+------------+------------+
; 0.914 ; 74164:inst32|7 ; 7474:inst31|9 ; lpm_counter:inst6|cntr_f3g:auto_generated|counter_reg_bit[25] ; lpm_counter:inst6|cntr_f3g:auto_generated|counter_reg_bit[25] ; 0.000        ; 0.063      ; 1.134      ;
+-------+----------------+---------------+---------------------------------------------------------------+---------------------------------------------------------------+--------------+------------+------------+


+----------------------------------------------------------------------------------------------------------------------------------------------------------------+
; Slow 1200mV 85C Model Removal: 'KEY[1]'                                                                                                                        ;
+-------+----------------+----------------+---------------------------------------------------------------+-------------+--------------+------------+------------+
; Slack ; From Node      ; To Node        ; Launch Clock                                                  ; Latch Clock ; Relationship ; Clock Skew ; Data Delay ;
+-------+----------------+----------------+---------------------------------------------------------------+-------------+--------------+------------+------------+
; 1.215 ; 74164:inst32|7 ; 7474:inst31|10 ; lpm_counter:inst6|cntr_f3g:auto_generated|counter_reg_bit[25] ; KEY[1]      ; 0.000        ; -0.113     ; 1.289      ;
+-------+----------------+----------------+---------------------------------------------------------------+-------------+--------------+------------+------------+


-----------------------------------------------
; Slow 1200mV 85C Model Metastability Summary ;
-----------------------------------------------
No synchronizer chains to report.


+--------------------------------------------------------------------------------------------------------------------------------------------------------------+
; Slow 1200mV 0C Model Fmax Summary                                                                                                                            ;
+------------+-----------------+---------------------------------------------------------------+---------------------------------------------------------------+
; Fmax       ; Restricted Fmax ; Clock Name                                                    ; Note                                                          ;
+------------+-----------------+---------------------------------------------------------------+---------------------------------------------------------------+
; 402.41 MHz ; 250.0 MHz       ; CLOCK_50                                                      ; limit due to minimum period restriction (max I/O toggle rate) ;
; 1132.5 MHz ; 250.0 MHz       ; MIO1                                                          ; limit due to minimum period restriction (max I/O toggle rate) ;
; 1221.0 MHz ; 500.0 MHz       ; lpm_counter:inst6|cntr_f3g:auto_generated|counter_reg_bit[25] ; limit due to minimum period restriction (tmin)                ;
+------------+-----------------+---------------------------------------------------------------+---------------------------------------------------------------+
This panel reports FMAX for every clock in the design, regardless of the user-specified clock periods.  FMAX is only computed for paths where the source and destination registers or ports are driven by the same clock.  Paths of different clocks, including generated clocks, are ignored.  For paths between a clock and its inversion, FMAX is computed as if the rising and falling edges are scaled along with FMAX, such that the duty cycle (in terms of a percentage) is maintained. Altera recommends that you always use clock constraints and other slack reports for sign-off analysis.


+----------------------------------------------------------------------------------------+
; Slow 1200mV 0C Model Setup Summary                                                     ;
+---------------------------------------------------------------+--------+---------------+
; Clock                                                         ; Slack  ; End Point TNS ;
+---------------------------------------------------------------+--------+---------------+
; CLOCK_50                                                      ; -1.485 ; -19.583       ;
; MIO1                                                          ; 0.117  ; 0.000         ;
; lpm_counter:inst6|cntr_f3g:auto_generated|counter_reg_bit[25] ; 0.181  ; 0.000         ;
+---------------------------------------------------------------+--------+---------------+


+---------------------------------------------------------------------------------------+
; Slow 1200mV 0C Model Hold Summary                                                     ;
+---------------------------------------------------------------+-------+---------------+
; Clock                                                         ; Slack ; End Point TNS ;
+---------------------------------------------------------------+-------+---------------+
; MIO1                                                          ; 0.333 ; 0.000         ;
; lpm_counter:inst6|cntr_f3g:auto_generated|counter_reg_bit[25] ; 0.355 ; 0.000         ;
; CLOCK_50                                                      ; 0.413 ; 0.000         ;
+---------------------------------------------------------------+-------+---------------+


+----------------------------------------------------------------------------------------+
; Slow 1200mV 0C Model Recovery Summary                                                  ;
+---------------------------------------------------------------+--------+---------------+
; Clock                                                         ; Slack  ; End Point TNS ;
+---------------------------------------------------------------+--------+---------------+
; KEY[1]                                                        ; -0.526 ; -0.526        ;
; lpm_counter:inst6|cntr_f3g:auto_generated|counter_reg_bit[25] ; -0.194 ; -0.194        ;
+---------------------------------------------------------------+--------+---------------+


+---------------------------------------------------------------------------------------+
; Slow 1200mV 0C Model Removal Summary                                                  ;
+---------------------------------------------------------------+-------+---------------+
; Clock                                                         ; Slack ; End Point TNS ;
+---------------------------------------------------------------+-------+---------------+
; lpm_counter:inst6|cntr_f3g:auto_generated|counter_reg_bit[25] ; 0.823 ; 0.000         ;
; KEY[1]                                                        ; 1.071 ; 0.000         ;
+---------------------------------------------------------------+-------+---------------+


+----------------------------------------------------------------------------------------+
; Slow 1200mV 0C Model Minimum Pulse Width Summary                                       ;
+---------------------------------------------------------------+--------+---------------+
; Clock                                                         ; Slack  ; End Point TNS ;
+---------------------------------------------------------------+--------+---------------+
; CLOCK_50                                                      ; -3.000 ; -29.000       ;
; MIO1                                                          ; -3.000 ; -7.000        ;
; KEY[1]                                                        ; -3.000 ; -4.000        ;
; lpm_counter:inst6|cntr_f3g:auto_generated|counter_reg_bit[25] ; -1.000 ; -9.000        ;
+---------------------------------------------------------------+--------+---------------+


+---------------------------------------------------------------------------------------------------------------------------------------------------------------------------------------------------------------------------------------------------------------+
; Slow 1200mV 0C Model Setup: 'CLOCK_50'                                                                                                                                                                                                                        ;
+--------+---------------------------------------------------------------+---------------------------------------------------------------+---------------------------------------------------------------+-------------+--------------+------------+------------+
; Slack  ; From Node                                                     ; To Node                                                       ; Launch Clock                                                  ; Latch Clock ; Relationship ; Clock Skew ; Data Delay ;
+--------+---------------------------------------------------------------+---------------------------------------------------------------+---------------------------------------------------------------+-------------+--------------+------------+------------+
; -1.485 ; lpm_counter:inst6|cntr_f3g:auto_generated|counter_reg_bit[0]  ; lpm_counter:inst6|cntr_f3g:auto_generated|counter_reg_bit[25] ; CLOCK_50                                                      ; CLOCK_50    ; 1.000        ; -0.055     ; 2.425      ;
; -1.471 ; lpm_counter:inst6|cntr_f3g:auto_generated|counter_reg_bit[1]  ; lpm_counter:inst6|cntr_f3g:auto_generated|counter_reg_bit[25] ; CLOCK_50                                                      ; CLOCK_50    ; 1.000        ; -0.055     ; 2.411      ;
; -1.386 ; lpm_counter:inst6|cntr_f3g:auto_generated|counter_reg_bit[2]  ; lpm_counter:inst6|cntr_f3g:auto_generated|counter_reg_bit[25] ; CLOCK_50                                                      ; CLOCK_50    ; 1.000        ; -0.055     ; 2.326      ;
; -1.369 ; lpm_counter:inst6|cntr_f3g:auto_generated|counter_reg_bit[3]  ; lpm_counter:inst6|cntr_f3g:auto_generated|counter_reg_bit[25] ; CLOCK_50                                                      ; CLOCK_50    ; 1.000        ; -0.055     ; 2.309      ;
; -1.290 ; lpm_counter:inst6|cntr_f3g:auto_generated|counter_reg_bit[4]  ; lpm_counter:inst6|cntr_f3g:auto_generated|counter_reg_bit[25] ; CLOCK_50                                                      ; CLOCK_50    ; 1.000        ; -0.055     ; 2.230      ;
; -1.272 ; lpm_counter:inst6|cntr_f3g:auto_generated|counter_reg_bit[5]  ; lpm_counter:inst6|cntr_f3g:auto_generated|counter_reg_bit[25] ; CLOCK_50                                                      ; CLOCK_50    ; 1.000        ; -0.055     ; 2.212      ;
; -1.190 ; lpm_counter:inst6|cntr_f3g:auto_generated|counter_reg_bit[6]  ; lpm_counter:inst6|cntr_f3g:auto_generated|counter_reg_bit[25] ; CLOCK_50                                                      ; CLOCK_50    ; 1.000        ; -0.055     ; 2.130      ;
; -1.173 ; lpm_counter:inst6|cntr_f3g:auto_generated|counter_reg_bit[7]  ; lpm_counter:inst6|cntr_f3g:auto_generated|counter_reg_bit[25] ; CLOCK_50                                                      ; CLOCK_50    ; 1.000        ; -0.055     ; 2.113      ;
; -1.170 ; lpm_counter:inst6|cntr_f3g:auto_generated|counter_reg_bit[1]  ; lpm_counter:inst6|cntr_f3g:auto_generated|counter_reg_bit[24] ; CLOCK_50                                                      ; CLOCK_50    ; 1.000        ; 0.264      ; 2.429      ;
; -1.104 ; lpm_counter:inst6|cntr_f3g:auto_generated|counter_reg_bit[15] ; lpm_counter:inst6|cntr_f3g:auto_generated|counter_reg_bit[25] ; CLOCK_50                                                      ; CLOCK_50    ; 1.000        ; -0.388     ; 1.711      ;
; -1.103 ; lpm_counter:inst6|cntr_f3g:auto_generated|counter_reg_bit[0]  ; lpm_counter:inst6|cntr_f3g:auto_generated|counter_reg_bit[24] ; CLOCK_50                                                      ; CLOCK_50    ; 1.000        ; 0.264      ; 2.362      ;
; -1.086 ; lpm_counter:inst6|cntr_f3g:auto_generated|counter_reg_bit[8]  ; lpm_counter:inst6|cntr_f3g:auto_generated|counter_reg_bit[25] ; CLOCK_50                                                      ; CLOCK_50    ; 1.000        ; -0.055     ; 2.026      ;
; -1.071 ; lpm_counter:inst6|cntr_f3g:auto_generated|counter_reg_bit[9]  ; lpm_counter:inst6|cntr_f3g:auto_generated|counter_reg_bit[25] ; CLOCK_50                                                      ; CLOCK_50    ; 1.000        ; -0.055     ; 2.011      ;
; -1.070 ; lpm_counter:inst6|cntr_f3g:auto_generated|counter_reg_bit[1]  ; lpm_counter:inst6|cntr_f3g:auto_generated|counter_reg_bit[22] ; CLOCK_50                                                      ; CLOCK_50    ; 1.000        ; 0.264      ; 2.329      ;
; -1.068 ; lpm_counter:inst6|cntr_f3g:auto_generated|counter_reg_bit[3]  ; lpm_counter:inst6|cntr_f3g:auto_generated|counter_reg_bit[24] ; CLOCK_50                                                      ; CLOCK_50    ; 1.000        ; 0.264      ; 2.327      ;
; -1.066 ; lpm_counter:inst6|cntr_f3g:auto_generated|counter_reg_bit[0]  ; lpm_counter:inst6|cntr_f3g:auto_generated|counter_reg_bit[23] ; CLOCK_50                                                      ; CLOCK_50    ; 1.000        ; 0.264      ; 2.325      ;
; -1.052 ; lpm_counter:inst6|cntr_f3g:auto_generated|counter_reg_bit[1]  ; lpm_counter:inst6|cntr_f3g:auto_generated|counter_reg_bit[23] ; CLOCK_50                                                      ; CLOCK_50    ; 1.000        ; 0.264      ; 2.311      ;
; -1.019 ; lpm_counter:inst6|cntr_f3g:auto_generated|counter_reg_bit[16] ; lpm_counter:inst6|cntr_f3g:auto_generated|counter_reg_bit[25] ; CLOCK_50                                                      ; CLOCK_50    ; 1.000        ; -0.388     ; 1.626      ;
; -1.006 ; lpm_counter:inst6|cntr_f3g:auto_generated|counter_reg_bit[2]  ; lpm_counter:inst6|cntr_f3g:auto_generated|counter_reg_bit[24] ; CLOCK_50                                                      ; CLOCK_50    ; 1.000        ; 0.264      ; 2.265      ;
; -1.005 ; lpm_counter:inst6|cntr_f3g:auto_generated|counter_reg_bit[17] ; lpm_counter:inst6|cntr_f3g:auto_generated|counter_reg_bit[25] ; CLOCK_50                                                      ; CLOCK_50    ; 1.000        ; -0.388     ; 1.612      ;
; -1.003 ; lpm_counter:inst6|cntr_f3g:auto_generated|counter_reg_bit[0]  ; lpm_counter:inst6|cntr_f3g:auto_generated|counter_reg_bit[22] ; CLOCK_50                                                      ; CLOCK_50    ; 1.000        ; 0.264      ; 2.262      ;
; -0.989 ; lpm_counter:inst6|cntr_f3g:auto_generated|counter_reg_bit[1]  ; lpm_counter:inst6|cntr_f3g:auto_generated|counter_reg_bit[14] ; CLOCK_50                                                      ; CLOCK_50    ; 1.000        ; -0.055     ; 1.929      ;
; -0.985 ; lpm_counter:inst6|cntr_f3g:auto_generated|counter_reg_bit[10] ; lpm_counter:inst6|cntr_f3g:auto_generated|counter_reg_bit[25] ; CLOCK_50                                                      ; CLOCK_50    ; 1.000        ; -0.055     ; 1.925      ;
; -0.971 ; lpm_counter:inst6|cntr_f3g:auto_generated|counter_reg_bit[5]  ; lpm_counter:inst6|cntr_f3g:auto_generated|counter_reg_bit[24] ; CLOCK_50                                                      ; CLOCK_50    ; 1.000        ; 0.264      ; 2.230      ;
; -0.970 ; lpm_counter:inst6|cntr_f3g:auto_generated|counter_reg_bit[1]  ; lpm_counter:inst6|cntr_f3g:auto_generated|counter_reg_bit[20] ; CLOCK_50                                                      ; CLOCK_50    ; 1.000        ; 0.264      ; 2.229      ;
; -0.970 ; lpm_counter:inst6|cntr_f3g:auto_generated|counter_reg_bit[11] ; lpm_counter:inst6|cntr_f3g:auto_generated|counter_reg_bit[25] ; CLOCK_50                                                      ; CLOCK_50    ; 1.000        ; -0.055     ; 1.910      ;
; -0.968 ; lpm_counter:inst6|cntr_f3g:auto_generated|counter_reg_bit[3]  ; lpm_counter:inst6|cntr_f3g:auto_generated|counter_reg_bit[22] ; CLOCK_50                                                      ; CLOCK_50    ; 1.000        ; 0.264      ; 2.227      ;
; -0.967 ; lpm_counter:inst6|cntr_f3g:auto_generated|counter_reg_bit[2]  ; lpm_counter:inst6|cntr_f3g:auto_generated|counter_reg_bit[23] ; CLOCK_50                                                      ; CLOCK_50    ; 1.000        ; 0.264      ; 2.226      ;
; -0.966 ; lpm_counter:inst6|cntr_f3g:auto_generated|counter_reg_bit[0]  ; lpm_counter:inst6|cntr_f3g:auto_generated|counter_reg_bit[21] ; CLOCK_50                                                      ; CLOCK_50    ; 1.000        ; 0.264      ; 2.225      ;
; -0.952 ; lpm_counter:inst6|cntr_f3g:auto_generated|counter_reg_bit[1]  ; lpm_counter:inst6|cntr_f3g:auto_generated|counter_reg_bit[21] ; CLOCK_50                                                      ; CLOCK_50    ; 1.000        ; 0.264      ; 2.211      ;
; -0.950 ; lpm_counter:inst6|cntr_f3g:auto_generated|counter_reg_bit[3]  ; lpm_counter:inst6|cntr_f3g:auto_generated|counter_reg_bit[23] ; CLOCK_50                                                      ; CLOCK_50    ; 1.000        ; 0.264      ; 2.209      ;
; -0.922 ; lpm_counter:inst6|cntr_f3g:auto_generated|counter_reg_bit[0]  ; lpm_counter:inst6|cntr_f3g:auto_generated|counter_reg_bit[14] ; CLOCK_50                                                      ; CLOCK_50    ; 1.000        ; -0.055     ; 1.862      ;
; -0.920 ; lpm_counter:inst6|cntr_f3g:auto_generated|counter_reg_bit[18] ; lpm_counter:inst6|cntr_f3g:auto_generated|counter_reg_bit[25] ; CLOCK_50                                                      ; CLOCK_50    ; 1.000        ; -0.388     ; 1.527      ;
; -0.906 ; lpm_counter:inst6|cntr_f3g:auto_generated|counter_reg_bit[2]  ; lpm_counter:inst6|cntr_f3g:auto_generated|counter_reg_bit[22] ; CLOCK_50                                                      ; CLOCK_50    ; 1.000        ; 0.264      ; 2.165      ;
; -0.903 ; lpm_counter:inst6|cntr_f3g:auto_generated|counter_reg_bit[19] ; lpm_counter:inst6|cntr_f3g:auto_generated|counter_reg_bit[25] ; CLOCK_50                                                      ; CLOCK_50    ; 1.000        ; -0.388     ; 1.510      ;
; -0.903 ; lpm_counter:inst6|cntr_f3g:auto_generated|counter_reg_bit[0]  ; lpm_counter:inst6|cntr_f3g:auto_generated|counter_reg_bit[20] ; CLOCK_50                                                      ; CLOCK_50    ; 1.000        ; 0.264      ; 2.162      ;
; -0.901 ; lpm_counter:inst6|cntr_f3g:auto_generated|counter_reg_bit[4]  ; lpm_counter:inst6|cntr_f3g:auto_generated|counter_reg_bit[24] ; CLOCK_50                                                      ; CLOCK_50    ; 1.000        ; 0.264      ; 2.160      ;
; -0.889 ; lpm_counter:inst6|cntr_f3g:auto_generated|counter_reg_bit[1]  ; lpm_counter:inst6|cntr_f3g:auto_generated|counter_reg_bit[12] ; CLOCK_50                                                      ; CLOCK_50    ; 1.000        ; -0.055     ; 1.829      ;
; -0.887 ; lpm_counter:inst6|cntr_f3g:auto_generated|counter_reg_bit[3]  ; lpm_counter:inst6|cntr_f3g:auto_generated|counter_reg_bit[14] ; CLOCK_50                                                      ; CLOCK_50    ; 1.000        ; -0.055     ; 1.827      ;
; -0.885 ; lpm_counter:inst6|cntr_f3g:auto_generated|counter_reg_bit[0]  ; lpm_counter:inst6|cntr_f3g:auto_generated|counter_reg_bit[13] ; CLOCK_50                                                      ; CLOCK_50    ; 1.000        ; -0.055     ; 1.825      ;
; -0.885 ; lpm_counter:inst6|cntr_f3g:auto_generated|counter_reg_bit[12] ; lpm_counter:inst6|cntr_f3g:auto_generated|counter_reg_bit[25] ; CLOCK_50                                                      ; CLOCK_50    ; 1.000        ; -0.055     ; 1.825      ;
; -0.872 ; lpm_counter:inst6|cntr_f3g:auto_generated|counter_reg_bit[7]  ; lpm_counter:inst6|cntr_f3g:auto_generated|counter_reg_bit[24] ; CLOCK_50                                                      ; CLOCK_50    ; 1.000        ; 0.264      ; 2.131      ;
; -0.871 ; lpm_counter:inst6|cntr_f3g:auto_generated|counter_reg_bit[5]  ; lpm_counter:inst6|cntr_f3g:auto_generated|counter_reg_bit[22] ; CLOCK_50                                                      ; CLOCK_50    ; 1.000        ; 0.264      ; 2.130      ;
; -0.871 ; lpm_counter:inst6|cntr_f3g:auto_generated|counter_reg_bit[4]  ; lpm_counter:inst6|cntr_f3g:auto_generated|counter_reg_bit[23] ; CLOCK_50                                                      ; CLOCK_50    ; 1.000        ; 0.264      ; 2.130      ;
; -0.871 ; lpm_counter:inst6|cntr_f3g:auto_generated|counter_reg_bit[1]  ; lpm_counter:inst6|cntr_f3g:auto_generated|counter_reg_bit[13] ; CLOCK_50                                                      ; CLOCK_50    ; 1.000        ; -0.055     ; 1.811      ;
; -0.870 ; lpm_counter:inst6|cntr_f3g:auto_generated|counter_reg_bit[1]  ; lpm_counter:inst6|cntr_f3g:auto_generated|counter_reg_bit[18] ; CLOCK_50                                                      ; CLOCK_50    ; 1.000        ; 0.264      ; 2.129      ;
; -0.870 ; lpm_counter:inst6|cntr_f3g:auto_generated|counter_reg_bit[13] ; lpm_counter:inst6|cntr_f3g:auto_generated|counter_reg_bit[25] ; CLOCK_50                                                      ; CLOCK_50    ; 1.000        ; -0.055     ; 1.810      ;
; -0.868 ; lpm_counter:inst6|cntr_f3g:auto_generated|counter_reg_bit[3]  ; lpm_counter:inst6|cntr_f3g:auto_generated|counter_reg_bit[20] ; CLOCK_50                                                      ; CLOCK_50    ; 1.000        ; 0.264      ; 2.127      ;
; -0.867 ; lpm_counter:inst6|cntr_f3g:auto_generated|counter_reg_bit[2]  ; lpm_counter:inst6|cntr_f3g:auto_generated|counter_reg_bit[21] ; CLOCK_50                                                      ; CLOCK_50    ; 1.000        ; 0.264      ; 2.126      ;
; -0.866 ; lpm_counter:inst6|cntr_f3g:auto_generated|counter_reg_bit[0]  ; lpm_counter:inst6|cntr_f3g:auto_generated|counter_reg_bit[19] ; CLOCK_50                                                      ; CLOCK_50    ; 1.000        ; 0.264      ; 2.125      ;
; -0.853 ; lpm_counter:inst6|cntr_f3g:auto_generated|counter_reg_bit[5]  ; lpm_counter:inst6|cntr_f3g:auto_generated|counter_reg_bit[23] ; CLOCK_50                                                      ; CLOCK_50    ; 1.000        ; 0.264      ; 2.112      ;
; -0.852 ; lpm_counter:inst6|cntr_f3g:auto_generated|counter_reg_bit[1]  ; lpm_counter:inst6|cntr_f3g:auto_generated|counter_reg_bit[19] ; CLOCK_50                                                      ; CLOCK_50    ; 1.000        ; 0.264      ; 2.111      ;
; -0.850 ; lpm_counter:inst6|cntr_f3g:auto_generated|counter_reg_bit[3]  ; lpm_counter:inst6|cntr_f3g:auto_generated|counter_reg_bit[21] ; CLOCK_50                                                      ; CLOCK_50    ; 1.000        ; 0.264      ; 2.109      ;
; -0.825 ; lpm_counter:inst6|cntr_f3g:auto_generated|counter_reg_bit[2]  ; lpm_counter:inst6|cntr_f3g:auto_generated|counter_reg_bit[14] ; CLOCK_50                                                      ; CLOCK_50    ; 1.000        ; -0.055     ; 1.765      ;
; -0.824 ; lpm_counter:inst6|cntr_f3g:auto_generated|counter_reg_bit[20] ; lpm_counter:inst6|cntr_f3g:auto_generated|counter_reg_bit[25] ; CLOCK_50                                                      ; CLOCK_50    ; 1.000        ; -0.388     ; 1.431      ;
; -0.822 ; lpm_counter:inst6|cntr_f3g:auto_generated|counter_reg_bit[0]  ; lpm_counter:inst6|cntr_f3g:auto_generated|counter_reg_bit[12] ; CLOCK_50                                                      ; CLOCK_50    ; 1.000        ; -0.055     ; 1.762      ;
; -0.807 ; lpm_counter:inst6|cntr_f3g:auto_generated|counter_reg_bit[21] ; lpm_counter:inst6|cntr_f3g:auto_generated|counter_reg_bit[25] ; CLOCK_50                                                      ; CLOCK_50    ; 1.000        ; -0.388     ; 1.414      ;
; -0.806 ; lpm_counter:inst6|cntr_f3g:auto_generated|counter_reg_bit[2]  ; lpm_counter:inst6|cntr_f3g:auto_generated|counter_reg_bit[20] ; CLOCK_50                                                      ; CLOCK_50    ; 1.000        ; 0.264      ; 2.065      ;
; -0.803 ; lpm_counter:inst6|cntr_f3g:auto_generated|counter_reg_bit[15] ; lpm_counter:inst6|cntr_f3g:auto_generated|counter_reg_bit[24] ; CLOCK_50                                                      ; CLOCK_50    ; 1.000        ; -0.069     ; 1.729      ;
; -0.803 ; lpm_counter:inst6|cntr_f3g:auto_generated|counter_reg_bit[0]  ; lpm_counter:inst6|cntr_f3g:auto_generated|counter_reg_bit[18] ; CLOCK_50                                                      ; CLOCK_50    ; 1.000        ; 0.264      ; 2.062      ;
; -0.801 ; lpm_counter:inst6|cntr_f3g:auto_generated|counter_reg_bit[6]  ; lpm_counter:inst6|cntr_f3g:auto_generated|counter_reg_bit[24] ; CLOCK_50                                                      ; CLOCK_50    ; 1.000        ; 0.264      ; 2.060      ;
; -0.801 ; lpm_counter:inst6|cntr_f3g:auto_generated|counter_reg_bit[4]  ; lpm_counter:inst6|cntr_f3g:auto_generated|counter_reg_bit[22] ; CLOCK_50                                                      ; CLOCK_50    ; 1.000        ; 0.264      ; 2.060      ;
; -0.790 ; lpm_counter:inst6|cntr_f3g:auto_generated|counter_reg_bit[5]  ; lpm_counter:inst6|cntr_f3g:auto_generated|counter_reg_bit[14] ; CLOCK_50                                                      ; CLOCK_50    ; 1.000        ; -0.055     ; 1.730      ;
; -0.789 ; lpm_counter:inst6|cntr_f3g:auto_generated|counter_reg_bit[1]  ; lpm_counter:inst6|cntr_f3g:auto_generated|counter_reg_bit[10] ; CLOCK_50                                                      ; CLOCK_50    ; 1.000        ; -0.055     ; 1.729      ;
; -0.789 ; lpm_counter:inst6|cntr_f3g:auto_generated|counter_reg_bit[14] ; lpm_counter:inst6|cntr_f3g:auto_generated|counter_reg_bit[25] ; CLOCK_50                                                      ; CLOCK_50    ; 1.000        ; -0.055     ; 1.729      ;
; -0.787 ; lpm_counter:inst6|cntr_f3g:auto_generated|counter_reg_bit[3]  ; lpm_counter:inst6|cntr_f3g:auto_generated|counter_reg_bit[12] ; CLOCK_50                                                      ; CLOCK_50    ; 1.000        ; -0.055     ; 1.727      ;
; -0.786 ; lpm_counter:inst6|cntr_f3g:auto_generated|counter_reg_bit[2]  ; lpm_counter:inst6|cntr_f3g:auto_generated|counter_reg_bit[13] ; CLOCK_50                                                      ; CLOCK_50    ; 1.000        ; -0.055     ; 1.726      ;
; -0.785 ; lpm_counter:inst6|cntr_f3g:auto_generated|counter_reg_bit[0]  ; lpm_counter:inst6|cntr_f3g:auto_generated|counter_reg_bit[11] ; CLOCK_50                                                      ; CLOCK_50    ; 1.000        ; -0.055     ; 1.725      ;
; -0.772 ; lpm_counter:inst6|cntr_f3g:auto_generated|counter_reg_bit[7]  ; lpm_counter:inst6|cntr_f3g:auto_generated|counter_reg_bit[22] ; CLOCK_50                                                      ; CLOCK_50    ; 1.000        ; 0.264      ; 2.031      ;
; -0.771 ; lpm_counter:inst6|cntr_f3g:auto_generated|counter_reg_bit[6]  ; lpm_counter:inst6|cntr_f3g:auto_generated|counter_reg_bit[23] ; CLOCK_50                                                      ; CLOCK_50    ; 1.000        ; 0.264      ; 2.030      ;
; -0.771 ; lpm_counter:inst6|cntr_f3g:auto_generated|counter_reg_bit[5]  ; lpm_counter:inst6|cntr_f3g:auto_generated|counter_reg_bit[20] ; CLOCK_50                                                      ; CLOCK_50    ; 1.000        ; 0.264      ; 2.030      ;
; -0.771 ; lpm_counter:inst6|cntr_f3g:auto_generated|counter_reg_bit[4]  ; lpm_counter:inst6|cntr_f3g:auto_generated|counter_reg_bit[21] ; CLOCK_50                                                      ; CLOCK_50    ; 1.000        ; 0.264      ; 2.030      ;
; -0.771 ; lpm_counter:inst6|cntr_f3g:auto_generated|counter_reg_bit[1]  ; lpm_counter:inst6|cntr_f3g:auto_generated|counter_reg_bit[11] ; CLOCK_50                                                      ; CLOCK_50    ; 1.000        ; -0.055     ; 1.711      ;
; -0.770 ; lpm_counter:inst6|cntr_f3g:auto_generated|counter_reg_bit[1]  ; lpm_counter:inst6|cntr_f3g:auto_generated|counter_reg_bit[16] ; CLOCK_50                                                      ; CLOCK_50    ; 1.000        ; 0.264      ; 2.029      ;
; -0.770 ; lpm_counter:inst6|cntr_f3g:auto_generated|counter_reg_bit[9]  ; lpm_counter:inst6|cntr_f3g:auto_generated|counter_reg_bit[24] ; CLOCK_50                                                      ; CLOCK_50    ; 1.000        ; 0.264      ; 2.029      ;
; -0.769 ; lpm_counter:inst6|cntr_f3g:auto_generated|counter_reg_bit[3]  ; lpm_counter:inst6|cntr_f3g:auto_generated|counter_reg_bit[13] ; CLOCK_50                                                      ; CLOCK_50    ; 1.000        ; -0.055     ; 1.709      ;
; -0.768 ; lpm_counter:inst6|cntr_f3g:auto_generated|counter_reg_bit[3]  ; lpm_counter:inst6|cntr_f3g:auto_generated|counter_reg_bit[18] ; CLOCK_50                                                      ; CLOCK_50    ; 1.000        ; 0.264      ; 2.027      ;
; -0.767 ; lpm_counter:inst6|cntr_f3g:auto_generated|counter_reg_bit[2]  ; lpm_counter:inst6|cntr_f3g:auto_generated|counter_reg_bit[19] ; CLOCK_50                                                      ; CLOCK_50    ; 1.000        ; 0.264      ; 2.026      ;
; -0.766 ; lpm_counter:inst6|cntr_f3g:auto_generated|counter_reg_bit[0]  ; lpm_counter:inst6|cntr_f3g:auto_generated|counter_reg_bit[17] ; CLOCK_50                                                      ; CLOCK_50    ; 1.000        ; 0.264      ; 2.025      ;
; -0.754 ; lpm_counter:inst6|cntr_f3g:auto_generated|counter_reg_bit[7]  ; lpm_counter:inst6|cntr_f3g:auto_generated|counter_reg_bit[23] ; CLOCK_50                                                      ; CLOCK_50    ; 1.000        ; 0.264      ; 2.013      ;
; -0.753 ; lpm_counter:inst6|cntr_f3g:auto_generated|counter_reg_bit[5]  ; lpm_counter:inst6|cntr_f3g:auto_generated|counter_reg_bit[21] ; CLOCK_50                                                      ; CLOCK_50    ; 1.000        ; 0.264      ; 2.012      ;
; -0.752 ; lpm_counter:inst6|cntr_f3g:auto_generated|counter_reg_bit[1]  ; lpm_counter:inst6|cntr_f3g:auto_generated|counter_reg_bit[17] ; CLOCK_50                                                      ; CLOCK_50    ; 1.000        ; 0.264      ; 2.011      ;
; -0.750 ; lpm_counter:inst6|cntr_f3g:auto_generated|counter_reg_bit[3]  ; lpm_counter:inst6|cntr_f3g:auto_generated|counter_reg_bit[19] ; CLOCK_50                                                      ; CLOCK_50    ; 1.000        ; 0.264      ; 2.009      ;
; -0.725 ; lpm_counter:inst6|cntr_f3g:auto_generated|counter_reg_bit[2]  ; lpm_counter:inst6|cntr_f3g:auto_generated|counter_reg_bit[12] ; CLOCK_50                                                      ; CLOCK_50    ; 1.000        ; -0.055     ; 1.665      ;
; -0.724 ; lpm_counter:inst6|cntr_f3g:auto_generated|counter_reg_bit[22] ; lpm_counter:inst6|cntr_f3g:auto_generated|counter_reg_bit[25] ; CLOCK_50                                                      ; CLOCK_50    ; 1.000        ; -0.388     ; 1.331      ;
; -0.722 ; lpm_counter:inst6|cntr_f3g:auto_generated|counter_reg_bit[0]  ; lpm_counter:inst6|cntr_f3g:auto_generated|counter_reg_bit[10] ; CLOCK_50                                                      ; CLOCK_50    ; 1.000        ; -0.055     ; 1.662      ;
; -0.720 ; lpm_counter:inst6|cntr_f3g:auto_generated|counter_reg_bit[4]  ; lpm_counter:inst6|cntr_f3g:auto_generated|counter_reg_bit[14] ; CLOCK_50                                                      ; CLOCK_50    ; 1.000        ; -0.055     ; 1.660      ;
; -0.707 ; lpm_counter:inst6|cntr_f3g:auto_generated|counter_reg_bit[23] ; lpm_counter:inst6|cntr_f3g:auto_generated|counter_reg_bit[25] ; CLOCK_50                                                      ; CLOCK_50    ; 1.000        ; -0.388     ; 1.314      ;
; -0.706 ; lpm_counter:inst6|cntr_f3g:auto_generated|counter_reg_bit[2]  ; lpm_counter:inst6|cntr_f3g:auto_generated|counter_reg_bit[18] ; CLOCK_50                                                      ; CLOCK_50    ; 1.000        ; 0.264      ; 1.965      ;
; -0.704 ; lpm_counter:inst6|cntr_f3g:auto_generated|counter_reg_bit[17] ; lpm_counter:inst6|cntr_f3g:auto_generated|counter_reg_bit[24] ; CLOCK_50                                                      ; CLOCK_50    ; 1.000        ; -0.069     ; 1.630      ;
; -0.704 ; lpm_counter:inst6|cntr_f3g:auto_generated|counter_reg_bit[8]  ; lpm_counter:inst6|cntr_f3g:auto_generated|counter_reg_bit[24] ; CLOCK_50                                                      ; CLOCK_50    ; 1.000        ; 0.264      ; 1.963      ;
; -0.703 ; lpm_counter:inst6|cntr_f3g:auto_generated|counter_reg_bit[15] ; lpm_counter:inst6|cntr_f3g:auto_generated|counter_reg_bit[22] ; CLOCK_50                                                      ; CLOCK_50    ; 1.000        ; -0.069     ; 1.629      ;
; -0.703 ; lpm_counter:inst6|cntr_f3g:auto_generated|counter_reg_bit[0]  ; lpm_counter:inst6|cntr_f3g:auto_generated|counter_reg_bit[16] ; CLOCK_50                                                      ; CLOCK_50    ; 1.000        ; 0.264      ; 1.962      ;
; -0.701 ; lpm_counter:inst6|cntr_f3g:auto_generated|counter_reg_bit[6]  ; lpm_counter:inst6|cntr_f3g:auto_generated|counter_reg_bit[22] ; CLOCK_50                                                      ; CLOCK_50    ; 1.000        ; 0.264      ; 1.960      ;
; -0.701 ; lpm_counter:inst6|cntr_f3g:auto_generated|counter_reg_bit[4]  ; lpm_counter:inst6|cntr_f3g:auto_generated|counter_reg_bit[20] ; CLOCK_50                                                      ; CLOCK_50    ; 1.000        ; 0.264      ; 1.960      ;
; -0.693 ; lpm_counter:inst6|cntr_f3g:auto_generated|counter_reg_bit[25] ; lpm_counter:inst6|cntr_f3g:auto_generated|counter_reg_bit[25] ; lpm_counter:inst6|cntr_f3g:auto_generated|counter_reg_bit[25] ; CLOCK_50    ; 0.500        ; 1.876      ; 3.234      ;
; -0.691 ; lpm_counter:inst6|cntr_f3g:auto_generated|counter_reg_bit[7]  ; lpm_counter:inst6|cntr_f3g:auto_generated|counter_reg_bit[14] ; CLOCK_50                                                      ; CLOCK_50    ; 1.000        ; -0.055     ; 1.631      ;
; -0.690 ; lpm_counter:inst6|cntr_f3g:auto_generated|counter_reg_bit[5]  ; lpm_counter:inst6|cntr_f3g:auto_generated|counter_reg_bit[12] ; CLOCK_50                                                      ; CLOCK_50    ; 1.000        ; -0.055     ; 1.630      ;
; -0.690 ; lpm_counter:inst6|cntr_f3g:auto_generated|counter_reg_bit[4]  ; lpm_counter:inst6|cntr_f3g:auto_generated|counter_reg_bit[13] ; CLOCK_50                                                      ; CLOCK_50    ; 1.000        ; -0.055     ; 1.630      ;
; -0.689 ; lpm_counter:inst6|cntr_f3g:auto_generated|counter_reg_bit[1]  ; lpm_counter:inst6|cntr_f3g:auto_generated|counter_reg_bit[8]  ; CLOCK_50                                                      ; CLOCK_50    ; 1.000        ; -0.055     ; 1.629      ;
+--------+---------------------------------------------------------------+---------------------------------------------------------------+---------------------------------------------------------------+-------------+--------------+------------+------------+


+---------------------------------------------------------------------------------------------------------------+
; Slow 1200mV 0C Model Setup: 'MIO1'                                                                            ;
+-------+----------------+----------------+--------------+-------------+--------------+------------+------------+
; Slack ; From Node      ; To Node        ; Launch Clock ; Latch Clock ; Relationship ; Clock Skew ; Data Delay ;
+-------+----------------+----------------+--------------+-------------+--------------+------------+------------+
; 0.117 ; 74160:inst33|7 ; 74160:inst33|8 ; MIO1         ; MIO1        ; 1.000        ; -0.038     ; 0.860      ;
; 0.118 ; 74160:inst33|7 ; 74160:inst33|9 ; MIO1         ; MIO1        ; 1.000        ; -0.038     ; 0.859      ;
; 0.120 ; 74160:inst33|9 ; 74160:inst33|7 ; MIO1         ; MIO1        ; 1.000        ; -0.038     ; 0.857      ;
; 0.134 ; 74160:inst33|8 ; 74160:inst33|9 ; MIO1         ; MIO1        ; 1.000        ; -0.038     ; 0.843      ;
; 0.321 ; 74160:inst33|6 ; 74160:inst33|9 ; MIO1         ; MIO1        ; 1.000        ; -0.038     ; 0.656      ;
; 0.322 ; 74160:inst33|6 ; 74160:inst33|8 ; MIO1         ; MIO1        ; 1.000        ; -0.038     ; 0.655      ;
; 0.322 ; 74160:inst33|6 ; 74160:inst33|7 ; MIO1         ; MIO1        ; 1.000        ; -0.038     ; 0.655      ;
; 0.398 ; 74160:inst33|6 ; 74160:inst33|6 ; MIO1         ; MIO1        ; 1.000        ; -0.034     ; 0.583      ;
; 0.398 ; 74160:inst33|8 ; 74160:inst33|8 ; MIO1         ; MIO1        ; 1.000        ; -0.034     ; 0.583      ;
; 0.398 ; 74160:inst33|7 ; 74160:inst33|7 ; MIO1         ; MIO1        ; 1.000        ; -0.034     ; 0.583      ;
; 0.419 ; 74160:inst33|9 ; 74160:inst33|9 ; MIO1         ; MIO1        ; 1.000        ; -0.034     ; 0.562      ;
+-------+----------------+----------------+--------------+-------------+--------------+------------+------------+


+--------------------------------------------------------------------------------------------------------------------------------------------------------------------------------------------------------------------+
; Slow 1200mV 0C Model Setup: 'lpm_counter:inst6|cntr_f3g:auto_generated|counter_reg_bit[25]'                                                                                                                        ;
+-------+-----------------+-----------------+---------------------------------------------------------------+---------------------------------------------------------------+--------------+------------+------------+
; Slack ; From Node       ; To Node         ; Launch Clock                                                  ; Latch Clock                                                   ; Relationship ; Clock Skew ; Data Delay ;
+-------+-----------------+-----------------+---------------------------------------------------------------+---------------------------------------------------------------+--------------+------------+------------+
; 0.181 ; 74164:inst32|9  ; 74164:inst32|10 ; lpm_counter:inst6|cntr_f3g:auto_generated|counter_reg_bit[25] ; lpm_counter:inst6|cntr_f3g:auto_generated|counter_reg_bit[25] ; 1.000        ; -0.056     ; 0.758      ;
; 0.225 ; 7474:inst31|9   ; 74164:inst32|3  ; lpm_counter:inst6|cntr_f3g:auto_generated|counter_reg_bit[25] ; lpm_counter:inst6|cntr_f3g:auto_generated|counter_reg_bit[25] ; 1.000        ; -0.056     ; 0.714      ;
; 0.281 ; 74164:inst32|7  ; 74164:inst32|8  ; lpm_counter:inst6|cntr_f3g:auto_generated|counter_reg_bit[25] ; lpm_counter:inst6|cntr_f3g:auto_generated|counter_reg_bit[25] ; 1.000        ; -0.056     ; 0.658      ;
; 0.309 ; 74164:inst32|4  ; 74164:inst32|5  ; lpm_counter:inst6|cntr_f3g:auto_generated|counter_reg_bit[25] ; lpm_counter:inst6|cntr_f3g:auto_generated|counter_reg_bit[25] ; 1.000        ; -0.056     ; 0.630      ;
; 0.310 ; 74164:inst32|10 ; 74164:inst32|3  ; lpm_counter:inst6|cntr_f3g:auto_generated|counter_reg_bit[25] ; lpm_counter:inst6|cntr_f3g:auto_generated|counter_reg_bit[25] ; 1.000        ; -0.056     ; 0.629      ;
; 0.312 ; 74164:inst32|6  ; 74164:inst32|7  ; lpm_counter:inst6|cntr_f3g:auto_generated|counter_reg_bit[25] ; lpm_counter:inst6|cntr_f3g:auto_generated|counter_reg_bit[25] ; 1.000        ; -0.056     ; 0.627      ;
; 0.312 ; 74164:inst32|5  ; 74164:inst32|6  ; lpm_counter:inst6|cntr_f3g:auto_generated|counter_reg_bit[25] ; lpm_counter:inst6|cntr_f3g:auto_generated|counter_reg_bit[25] ; 1.000        ; -0.056     ; 0.627      ;
; 0.312 ; 74164:inst32|3  ; 74164:inst32|4  ; lpm_counter:inst6|cntr_f3g:auto_generated|counter_reg_bit[25] ; lpm_counter:inst6|cntr_f3g:auto_generated|counter_reg_bit[25] ; 1.000        ; -0.056     ; 0.627      ;
; 0.312 ; 74164:inst32|8  ; 74164:inst32|9  ; lpm_counter:inst6|cntr_f3g:auto_generated|counter_reg_bit[25] ; lpm_counter:inst6|cntr_f3g:auto_generated|counter_reg_bit[25] ; 1.000        ; -0.056     ; 0.627      ;
+-------+-----------------+-----------------+---------------------------------------------------------------+---------------------------------------------------------------+--------------+------------+------------+


+---------------------------------------------------------------------------------------------------------------+
; Slow 1200mV 0C Model Hold: 'MIO1'                                                                             ;
+-------+----------------+----------------+--------------+-------------+--------------+------------+------------+
; Slack ; From Node      ; To Node        ; Launch Clock ; Latch Clock ; Relationship ; Clock Skew ; Data Delay ;
+-------+----------------+----------------+--------------+-------------+--------------+------------+------------+
; 0.333 ; 74160:inst33|8 ; 74160:inst33|8 ; MIO1         ; MIO1        ; 0.000        ; 0.034      ; 0.511      ;
; 0.333 ; 74160:inst33|9 ; 74160:inst33|9 ; MIO1         ; MIO1        ; 0.000        ; 0.034      ; 0.511      ;
; 0.333 ; 74160:inst33|7 ; 74160:inst33|7 ; MIO1         ; MIO1        ; 0.000        ; 0.034      ; 0.511      ;
; 0.341 ; 74160:inst33|6 ; 74160:inst33|6 ; MIO1         ; MIO1        ; 0.000        ; 0.034      ; 0.519      ;
; 0.378 ; 74160:inst33|6 ; 74160:inst33|8 ; MIO1         ; MIO1        ; 0.000        ; 0.038      ; 0.560      ;
; 0.378 ; 74160:inst33|6 ; 74160:inst33|9 ; MIO1         ; MIO1        ; 0.000        ; 0.038      ; 0.560      ;
; 0.378 ; 74160:inst33|6 ; 74160:inst33|7 ; MIO1         ; MIO1        ; 0.000        ; 0.038      ; 0.560      ;
; 0.535 ; 74160:inst33|8 ; 74160:inst33|9 ; MIO1         ; MIO1        ; 0.000        ; 0.038      ; 0.717      ;
; 0.536 ; 74160:inst33|7 ; 74160:inst33|8 ; MIO1         ; MIO1        ; 0.000        ; 0.038      ; 0.718      ;
; 0.537 ; 74160:inst33|9 ; 74160:inst33|7 ; MIO1         ; MIO1        ; 0.000        ; 0.038      ; 0.719      ;
; 0.540 ; 74160:inst33|7 ; 74160:inst33|9 ; MIO1         ; MIO1        ; 0.000        ; 0.038      ; 0.722      ;
+-------+----------------+----------------+--------------+-------------+--------------+------------+------------+


+--------------------------------------------------------------------------------------------------------------------------------------------------------------------------------------------------------------------+
; Slow 1200mV 0C Model Hold: 'lpm_counter:inst6|cntr_f3g:auto_generated|counter_reg_bit[25]'                                                                                                                         ;
+-------+-----------------+-----------------+---------------------------------------------------------------+---------------------------------------------------------------+--------------+------------+------------+
; Slack ; From Node       ; To Node         ; Launch Clock                                                  ; Latch Clock                                                   ; Relationship ; Clock Skew ; Data Delay ;
+-------+-----------------+-----------------+---------------------------------------------------------------+---------------------------------------------------------------+--------------+------------+------------+
; 0.355 ; 74164:inst32|6  ; 74164:inst32|7  ; lpm_counter:inst6|cntr_f3g:auto_generated|counter_reg_bit[25] ; lpm_counter:inst6|cntr_f3g:auto_generated|counter_reg_bit[25] ; 0.000        ; 0.056      ; 0.555      ;
; 0.355 ; 74164:inst32|8  ; 74164:inst32|9  ; lpm_counter:inst6|cntr_f3g:auto_generated|counter_reg_bit[25] ; lpm_counter:inst6|cntr_f3g:auto_generated|counter_reg_bit[25] ; 0.000        ; 0.056      ; 0.555      ;
; 0.356 ; 74164:inst32|5  ; 74164:inst32|6  ; lpm_counter:inst6|cntr_f3g:auto_generated|counter_reg_bit[25] ; lpm_counter:inst6|cntr_f3g:auto_generated|counter_reg_bit[25] ; 0.000        ; 0.056      ; 0.556      ;
; 0.356 ; 74164:inst32|3  ; 74164:inst32|4  ; lpm_counter:inst6|cntr_f3g:auto_generated|counter_reg_bit[25] ; lpm_counter:inst6|cntr_f3g:auto_generated|counter_reg_bit[25] ; 0.000        ; 0.056      ; 0.556      ;
; 0.357 ; 74164:inst32|4  ; 74164:inst32|5  ; lpm_counter:inst6|cntr_f3g:auto_generated|counter_reg_bit[25] ; lpm_counter:inst6|cntr_f3g:auto_generated|counter_reg_bit[25] ; 0.000        ; 0.056      ; 0.557      ;
; 0.357 ; 74164:inst32|10 ; 74164:inst32|3  ; lpm_counter:inst6|cntr_f3g:auto_generated|counter_reg_bit[25] ; lpm_counter:inst6|cntr_f3g:auto_generated|counter_reg_bit[25] ; 0.000        ; 0.056      ; 0.557      ;
; 0.381 ; 74164:inst32|7  ; 74164:inst32|8  ; lpm_counter:inst6|cntr_f3g:auto_generated|counter_reg_bit[25] ; lpm_counter:inst6|cntr_f3g:auto_generated|counter_reg_bit[25] ; 0.000        ; 0.056      ; 0.581      ;
; 0.421 ; 7474:inst31|9   ; 74164:inst32|3  ; lpm_counter:inst6|cntr_f3g:auto_generated|counter_reg_bit[25] ; lpm_counter:inst6|cntr_f3g:auto_generated|counter_reg_bit[25] ; 0.000        ; 0.056      ; 0.621      ;
; 0.450 ; 74164:inst32|9  ; 74164:inst32|10 ; lpm_counter:inst6|cntr_f3g:auto_generated|counter_reg_bit[25] ; lpm_counter:inst6|cntr_f3g:auto_generated|counter_reg_bit[25] ; 0.000        ; 0.056      ; 0.650      ;
+-------+-----------------+-----------------+---------------------------------------------------------------+---------------------------------------------------------------+--------------+------------+------------+


+-------------------------------------------------------------------------------------------------------------------------------------------------------------------------------------------------------------+
; Slow 1200mV 0C Model Hold: 'CLOCK_50'                                                                                                                                                                       ;
+-------+---------------------------------------------------------------+---------------------------------------------------------------+--------------+-------------+--------------+------------+------------+
; Slack ; From Node                                                     ; To Node                                                       ; Launch Clock ; Latch Clock ; Relationship ; Clock Skew ; Data Delay ;
+-------+---------------------------------------------------------------+---------------------------------------------------------------+--------------+-------------+--------------+------------+------------+
; 0.413 ; lpm_counter:inst6|cntr_f3g:auto_generated|counter_reg_bit[14] ; lpm_counter:inst6|cntr_f3g:auto_generated|counter_reg_bit[15] ; CLOCK_50     ; CLOCK_50    ; 0.000        ; 0.388      ; 0.945      ;
; 0.420 ; lpm_counter:inst6|cntr_f3g:auto_generated|counter_reg_bit[14] ; lpm_counter:inst6|cntr_f3g:auto_generated|counter_reg_bit[16] ; CLOCK_50     ; CLOCK_50    ; 0.000        ; 0.388      ; 0.952      ;
; 0.480 ; lpm_counter:inst6|cntr_f3g:auto_generated|counter_reg_bit[19] ; lpm_counter:inst6|cntr_f3g:auto_generated|counter_reg_bit[19] ; CLOCK_50     ; CLOCK_50    ; 0.000        ; 0.069      ; 0.693      ;
; 0.480 ; lpm_counter:inst6|cntr_f3g:auto_generated|counter_reg_bit[16] ; lpm_counter:inst6|cntr_f3g:auto_generated|counter_reg_bit[16] ; CLOCK_50     ; CLOCK_50    ; 0.000        ; 0.069      ; 0.693      ;
; 0.481 ; lpm_counter:inst6|cntr_f3g:auto_generated|counter_reg_bit[18] ; lpm_counter:inst6|cntr_f3g:auto_generated|counter_reg_bit[18] ; CLOCK_50     ; CLOCK_50    ; 0.000        ; 0.069      ; 0.694      ;
; 0.482 ; lpm_counter:inst6|cntr_f3g:auto_generated|counter_reg_bit[24] ; lpm_counter:inst6|cntr_f3g:auto_generated|counter_reg_bit[24] ; CLOCK_50     ; CLOCK_50    ; 0.000        ; 0.069      ; 0.695      ;
; 0.482 ; lpm_counter:inst6|cntr_f3g:auto_generated|counter_reg_bit[15] ; lpm_counter:inst6|cntr_f3g:auto_generated|counter_reg_bit[15] ; CLOCK_50     ; CLOCK_50    ; 0.000        ; 0.069      ; 0.695      ;
; 0.483 ; lpm_counter:inst6|cntr_f3g:auto_generated|counter_reg_bit[17] ; lpm_counter:inst6|cntr_f3g:auto_generated|counter_reg_bit[17] ; CLOCK_50     ; CLOCK_50    ; 0.000        ; 0.069      ; 0.696      ;
; 0.484 ; lpm_counter:inst6|cntr_f3g:auto_generated|counter_reg_bit[23] ; lpm_counter:inst6|cntr_f3g:auto_generated|counter_reg_bit[23] ; CLOCK_50     ; CLOCK_50    ; 0.000        ; 0.069      ; 0.697      ;
; 0.484 ; lpm_counter:inst6|cntr_f3g:auto_generated|counter_reg_bit[21] ; lpm_counter:inst6|cntr_f3g:auto_generated|counter_reg_bit[21] ; CLOCK_50     ; CLOCK_50    ; 0.000        ; 0.069      ; 0.697      ;
; 0.485 ; lpm_counter:inst6|cntr_f3g:auto_generated|counter_reg_bit[22] ; lpm_counter:inst6|cntr_f3g:auto_generated|counter_reg_bit[22] ; CLOCK_50     ; CLOCK_50    ; 0.000        ; 0.069      ; 0.698      ;
; 0.485 ; lpm_counter:inst6|cntr_f3g:auto_generated|counter_reg_bit[20] ; lpm_counter:inst6|cntr_f3g:auto_generated|counter_reg_bit[20] ; CLOCK_50     ; CLOCK_50    ; 0.000        ; 0.069      ; 0.698      ;
; 0.493 ; lpm_counter:inst6|cntr_f3g:auto_generated|counter_reg_bit[12] ; lpm_counter:inst6|cntr_f3g:auto_generated|counter_reg_bit[12] ; CLOCK_50     ; CLOCK_50    ; 0.000        ; 0.055      ; 0.692      ;
; 0.493 ; lpm_counter:inst6|cntr_f3g:auto_generated|counter_reg_bit[10] ; lpm_counter:inst6|cntr_f3g:auto_generated|counter_reg_bit[10] ; CLOCK_50     ; CLOCK_50    ; 0.000        ; 0.055      ; 0.692      ;
; 0.494 ; lpm_counter:inst6|cntr_f3g:auto_generated|counter_reg_bit[13] ; lpm_counter:inst6|cntr_f3g:auto_generated|counter_reg_bit[13] ; CLOCK_50     ; CLOCK_50    ; 0.000        ; 0.055      ; 0.693      ;
; 0.494 ; lpm_counter:inst6|cntr_f3g:auto_generated|counter_reg_bit[8]  ; lpm_counter:inst6|cntr_f3g:auto_generated|counter_reg_bit[8]  ; CLOCK_50     ; CLOCK_50    ; 0.000        ; 0.055      ; 0.693      ;
; 0.494 ; lpm_counter:inst6|cntr_f3g:auto_generated|counter_reg_bit[3]  ; lpm_counter:inst6|cntr_f3g:auto_generated|counter_reg_bit[3]  ; CLOCK_50     ; CLOCK_50    ; 0.000        ; 0.055      ; 0.693      ;
; 0.495 ; lpm_counter:inst6|cntr_f3g:auto_generated|counter_reg_bit[11] ; lpm_counter:inst6|cntr_f3g:auto_generated|counter_reg_bit[11] ; CLOCK_50     ; CLOCK_50    ; 0.000        ; 0.055      ; 0.694      ;
; 0.495 ; lpm_counter:inst6|cntr_f3g:auto_generated|counter_reg_bit[2]  ; lpm_counter:inst6|cntr_f3g:auto_generated|counter_reg_bit[2]  ; CLOCK_50     ; CLOCK_50    ; 0.000        ; 0.055      ; 0.694      ;
; 0.495 ; lpm_counter:inst6|cntr_f3g:auto_generated|counter_reg_bit[13] ; lpm_counter:inst6|cntr_f3g:auto_generated|counter_reg_bit[15] ; CLOCK_50     ; CLOCK_50    ; 0.000        ; 0.388      ; 1.027      ;
; 0.496 ; lpm_counter:inst6|cntr_f3g:auto_generated|counter_reg_bit[9]  ; lpm_counter:inst6|cntr_f3g:auto_generated|counter_reg_bit[9]  ; CLOCK_50     ; CLOCK_50    ; 0.000        ; 0.055      ; 0.695      ;
; 0.496 ; lpm_counter:inst6|cntr_f3g:auto_generated|counter_reg_bit[1]  ; lpm_counter:inst6|cntr_f3g:auto_generated|counter_reg_bit[1]  ; CLOCK_50     ; CLOCK_50    ; 0.000        ; 0.055      ; 0.695      ;
; 0.497 ; lpm_counter:inst6|cntr_f3g:auto_generated|counter_reg_bit[14] ; lpm_counter:inst6|cntr_f3g:auto_generated|counter_reg_bit[14] ; CLOCK_50     ; CLOCK_50    ; 0.000        ; 0.055      ; 0.696      ;
; 0.497 ; lpm_counter:inst6|cntr_f3g:auto_generated|counter_reg_bit[7]  ; lpm_counter:inst6|cntr_f3g:auto_generated|counter_reg_bit[7]  ; CLOCK_50     ; CLOCK_50    ; 0.000        ; 0.055      ; 0.696      ;
; 0.497 ; lpm_counter:inst6|cntr_f3g:auto_generated|counter_reg_bit[5]  ; lpm_counter:inst6|cntr_f3g:auto_generated|counter_reg_bit[5]  ; CLOCK_50     ; CLOCK_50    ; 0.000        ; 0.055      ; 0.696      ;
; 0.498 ; lpm_counter:inst6|cntr_f3g:auto_generated|counter_reg_bit[6]  ; lpm_counter:inst6|cntr_f3g:auto_generated|counter_reg_bit[6]  ; CLOCK_50     ; CLOCK_50    ; 0.000        ; 0.055      ; 0.697      ;
; 0.499 ; lpm_counter:inst6|cntr_f3g:auto_generated|counter_reg_bit[4]  ; lpm_counter:inst6|cntr_f3g:auto_generated|counter_reg_bit[4]  ; CLOCK_50     ; CLOCK_50    ; 0.000        ; 0.055      ; 0.698      ;
; 0.502 ; lpm_counter:inst6|cntr_f3g:auto_generated|counter_reg_bit[13] ; lpm_counter:inst6|cntr_f3g:auto_generated|counter_reg_bit[16] ; CLOCK_50     ; CLOCK_50    ; 0.000        ; 0.388      ; 1.034      ;
; 0.505 ; lpm_counter:inst6|cntr_f3g:auto_generated|counter_reg_bit[12] ; lpm_counter:inst6|cntr_f3g:auto_generated|counter_reg_bit[15] ; CLOCK_50     ; CLOCK_50    ; 0.000        ; 0.388      ; 1.037      ;
; 0.509 ; lpm_counter:inst6|cntr_f3g:auto_generated|counter_reg_bit[0]  ; lpm_counter:inst6|cntr_f3g:auto_generated|counter_reg_bit[0]  ; CLOCK_50     ; CLOCK_50    ; 0.000        ; 0.055      ; 0.708      ;
; 0.509 ; lpm_counter:inst6|cntr_f3g:auto_generated|counter_reg_bit[14] ; lpm_counter:inst6|cntr_f3g:auto_generated|counter_reg_bit[17] ; CLOCK_50     ; CLOCK_50    ; 0.000        ; 0.388      ; 1.041      ;
; 0.512 ; lpm_counter:inst6|cntr_f3g:auto_generated|counter_reg_bit[12] ; lpm_counter:inst6|cntr_f3g:auto_generated|counter_reg_bit[16] ; CLOCK_50     ; CLOCK_50    ; 0.000        ; 0.388      ; 1.044      ;
; 0.516 ; lpm_counter:inst6|cntr_f3g:auto_generated|counter_reg_bit[14] ; lpm_counter:inst6|cntr_f3g:auto_generated|counter_reg_bit[18] ; CLOCK_50     ; CLOCK_50    ; 0.000        ; 0.388      ; 1.048      ;
; 0.591 ; lpm_counter:inst6|cntr_f3g:auto_generated|counter_reg_bit[13] ; lpm_counter:inst6|cntr_f3g:auto_generated|counter_reg_bit[17] ; CLOCK_50     ; CLOCK_50    ; 0.000        ; 0.388      ; 1.123      ;
; 0.592 ; lpm_counter:inst6|cntr_f3g:auto_generated|counter_reg_bit[11] ; lpm_counter:inst6|cntr_f3g:auto_generated|counter_reg_bit[15] ; CLOCK_50     ; CLOCK_50    ; 0.000        ; 0.388      ; 1.124      ;
; 0.598 ; lpm_counter:inst6|cntr_f3g:auto_generated|counter_reg_bit[13] ; lpm_counter:inst6|cntr_f3g:auto_generated|counter_reg_bit[18] ; CLOCK_50     ; CLOCK_50    ; 0.000        ; 0.388      ; 1.130      ;
; 0.599 ; lpm_counter:inst6|cntr_f3g:auto_generated|counter_reg_bit[11] ; lpm_counter:inst6|cntr_f3g:auto_generated|counter_reg_bit[16] ; CLOCK_50     ; CLOCK_50    ; 0.000        ; 0.388      ; 1.131      ;
; 0.601 ; lpm_counter:inst6|cntr_f3g:auto_generated|counter_reg_bit[12] ; lpm_counter:inst6|cntr_f3g:auto_generated|counter_reg_bit[17] ; CLOCK_50     ; CLOCK_50    ; 0.000        ; 0.388      ; 1.133      ;
; 0.601 ; lpm_counter:inst6|cntr_f3g:auto_generated|counter_reg_bit[10] ; lpm_counter:inst6|cntr_f3g:auto_generated|counter_reg_bit[15] ; CLOCK_50     ; CLOCK_50    ; 0.000        ; 0.388      ; 1.133      ;
; 0.605 ; lpm_counter:inst6|cntr_f3g:auto_generated|counter_reg_bit[14] ; lpm_counter:inst6|cntr_f3g:auto_generated|counter_reg_bit[19] ; CLOCK_50     ; CLOCK_50    ; 0.000        ; 0.388      ; 1.137      ;
; 0.608 ; lpm_counter:inst6|cntr_f3g:auto_generated|counter_reg_bit[12] ; lpm_counter:inst6|cntr_f3g:auto_generated|counter_reg_bit[18] ; CLOCK_50     ; CLOCK_50    ; 0.000        ; 0.388      ; 1.140      ;
; 0.608 ; lpm_counter:inst6|cntr_f3g:auto_generated|counter_reg_bit[10] ; lpm_counter:inst6|cntr_f3g:auto_generated|counter_reg_bit[16] ; CLOCK_50     ; CLOCK_50    ; 0.000        ; 0.388      ; 1.140      ;
; 0.612 ; lpm_counter:inst6|cntr_f3g:auto_generated|counter_reg_bit[14] ; lpm_counter:inst6|cntr_f3g:auto_generated|counter_reg_bit[20] ; CLOCK_50     ; CLOCK_50    ; 0.000        ; 0.388      ; 1.144      ;
; 0.687 ; lpm_counter:inst6|cntr_f3g:auto_generated|counter_reg_bit[13] ; lpm_counter:inst6|cntr_f3g:auto_generated|counter_reg_bit[19] ; CLOCK_50     ; CLOCK_50    ; 0.000        ; 0.388      ; 1.219      ;
; 0.688 ; lpm_counter:inst6|cntr_f3g:auto_generated|counter_reg_bit[11] ; lpm_counter:inst6|cntr_f3g:auto_generated|counter_reg_bit[17] ; CLOCK_50     ; CLOCK_50    ; 0.000        ; 0.388      ; 1.220      ;
; 0.689 ; lpm_counter:inst6|cntr_f3g:auto_generated|counter_reg_bit[9]  ; lpm_counter:inst6|cntr_f3g:auto_generated|counter_reg_bit[15] ; CLOCK_50     ; CLOCK_50    ; 0.000        ; 0.388      ; 1.221      ;
; 0.694 ; lpm_counter:inst6|cntr_f3g:auto_generated|counter_reg_bit[13] ; lpm_counter:inst6|cntr_f3g:auto_generated|counter_reg_bit[20] ; CLOCK_50     ; CLOCK_50    ; 0.000        ; 0.388      ; 1.226      ;
; 0.695 ; lpm_counter:inst6|cntr_f3g:auto_generated|counter_reg_bit[11] ; lpm_counter:inst6|cntr_f3g:auto_generated|counter_reg_bit[18] ; CLOCK_50     ; CLOCK_50    ; 0.000        ; 0.388      ; 1.227      ;
; 0.696 ; lpm_counter:inst6|cntr_f3g:auto_generated|counter_reg_bit[9]  ; lpm_counter:inst6|cntr_f3g:auto_generated|counter_reg_bit[16] ; CLOCK_50     ; CLOCK_50    ; 0.000        ; 0.388      ; 1.228      ;
; 0.697 ; lpm_counter:inst6|cntr_f3g:auto_generated|counter_reg_bit[12] ; lpm_counter:inst6|cntr_f3g:auto_generated|counter_reg_bit[19] ; CLOCK_50     ; CLOCK_50    ; 0.000        ; 0.388      ; 1.229      ;
; 0.697 ; lpm_counter:inst6|cntr_f3g:auto_generated|counter_reg_bit[10] ; lpm_counter:inst6|cntr_f3g:auto_generated|counter_reg_bit[17] ; CLOCK_50     ; CLOCK_50    ; 0.000        ; 0.388      ; 1.229      ;
; 0.698 ; lpm_counter:inst6|cntr_f3g:auto_generated|counter_reg_bit[8]  ; lpm_counter:inst6|cntr_f3g:auto_generated|counter_reg_bit[15] ; CLOCK_50     ; CLOCK_50    ; 0.000        ; 0.388      ; 1.230      ;
; 0.701 ; lpm_counter:inst6|cntr_f3g:auto_generated|counter_reg_bit[14] ; lpm_counter:inst6|cntr_f3g:auto_generated|counter_reg_bit[21] ; CLOCK_50     ; CLOCK_50    ; 0.000        ; 0.388      ; 1.233      ;
; 0.704 ; lpm_counter:inst6|cntr_f3g:auto_generated|counter_reg_bit[12] ; lpm_counter:inst6|cntr_f3g:auto_generated|counter_reg_bit[20] ; CLOCK_50     ; CLOCK_50    ; 0.000        ; 0.388      ; 1.236      ;
; 0.704 ; lpm_counter:inst6|cntr_f3g:auto_generated|counter_reg_bit[10] ; lpm_counter:inst6|cntr_f3g:auto_generated|counter_reg_bit[18] ; CLOCK_50     ; CLOCK_50    ; 0.000        ; 0.388      ; 1.236      ;
; 0.705 ; lpm_counter:inst6|cntr_f3g:auto_generated|counter_reg_bit[8]  ; lpm_counter:inst6|cntr_f3g:auto_generated|counter_reg_bit[16] ; CLOCK_50     ; CLOCK_50    ; 0.000        ; 0.388      ; 1.237      ;
; 0.708 ; lpm_counter:inst6|cntr_f3g:auto_generated|counter_reg_bit[14] ; lpm_counter:inst6|cntr_f3g:auto_generated|counter_reg_bit[22] ; CLOCK_50     ; CLOCK_50    ; 0.000        ; 0.388      ; 1.240      ;
; 0.724 ; lpm_counter:inst6|cntr_f3g:auto_generated|counter_reg_bit[19] ; lpm_counter:inst6|cntr_f3g:auto_generated|counter_reg_bit[20] ; CLOCK_50     ; CLOCK_50    ; 0.000        ; 0.069      ; 0.937      ;
; 0.727 ; lpm_counter:inst6|cntr_f3g:auto_generated|counter_reg_bit[15] ; lpm_counter:inst6|cntr_f3g:auto_generated|counter_reg_bit[16] ; CLOCK_50     ; CLOCK_50    ; 0.000        ; 0.069      ; 0.940      ;
; 0.728 ; lpm_counter:inst6|cntr_f3g:auto_generated|counter_reg_bit[17] ; lpm_counter:inst6|cntr_f3g:auto_generated|counter_reg_bit[18] ; CLOCK_50     ; CLOCK_50    ; 0.000        ; 0.069      ; 0.941      ;
; 0.729 ; lpm_counter:inst6|cntr_f3g:auto_generated|counter_reg_bit[23] ; lpm_counter:inst6|cntr_f3g:auto_generated|counter_reg_bit[24] ; CLOCK_50     ; CLOCK_50    ; 0.000        ; 0.069      ; 0.942      ;
; 0.729 ; lpm_counter:inst6|cntr_f3g:auto_generated|counter_reg_bit[16] ; lpm_counter:inst6|cntr_f3g:auto_generated|counter_reg_bit[17] ; CLOCK_50     ; CLOCK_50    ; 0.000        ; 0.069      ; 0.942      ;
; 0.729 ; lpm_counter:inst6|cntr_f3g:auto_generated|counter_reg_bit[21] ; lpm_counter:inst6|cntr_f3g:auto_generated|counter_reg_bit[22] ; CLOCK_50     ; CLOCK_50    ; 0.000        ; 0.069      ; 0.942      ;
; 0.730 ; lpm_counter:inst6|cntr_f3g:auto_generated|counter_reg_bit[18] ; lpm_counter:inst6|cntr_f3g:auto_generated|counter_reg_bit[19] ; CLOCK_50     ; CLOCK_50    ; 0.000        ; 0.069      ; 0.943      ;
; 0.734 ; lpm_counter:inst6|cntr_f3g:auto_generated|counter_reg_bit[22] ; lpm_counter:inst6|cntr_f3g:auto_generated|counter_reg_bit[23] ; CLOCK_50     ; CLOCK_50    ; 0.000        ; 0.069      ; 0.947      ;
; 0.734 ; lpm_counter:inst6|cntr_f3g:auto_generated|counter_reg_bit[20] ; lpm_counter:inst6|cntr_f3g:auto_generated|counter_reg_bit[21] ; CLOCK_50     ; CLOCK_50    ; 0.000        ; 0.069      ; 0.947      ;
; 0.736 ; lpm_counter:inst6|cntr_f3g:auto_generated|counter_reg_bit[16] ; lpm_counter:inst6|cntr_f3g:auto_generated|counter_reg_bit[18] ; CLOCK_50     ; CLOCK_50    ; 0.000        ; 0.069      ; 0.949      ;
; 0.737 ; lpm_counter:inst6|cntr_f3g:auto_generated|counter_reg_bit[18] ; lpm_counter:inst6|cntr_f3g:auto_generated|counter_reg_bit[20] ; CLOCK_50     ; CLOCK_50    ; 0.000        ; 0.069      ; 0.950      ;
; 0.738 ; lpm_counter:inst6|cntr_f3g:auto_generated|counter_reg_bit[3]  ; lpm_counter:inst6|cntr_f3g:auto_generated|counter_reg_bit[4]  ; CLOCK_50     ; CLOCK_50    ; 0.000        ; 0.055      ; 0.937      ;
; 0.739 ; lpm_counter:inst6|cntr_f3g:auto_generated|counter_reg_bit[13] ; lpm_counter:inst6|cntr_f3g:auto_generated|counter_reg_bit[14] ; CLOCK_50     ; CLOCK_50    ; 0.000        ; 0.055      ; 0.938      ;
; 0.740 ; lpm_counter:inst6|cntr_f3g:auto_generated|counter_reg_bit[11] ; lpm_counter:inst6|cntr_f3g:auto_generated|counter_reg_bit[12] ; CLOCK_50     ; CLOCK_50    ; 0.000        ; 0.055      ; 0.939      ;
; 0.741 ; lpm_counter:inst6|cntr_f3g:auto_generated|counter_reg_bit[9]  ; lpm_counter:inst6|cntr_f3g:auto_generated|counter_reg_bit[10] ; CLOCK_50     ; CLOCK_50    ; 0.000        ; 0.055      ; 0.940      ;
; 0.741 ; lpm_counter:inst6|cntr_f3g:auto_generated|counter_reg_bit[1]  ; lpm_counter:inst6|cntr_f3g:auto_generated|counter_reg_bit[2]  ; CLOCK_50     ; CLOCK_50    ; 0.000        ; 0.055      ; 0.940      ;
; 0.741 ; lpm_counter:inst6|cntr_f3g:auto_generated|counter_reg_bit[20] ; lpm_counter:inst6|cntr_f3g:auto_generated|counter_reg_bit[22] ; CLOCK_50     ; CLOCK_50    ; 0.000        ; 0.069      ; 0.954      ;
; 0.741 ; lpm_counter:inst6|cntr_f3g:auto_generated|counter_reg_bit[22] ; lpm_counter:inst6|cntr_f3g:auto_generated|counter_reg_bit[24] ; CLOCK_50     ; CLOCK_50    ; 0.000        ; 0.069      ; 0.954      ;
; 0.742 ; lpm_counter:inst6|cntr_f3g:auto_generated|counter_reg_bit[7]  ; lpm_counter:inst6|cntr_f3g:auto_generated|counter_reg_bit[8]  ; CLOCK_50     ; CLOCK_50    ; 0.000        ; 0.055      ; 0.941      ;
; 0.742 ; lpm_counter:inst6|cntr_f3g:auto_generated|counter_reg_bit[5]  ; lpm_counter:inst6|cntr_f3g:auto_generated|counter_reg_bit[6]  ; CLOCK_50     ; CLOCK_50    ; 0.000        ; 0.055      ; 0.941      ;
; 0.742 ; lpm_counter:inst6|cntr_f3g:auto_generated|counter_reg_bit[12] ; lpm_counter:inst6|cntr_f3g:auto_generated|counter_reg_bit[13] ; CLOCK_50     ; CLOCK_50    ; 0.000        ; 0.055      ; 0.941      ;
; 0.742 ; lpm_counter:inst6|cntr_f3g:auto_generated|counter_reg_bit[10] ; lpm_counter:inst6|cntr_f3g:auto_generated|counter_reg_bit[11] ; CLOCK_50     ; CLOCK_50    ; 0.000        ; 0.055      ; 0.941      ;
; 0.743 ; lpm_counter:inst6|cntr_f3g:auto_generated|counter_reg_bit[8]  ; lpm_counter:inst6|cntr_f3g:auto_generated|counter_reg_bit[9]  ; CLOCK_50     ; CLOCK_50    ; 0.000        ; 0.055      ; 0.942      ;
; 0.743 ; lpm_counter:inst6|cntr_f3g:auto_generated|counter_reg_bit[0]  ; lpm_counter:inst6|cntr_f3g:auto_generated|counter_reg_bit[1]  ; CLOCK_50     ; CLOCK_50    ; 0.000        ; 0.055      ; 0.942      ;
; 0.744 ; lpm_counter:inst6|cntr_f3g:auto_generated|counter_reg_bit[2]  ; lpm_counter:inst6|cntr_f3g:auto_generated|counter_reg_bit[3]  ; CLOCK_50     ; CLOCK_50    ; 0.000        ; 0.055      ; 0.943      ;
; 0.747 ; lpm_counter:inst6|cntr_f3g:auto_generated|counter_reg_bit[6]  ; lpm_counter:inst6|cntr_f3g:auto_generated|counter_reg_bit[7]  ; CLOCK_50     ; CLOCK_50    ; 0.000        ; 0.055      ; 0.946      ;
; 0.748 ; lpm_counter:inst6|cntr_f3g:auto_generated|counter_reg_bit[4]  ; lpm_counter:inst6|cntr_f3g:auto_generated|counter_reg_bit[5]  ; CLOCK_50     ; CLOCK_50    ; 0.000        ; 0.055      ; 0.947      ;
; 0.749 ; lpm_counter:inst6|cntr_f3g:auto_generated|counter_reg_bit[12] ; lpm_counter:inst6|cntr_f3g:auto_generated|counter_reg_bit[14] ; CLOCK_50     ; CLOCK_50    ; 0.000        ; 0.055      ; 0.948      ;
; 0.749 ; lpm_counter:inst6|cntr_f3g:auto_generated|counter_reg_bit[10] ; lpm_counter:inst6|cntr_f3g:auto_generated|counter_reg_bit[12] ; CLOCK_50     ; CLOCK_50    ; 0.000        ; 0.055      ; 0.948      ;
; 0.750 ; lpm_counter:inst6|cntr_f3g:auto_generated|counter_reg_bit[8]  ; lpm_counter:inst6|cntr_f3g:auto_generated|counter_reg_bit[10] ; CLOCK_50     ; CLOCK_50    ; 0.000        ; 0.055      ; 0.949      ;
; 0.750 ; lpm_counter:inst6|cntr_f3g:auto_generated|counter_reg_bit[0]  ; lpm_counter:inst6|cntr_f3g:auto_generated|counter_reg_bit[2]  ; CLOCK_50     ; CLOCK_50    ; 0.000        ; 0.055      ; 0.949      ;
; 0.751 ; lpm_counter:inst6|cntr_f3g:auto_generated|counter_reg_bit[2]  ; lpm_counter:inst6|cntr_f3g:auto_generated|counter_reg_bit[4]  ; CLOCK_50     ; CLOCK_50    ; 0.000        ; 0.055      ; 0.950      ;
; 0.754 ; lpm_counter:inst6|cntr_f3g:auto_generated|counter_reg_bit[6]  ; lpm_counter:inst6|cntr_f3g:auto_generated|counter_reg_bit[8]  ; CLOCK_50     ; CLOCK_50    ; 0.000        ; 0.055      ; 0.953      ;
; 0.755 ; lpm_counter:inst6|cntr_f3g:auto_generated|counter_reg_bit[4]  ; lpm_counter:inst6|cntr_f3g:auto_generated|counter_reg_bit[6]  ; CLOCK_50     ; CLOCK_50    ; 0.000        ; 0.055      ; 0.954      ;
; 0.783 ; lpm_counter:inst6|cntr_f3g:auto_generated|counter_reg_bit[13] ; lpm_counter:inst6|cntr_f3g:auto_generated|counter_reg_bit[21] ; CLOCK_50     ; CLOCK_50    ; 0.000        ; 0.388      ; 1.315      ;
; 0.784 ; lpm_counter:inst6|cntr_f3g:auto_generated|counter_reg_bit[11] ; lpm_counter:inst6|cntr_f3g:auto_generated|counter_reg_bit[19] ; CLOCK_50     ; CLOCK_50    ; 0.000        ; 0.388      ; 1.316      ;
; 0.785 ; lpm_counter:inst6|cntr_f3g:auto_generated|counter_reg_bit[9]  ; lpm_counter:inst6|cntr_f3g:auto_generated|counter_reg_bit[17] ; CLOCK_50     ; CLOCK_50    ; 0.000        ; 0.388      ; 1.317      ;
; 0.786 ; lpm_counter:inst6|cntr_f3g:auto_generated|counter_reg_bit[7]  ; lpm_counter:inst6|cntr_f3g:auto_generated|counter_reg_bit[15] ; CLOCK_50     ; CLOCK_50    ; 0.000        ; 0.388      ; 1.318      ;
; 0.790 ; lpm_counter:inst6|cntr_f3g:auto_generated|counter_reg_bit[13] ; lpm_counter:inst6|cntr_f3g:auto_generated|counter_reg_bit[22] ; CLOCK_50     ; CLOCK_50    ; 0.000        ; 0.388      ; 1.322      ;
; 0.791 ; lpm_counter:inst6|cntr_f3g:auto_generated|counter_reg_bit[11] ; lpm_counter:inst6|cntr_f3g:auto_generated|counter_reg_bit[20] ; CLOCK_50     ; CLOCK_50    ; 0.000        ; 0.388      ; 1.323      ;
; 0.792 ; lpm_counter:inst6|cntr_f3g:auto_generated|counter_reg_bit[9]  ; lpm_counter:inst6|cntr_f3g:auto_generated|counter_reg_bit[18] ; CLOCK_50     ; CLOCK_50    ; 0.000        ; 0.388      ; 1.324      ;
; 0.793 ; lpm_counter:inst6|cntr_f3g:auto_generated|counter_reg_bit[7]  ; lpm_counter:inst6|cntr_f3g:auto_generated|counter_reg_bit[16] ; CLOCK_50     ; CLOCK_50    ; 0.000        ; 0.388      ; 1.325      ;
; 0.793 ; lpm_counter:inst6|cntr_f3g:auto_generated|counter_reg_bit[12] ; lpm_counter:inst6|cntr_f3g:auto_generated|counter_reg_bit[21] ; CLOCK_50     ; CLOCK_50    ; 0.000        ; 0.388      ; 1.325      ;
+-------+---------------------------------------------------------------+---------------------------------------------------------------+--------------+-------------+--------------+------------+------------+


+-----------------------------------------------------------------------------------------------------------------------------------------------------------------+
; Slow 1200mV 0C Model Recovery: 'KEY[1]'                                                                                                                         ;
+--------+----------------+----------------+---------------------------------------------------------------+-------------+--------------+------------+------------+
; Slack  ; From Node      ; To Node        ; Launch Clock                                                  ; Latch Clock ; Relationship ; Clock Skew ; Data Delay ;
+--------+----------------+----------------+---------------------------------------------------------------+-------------+--------------+------------+------------+
; -0.526 ; 74164:inst32|7 ; 7474:inst31|10 ; lpm_counter:inst6|cntr_f3g:auto_generated|counter_reg_bit[25] ; KEY[1]      ; 1.000        ; -0.243     ; 1.268      ;
+--------+----------------+----------------+---------------------------------------------------------------+-------------+--------------+------------+------------+


+------------------------------------------------------------------------------------------------------------------------------------------------------------------------------------------------------------------+
; Slow 1200mV 0C Model Recovery: 'lpm_counter:inst6|cntr_f3g:auto_generated|counter_reg_bit[25]'                                                                                                                   ;
+--------+----------------+---------------+---------------------------------------------------------------+---------------------------------------------------------------+--------------+------------+------------+
; Slack  ; From Node      ; To Node       ; Launch Clock                                                  ; Latch Clock                                                   ; Relationship ; Clock Skew ; Data Delay ;
+--------+----------------+---------------+---------------------------------------------------------------+---------------------------------------------------------------+--------------+------------+------------+
; -0.194 ; 74164:inst32|7 ; 7474:inst31|9 ; lpm_counter:inst6|cntr_f3g:auto_generated|counter_reg_bit[25] ; lpm_counter:inst6|cntr_f3g:auto_generated|counter_reg_bit[25] ; 1.000        ; -0.056     ; 1.133      ;
+--------+----------------+---------------+---------------------------------------------------------------+---------------------------------------------------------------+--------------+------------+------------+


+-----------------------------------------------------------------------------------------------------------------------------------------------------------------------------------------------------------------+
; Slow 1200mV 0C Model Removal: 'lpm_counter:inst6|cntr_f3g:auto_generated|counter_reg_bit[25]'                                                                                                                   ;
+-------+----------------+---------------+---------------------------------------------------------------+---------------------------------------------------------------+--------------+------------+------------+
; Slack ; From Node      ; To Node       ; Launch Clock                                                  ; Latch Clock                                                   ; Relationship ; Clock Skew ; Data Delay ;
+-------+----------------+---------------+---------------------------------------------------------------+---------------------------------------------------------------+--------------+------------+------------+
; 0.823 ; 74164:inst32|7 ; 7474:inst31|9 ; lpm_counter:inst6|cntr_f3g:auto_generated|counter_reg_bit[25] ; lpm_counter:inst6|cntr_f3g:auto_generated|counter_reg_bit[25] ; 0.000        ; 0.056      ; 1.023      ;
+-------+----------------+---------------+---------------------------------------------------------------+---------------------------------------------------------------+--------------+------------+------------+


+----------------------------------------------------------------------------------------------------------------------------------------------------------------+
; Slow 1200mV 0C Model Removal: 'KEY[1]'                                                                                                                         ;
+-------+----------------+----------------+---------------------------------------------------------------+-------------+--------------+------------+------------+
; Slack ; From Node      ; To Node        ; Launch Clock                                                  ; Latch Clock ; Relationship ; Clock Skew ; Data Delay ;
+-------+----------------+----------------+---------------------------------------------------------------+-------------+--------------+------------+------------+
; 1.071 ; 74164:inst32|7 ; 7474:inst31|10 ; lpm_counter:inst6|cntr_f3g:auto_generated|counter_reg_bit[25] ; KEY[1]      ; 0.000        ; -0.068     ; 1.177      ;
+-------+----------------+----------------+---------------------------------------------------------------+-------------+--------------+------------+------------+


----------------------------------------------
; Slow 1200mV 0C Model Metastability Summary ;
----------------------------------------------
No synchronizer chains to report.


+----------------------------------------------------------------------------------------+
; Fast 1200mV 0C Model Setup Summary                                                     ;
+---------------------------------------------------------------+--------+---------------+
; Clock                                                         ; Slack  ; End Point TNS ;
+---------------------------------------------------------------+--------+---------------+
; CLOCK_50                                                      ; -0.625 ; -4.440        ;
; MIO1                                                          ; 0.450  ; 0.000         ;
; lpm_counter:inst6|cntr_f3g:auto_generated|counter_reg_bit[25] ; 0.492  ; 0.000         ;
+---------------------------------------------------------------+--------+---------------+


+---------------------------------------------------------------------------------------+
; Fast 1200mV 0C Model Hold Summary                                                     ;
+---------------------------------------------------------------+-------+---------------+
; Clock                                                         ; Slack ; End Point TNS ;
+---------------------------------------------------------------+-------+---------------+
; MIO1                                                          ; 0.201 ; 0.000         ;
; lpm_counter:inst6|cntr_f3g:auto_generated|counter_reg_bit[25] ; 0.206 ; 0.000         ;
; CLOCK_50                                                      ; 0.254 ; 0.000         ;
+---------------------------------------------------------------+-------+---------------+


+----------------------------------------------------------------------------------------+
; Fast 1200mV 0C Model Recovery Summary                                                  ;
+---------------------------------------------------------------+--------+---------------+
; Clock                                                         ; Slack  ; End Point TNS ;
+---------------------------------------------------------------+--------+---------------+
; KEY[1]                                                        ; -0.123 ; -0.123        ;
; lpm_counter:inst6|cntr_f3g:auto_generated|counter_reg_bit[25] ; 0.237  ; 0.000         ;
+---------------------------------------------------------------+--------+---------------+


+---------------------------------------------------------------------------------------+
; Fast 1200mV 0C Model Removal Summary                                                  ;
+---------------------------------------------------------------+-------+---------------+
; Clock                                                         ; Slack ; End Point TNS ;
+---------------------------------------------------------------+-------+---------------+
; lpm_counter:inst6|cntr_f3g:auto_generated|counter_reg_bit[25] ; 0.503 ; 0.000         ;
; KEY[1]                                                        ; 0.764 ; 0.000         ;
+---------------------------------------------------------------+-------+---------------+


+----------------------------------------------------------------------------------------+
; Fast 1200mV 0C Model Minimum Pulse Width Summary                                       ;
+---------------------------------------------------------------+--------+---------------+
; Clock                                                         ; Slack  ; End Point TNS ;
+---------------------------------------------------------------+--------+---------------+
; CLOCK_50                                                      ; -3.000 ; -36.717       ;
; MIO1                                                          ; -3.000 ; -8.459        ;
; KEY[1]                                                        ; -3.000 ; -4.206        ;
; lpm_counter:inst6|cntr_f3g:auto_generated|counter_reg_bit[25] ; -1.000 ; -9.000        ;
+---------------------------------------------------------------+--------+---------------+


+---------------------------------------------------------------------------------------------------------------------------------------------------------------------------------------------------------------------------------------------------------------+
; Fast 1200mV 0C Model Setup: 'CLOCK_50'                                                                                                                                                                                                                        ;
+--------+---------------------------------------------------------------+---------------------------------------------------------------+---------------------------------------------------------------+-------------+--------------+------------+------------+
; Slack  ; From Node                                                     ; To Node                                                       ; Launch Clock                                                  ; Latch Clock ; Relationship ; Clock Skew ; Data Delay ;
+--------+---------------------------------------------------------------+---------------------------------------------------------------+---------------------------------------------------------------+-------------+--------------+------------+------------+
; -0.625 ; lpm_counter:inst6|cntr_f3g:auto_generated|counter_reg_bit[1]  ; lpm_counter:inst6|cntr_f3g:auto_generated|counter_reg_bit[25] ; CLOCK_50                                                      ; CLOCK_50    ; 1.000        ; -0.037     ; 1.575      ;
; -0.611 ; lpm_counter:inst6|cntr_f3g:auto_generated|counter_reg_bit[0]  ; lpm_counter:inst6|cntr_f3g:auto_generated|counter_reg_bit[25] ; CLOCK_50                                                      ; CLOCK_50    ; 1.000        ; -0.037     ; 1.561      ;
; -0.553 ; lpm_counter:inst6|cntr_f3g:auto_generated|counter_reg_bit[3]  ; lpm_counter:inst6|cntr_f3g:auto_generated|counter_reg_bit[25] ; CLOCK_50                                                      ; CLOCK_50    ; 1.000        ; -0.037     ; 1.503      ;
; -0.543 ; lpm_counter:inst6|cntr_f3g:auto_generated|counter_reg_bit[2]  ; lpm_counter:inst6|cntr_f3g:auto_generated|counter_reg_bit[25] ; CLOCK_50                                                      ; CLOCK_50    ; 1.000        ; -0.037     ; 1.493      ;
; -0.530 ; lpm_counter:inst6|cntr_f3g:auto_generated|counter_reg_bit[25] ; lpm_counter:inst6|cntr_f3g:auto_generated|counter_reg_bit[25] ; lpm_counter:inst6|cntr_f3g:auto_generated|counter_reg_bit[25] ; CLOCK_50    ; 0.500        ; 1.111      ; 2.223      ;
; -0.489 ; lpm_counter:inst6|cntr_f3g:auto_generated|counter_reg_bit[5]  ; lpm_counter:inst6|cntr_f3g:auto_generated|counter_reg_bit[25] ; CLOCK_50                                                      ; CLOCK_50    ; 1.000        ; -0.037     ; 1.439      ;
; -0.475 ; lpm_counter:inst6|cntr_f3g:auto_generated|counter_reg_bit[4]  ; lpm_counter:inst6|cntr_f3g:auto_generated|counter_reg_bit[25] ; CLOCK_50                                                      ; CLOCK_50    ; 1.000        ; -0.037     ; 1.425      ;
; -0.431 ; lpm_counter:inst6|cntr_f3g:auto_generated|counter_reg_bit[1]  ; lpm_counter:inst6|cntr_f3g:auto_generated|counter_reg_bit[24] ; CLOCK_50                                                      ; CLOCK_50    ; 1.000        ; 0.153      ; 1.571      ;
; -0.421 ; lpm_counter:inst6|cntr_f3g:auto_generated|counter_reg_bit[7]  ; lpm_counter:inst6|cntr_f3g:auto_generated|counter_reg_bit[25] ; CLOCK_50                                                      ; CLOCK_50    ; 1.000        ; -0.037     ; 1.371      ;
; -0.408 ; lpm_counter:inst6|cntr_f3g:auto_generated|counter_reg_bit[6]  ; lpm_counter:inst6|cntr_f3g:auto_generated|counter_reg_bit[25] ; CLOCK_50                                                      ; CLOCK_50    ; 1.000        ; -0.037     ; 1.358      ;
; -0.383 ; lpm_counter:inst6|cntr_f3g:auto_generated|counter_reg_bit[0]  ; lpm_counter:inst6|cntr_f3g:auto_generated|counter_reg_bit[24] ; CLOCK_50                                                      ; CLOCK_50    ; 1.000        ; 0.153      ; 1.523      ;
; -0.367 ; lpm_counter:inst6|cntr_f3g:auto_generated|counter_reg_bit[1]  ; lpm_counter:inst6|cntr_f3g:auto_generated|counter_reg_bit[23] ; CLOCK_50                                                      ; CLOCK_50    ; 1.000        ; 0.153      ; 1.507      ;
; -0.363 ; lpm_counter:inst6|cntr_f3g:auto_generated|counter_reg_bit[1]  ; lpm_counter:inst6|cntr_f3g:auto_generated|counter_reg_bit[22] ; CLOCK_50                                                      ; CLOCK_50    ; 1.000        ; 0.153      ; 1.503      ;
; -0.359 ; lpm_counter:inst6|cntr_f3g:auto_generated|counter_reg_bit[3]  ; lpm_counter:inst6|cntr_f3g:auto_generated|counter_reg_bit[24] ; CLOCK_50                                                      ; CLOCK_50    ; 1.000        ; 0.153      ; 1.499      ;
; -0.353 ; lpm_counter:inst6|cntr_f3g:auto_generated|counter_reg_bit[9]  ; lpm_counter:inst6|cntr_f3g:auto_generated|counter_reg_bit[25] ; CLOCK_50                                                      ; CLOCK_50    ; 1.000        ; -0.037     ; 1.303      ;
; -0.353 ; lpm_counter:inst6|cntr_f3g:auto_generated|counter_reg_bit[0]  ; lpm_counter:inst6|cntr_f3g:auto_generated|counter_reg_bit[23] ; CLOCK_50                                                      ; CLOCK_50    ; 1.000        ; 0.153      ; 1.493      ;
; -0.348 ; lpm_counter:inst6|cntr_f3g:auto_generated|counter_reg_bit[15] ; lpm_counter:inst6|cntr_f3g:auto_generated|counter_reg_bit[25] ; CLOCK_50                                                      ; CLOCK_50    ; 1.000        ; -0.235     ; 1.100      ;
; -0.340 ; lpm_counter:inst6|cntr_f3g:auto_generated|counter_reg_bit[8]  ; lpm_counter:inst6|cntr_f3g:auto_generated|counter_reg_bit[25] ; CLOCK_50                                                      ; CLOCK_50    ; 1.000        ; -0.037     ; 1.290      ;
; -0.315 ; lpm_counter:inst6|cntr_f3g:auto_generated|counter_reg_bit[0]  ; lpm_counter:inst6|cntr_f3g:auto_generated|counter_reg_bit[22] ; CLOCK_50                                                      ; CLOCK_50    ; 1.000        ; 0.153      ; 1.455      ;
; -0.314 ; lpm_counter:inst6|cntr_f3g:auto_generated|counter_reg_bit[2]  ; lpm_counter:inst6|cntr_f3g:auto_generated|counter_reg_bit[24] ; CLOCK_50                                                      ; CLOCK_50    ; 1.000        ; 0.153      ; 1.454      ;
; -0.299 ; lpm_counter:inst6|cntr_f3g:auto_generated|counter_reg_bit[1]  ; lpm_counter:inst6|cntr_f3g:auto_generated|counter_reg_bit[21] ; CLOCK_50                                                      ; CLOCK_50    ; 1.000        ; 0.153      ; 1.439      ;
; -0.295 ; lpm_counter:inst6|cntr_f3g:auto_generated|counter_reg_bit[1]  ; lpm_counter:inst6|cntr_f3g:auto_generated|counter_reg_bit[20] ; CLOCK_50                                                      ; CLOCK_50    ; 1.000        ; 0.153      ; 1.435      ;
; -0.295 ; lpm_counter:inst6|cntr_f3g:auto_generated|counter_reg_bit[5]  ; lpm_counter:inst6|cntr_f3g:auto_generated|counter_reg_bit[24] ; CLOCK_50                                                      ; CLOCK_50    ; 1.000        ; 0.153      ; 1.435      ;
; -0.295 ; lpm_counter:inst6|cntr_f3g:auto_generated|counter_reg_bit[3]  ; lpm_counter:inst6|cntr_f3g:auto_generated|counter_reg_bit[23] ; CLOCK_50                                                      ; CLOCK_50    ; 1.000        ; 0.153      ; 1.435      ;
; -0.291 ; lpm_counter:inst6|cntr_f3g:auto_generated|counter_reg_bit[3]  ; lpm_counter:inst6|cntr_f3g:auto_generated|counter_reg_bit[22] ; CLOCK_50                                                      ; CLOCK_50    ; 1.000        ; 0.153      ; 1.431      ;
; -0.285 ; lpm_counter:inst6|cntr_f3g:auto_generated|counter_reg_bit[11] ; lpm_counter:inst6|cntr_f3g:auto_generated|counter_reg_bit[25] ; CLOCK_50                                                      ; CLOCK_50    ; 1.000        ; -0.037     ; 1.235      ;
; -0.285 ; lpm_counter:inst6|cntr_f3g:auto_generated|counter_reg_bit[2]  ; lpm_counter:inst6|cntr_f3g:auto_generated|counter_reg_bit[23] ; CLOCK_50                                                      ; CLOCK_50    ; 1.000        ; 0.153      ; 1.425      ;
; -0.285 ; lpm_counter:inst6|cntr_f3g:auto_generated|counter_reg_bit[0]  ; lpm_counter:inst6|cntr_f3g:auto_generated|counter_reg_bit[21] ; CLOCK_50                                                      ; CLOCK_50    ; 1.000        ; 0.153      ; 1.425      ;
; -0.281 ; lpm_counter:inst6|cntr_f3g:auto_generated|counter_reg_bit[1]  ; lpm_counter:inst6|cntr_f3g:auto_generated|counter_reg_bit[14] ; CLOCK_50                                                      ; CLOCK_50    ; 1.000        ; -0.037     ; 1.231      ;
; -0.280 ; lpm_counter:inst6|cntr_f3g:auto_generated|counter_reg_bit[17] ; lpm_counter:inst6|cntr_f3g:auto_generated|counter_reg_bit[25] ; CLOCK_50                                                      ; CLOCK_50    ; 1.000        ; -0.235     ; 1.032      ;
; -0.271 ; lpm_counter:inst6|cntr_f3g:auto_generated|counter_reg_bit[10] ; lpm_counter:inst6|cntr_f3g:auto_generated|counter_reg_bit[25] ; CLOCK_50                                                      ; CLOCK_50    ; 1.000        ; -0.037     ; 1.221      ;
; -0.266 ; lpm_counter:inst6|cntr_f3g:auto_generated|counter_reg_bit[16] ; lpm_counter:inst6|cntr_f3g:auto_generated|counter_reg_bit[25] ; CLOCK_50                                                      ; CLOCK_50    ; 1.000        ; -0.235     ; 1.018      ;
; -0.247 ; lpm_counter:inst6|cntr_f3g:auto_generated|counter_reg_bit[4]  ; lpm_counter:inst6|cntr_f3g:auto_generated|counter_reg_bit[24] ; CLOCK_50                                                      ; CLOCK_50    ; 1.000        ; 0.153      ; 1.387      ;
; -0.247 ; lpm_counter:inst6|cntr_f3g:auto_generated|counter_reg_bit[0]  ; lpm_counter:inst6|cntr_f3g:auto_generated|counter_reg_bit[20] ; CLOCK_50                                                      ; CLOCK_50    ; 1.000        ; 0.153      ; 1.387      ;
; -0.246 ; lpm_counter:inst6|cntr_f3g:auto_generated|counter_reg_bit[2]  ; lpm_counter:inst6|cntr_f3g:auto_generated|counter_reg_bit[22] ; CLOCK_50                                                      ; CLOCK_50    ; 1.000        ; 0.153      ; 1.386      ;
; -0.233 ; lpm_counter:inst6|cntr_f3g:auto_generated|counter_reg_bit[0]  ; lpm_counter:inst6|cntr_f3g:auto_generated|counter_reg_bit[14] ; CLOCK_50                                                      ; CLOCK_50    ; 1.000        ; -0.037     ; 1.183      ;
; -0.231 ; lpm_counter:inst6|cntr_f3g:auto_generated|counter_reg_bit[1]  ; lpm_counter:inst6|cntr_f3g:auto_generated|counter_reg_bit[19] ; CLOCK_50                                                      ; CLOCK_50    ; 1.000        ; 0.153      ; 1.371      ;
; -0.231 ; lpm_counter:inst6|cntr_f3g:auto_generated|counter_reg_bit[5]  ; lpm_counter:inst6|cntr_f3g:auto_generated|counter_reg_bit[23] ; CLOCK_50                                                      ; CLOCK_50    ; 1.000        ; 0.153      ; 1.371      ;
; -0.227 ; lpm_counter:inst6|cntr_f3g:auto_generated|counter_reg_bit[1]  ; lpm_counter:inst6|cntr_f3g:auto_generated|counter_reg_bit[18] ; CLOCK_50                                                      ; CLOCK_50    ; 1.000        ; 0.153      ; 1.367      ;
; -0.227 ; lpm_counter:inst6|cntr_f3g:auto_generated|counter_reg_bit[7]  ; lpm_counter:inst6|cntr_f3g:auto_generated|counter_reg_bit[24] ; CLOCK_50                                                      ; CLOCK_50    ; 1.000        ; 0.153      ; 1.367      ;
; -0.227 ; lpm_counter:inst6|cntr_f3g:auto_generated|counter_reg_bit[5]  ; lpm_counter:inst6|cntr_f3g:auto_generated|counter_reg_bit[22] ; CLOCK_50                                                      ; CLOCK_50    ; 1.000        ; 0.153      ; 1.367      ;
; -0.227 ; lpm_counter:inst6|cntr_f3g:auto_generated|counter_reg_bit[3]  ; lpm_counter:inst6|cntr_f3g:auto_generated|counter_reg_bit[21] ; CLOCK_50                                                      ; CLOCK_50    ; 1.000        ; 0.153      ; 1.367      ;
; -0.223 ; lpm_counter:inst6|cntr_f3g:auto_generated|counter_reg_bit[3]  ; lpm_counter:inst6|cntr_f3g:auto_generated|counter_reg_bit[20] ; CLOCK_50                                                      ; CLOCK_50    ; 1.000        ; 0.153      ; 1.363      ;
; -0.217 ; lpm_counter:inst6|cntr_f3g:auto_generated|counter_reg_bit[1]  ; lpm_counter:inst6|cntr_f3g:auto_generated|counter_reg_bit[13] ; CLOCK_50                                                      ; CLOCK_50    ; 1.000        ; -0.037     ; 1.167      ;
; -0.217 ; lpm_counter:inst6|cntr_f3g:auto_generated|counter_reg_bit[13] ; lpm_counter:inst6|cntr_f3g:auto_generated|counter_reg_bit[25] ; CLOCK_50                                                      ; CLOCK_50    ; 1.000        ; -0.037     ; 1.167      ;
; -0.217 ; lpm_counter:inst6|cntr_f3g:auto_generated|counter_reg_bit[4]  ; lpm_counter:inst6|cntr_f3g:auto_generated|counter_reg_bit[23] ; CLOCK_50                                                      ; CLOCK_50    ; 1.000        ; 0.153      ; 1.357      ;
; -0.217 ; lpm_counter:inst6|cntr_f3g:auto_generated|counter_reg_bit[2]  ; lpm_counter:inst6|cntr_f3g:auto_generated|counter_reg_bit[21] ; CLOCK_50                                                      ; CLOCK_50    ; 1.000        ; 0.153      ; 1.357      ;
; -0.217 ; lpm_counter:inst6|cntr_f3g:auto_generated|counter_reg_bit[0]  ; lpm_counter:inst6|cntr_f3g:auto_generated|counter_reg_bit[19] ; CLOCK_50                                                      ; CLOCK_50    ; 1.000        ; 0.153      ; 1.357      ;
; -0.213 ; lpm_counter:inst6|cntr_f3g:auto_generated|counter_reg_bit[1]  ; lpm_counter:inst6|cntr_f3g:auto_generated|counter_reg_bit[12] ; CLOCK_50                                                      ; CLOCK_50    ; 1.000        ; -0.037     ; 1.163      ;
; -0.209 ; lpm_counter:inst6|cntr_f3g:auto_generated|counter_reg_bit[3]  ; lpm_counter:inst6|cntr_f3g:auto_generated|counter_reg_bit[14] ; CLOCK_50                                                      ; CLOCK_50    ; 1.000        ; -0.037     ; 1.159      ;
; -0.208 ; lpm_counter:inst6|cntr_f3g:auto_generated|counter_reg_bit[19] ; lpm_counter:inst6|cntr_f3g:auto_generated|counter_reg_bit[25] ; CLOCK_50                                                      ; CLOCK_50    ; 1.000        ; -0.235     ; 0.960      ;
; -0.203 ; lpm_counter:inst6|cntr_f3g:auto_generated|counter_reg_bit[0]  ; lpm_counter:inst6|cntr_f3g:auto_generated|counter_reg_bit[13] ; CLOCK_50                                                      ; CLOCK_50    ; 1.000        ; -0.037     ; 1.153      ;
; -0.202 ; lpm_counter:inst6|cntr_f3g:auto_generated|counter_reg_bit[12] ; lpm_counter:inst6|cntr_f3g:auto_generated|counter_reg_bit[25] ; CLOCK_50                                                      ; CLOCK_50    ; 1.000        ; -0.037     ; 1.152      ;
; -0.198 ; lpm_counter:inst6|cntr_f3g:auto_generated|counter_reg_bit[18] ; lpm_counter:inst6|cntr_f3g:auto_generated|counter_reg_bit[25] ; CLOCK_50                                                      ; CLOCK_50    ; 1.000        ; -0.235     ; 0.950      ;
; -0.179 ; lpm_counter:inst6|cntr_f3g:auto_generated|counter_reg_bit[6]  ; lpm_counter:inst6|cntr_f3g:auto_generated|counter_reg_bit[24] ; CLOCK_50                                                      ; CLOCK_50    ; 1.000        ; 0.153      ; 1.319      ;
; -0.179 ; lpm_counter:inst6|cntr_f3g:auto_generated|counter_reg_bit[4]  ; lpm_counter:inst6|cntr_f3g:auto_generated|counter_reg_bit[22] ; CLOCK_50                                                      ; CLOCK_50    ; 1.000        ; 0.153      ; 1.319      ;
; -0.179 ; lpm_counter:inst6|cntr_f3g:auto_generated|counter_reg_bit[0]  ; lpm_counter:inst6|cntr_f3g:auto_generated|counter_reg_bit[18] ; CLOCK_50                                                      ; CLOCK_50    ; 1.000        ; 0.153      ; 1.319      ;
; -0.178 ; lpm_counter:inst6|cntr_f3g:auto_generated|counter_reg_bit[2]  ; lpm_counter:inst6|cntr_f3g:auto_generated|counter_reg_bit[20] ; CLOCK_50                                                      ; CLOCK_50    ; 1.000        ; 0.153      ; 1.318      ;
; -0.165 ; lpm_counter:inst6|cntr_f3g:auto_generated|counter_reg_bit[0]  ; lpm_counter:inst6|cntr_f3g:auto_generated|counter_reg_bit[12] ; CLOCK_50                                                      ; CLOCK_50    ; 1.000        ; -0.037     ; 1.115      ;
; -0.164 ; lpm_counter:inst6|cntr_f3g:auto_generated|counter_reg_bit[2]  ; lpm_counter:inst6|cntr_f3g:auto_generated|counter_reg_bit[14] ; CLOCK_50                                                      ; CLOCK_50    ; 1.000        ; -0.037     ; 1.114      ;
; -0.163 ; lpm_counter:inst6|cntr_f3g:auto_generated|counter_reg_bit[1]  ; lpm_counter:inst6|cntr_f3g:auto_generated|counter_reg_bit[17] ; CLOCK_50                                                      ; CLOCK_50    ; 1.000        ; 0.153      ; 1.303      ;
; -0.163 ; lpm_counter:inst6|cntr_f3g:auto_generated|counter_reg_bit[7]  ; lpm_counter:inst6|cntr_f3g:auto_generated|counter_reg_bit[23] ; CLOCK_50                                                      ; CLOCK_50    ; 1.000        ; 0.153      ; 1.303      ;
; -0.163 ; lpm_counter:inst6|cntr_f3g:auto_generated|counter_reg_bit[5]  ; lpm_counter:inst6|cntr_f3g:auto_generated|counter_reg_bit[21] ; CLOCK_50                                                      ; CLOCK_50    ; 1.000        ; 0.153      ; 1.303      ;
; -0.159 ; lpm_counter:inst6|cntr_f3g:auto_generated|counter_reg_bit[1]  ; lpm_counter:inst6|cntr_f3g:auto_generated|counter_reg_bit[16] ; CLOCK_50                                                      ; CLOCK_50    ; 1.000        ; 0.153      ; 1.299      ;
; -0.159 ; lpm_counter:inst6|cntr_f3g:auto_generated|counter_reg_bit[9]  ; lpm_counter:inst6|cntr_f3g:auto_generated|counter_reg_bit[24] ; CLOCK_50                                                      ; CLOCK_50    ; 1.000        ; 0.153      ; 1.299      ;
; -0.159 ; lpm_counter:inst6|cntr_f3g:auto_generated|counter_reg_bit[7]  ; lpm_counter:inst6|cntr_f3g:auto_generated|counter_reg_bit[22] ; CLOCK_50                                                      ; CLOCK_50    ; 1.000        ; 0.153      ; 1.299      ;
; -0.159 ; lpm_counter:inst6|cntr_f3g:auto_generated|counter_reg_bit[5]  ; lpm_counter:inst6|cntr_f3g:auto_generated|counter_reg_bit[20] ; CLOCK_50                                                      ; CLOCK_50    ; 1.000        ; 0.153      ; 1.299      ;
; -0.159 ; lpm_counter:inst6|cntr_f3g:auto_generated|counter_reg_bit[3]  ; lpm_counter:inst6|cntr_f3g:auto_generated|counter_reg_bit[19] ; CLOCK_50                                                      ; CLOCK_50    ; 1.000        ; 0.153      ; 1.299      ;
; -0.155 ; lpm_counter:inst6|cntr_f3g:auto_generated|counter_reg_bit[3]  ; lpm_counter:inst6|cntr_f3g:auto_generated|counter_reg_bit[18] ; CLOCK_50                                                      ; CLOCK_50    ; 1.000        ; 0.153      ; 1.295      ;
; -0.154 ; lpm_counter:inst6|cntr_f3g:auto_generated|counter_reg_bit[15] ; lpm_counter:inst6|cntr_f3g:auto_generated|counter_reg_bit[24] ; CLOCK_50                                                      ; CLOCK_50    ; 1.000        ; -0.045     ; 1.096      ;
; -0.150 ; lpm_counter:inst6|cntr_f3g:auto_generated|counter_reg_bit[6]  ; lpm_counter:inst6|cntr_f3g:auto_generated|counter_reg_bit[23] ; CLOCK_50                                                      ; CLOCK_50    ; 1.000        ; 0.153      ; 1.290      ;
; -0.149 ; lpm_counter:inst6|cntr_f3g:auto_generated|counter_reg_bit[1]  ; lpm_counter:inst6|cntr_f3g:auto_generated|counter_reg_bit[11] ; CLOCK_50                                                      ; CLOCK_50    ; 1.000        ; -0.037     ; 1.099      ;
; -0.149 ; lpm_counter:inst6|cntr_f3g:auto_generated|counter_reg_bit[4]  ; lpm_counter:inst6|cntr_f3g:auto_generated|counter_reg_bit[21] ; CLOCK_50                                                      ; CLOCK_50    ; 1.000        ; 0.153      ; 1.289      ;
; -0.149 ; lpm_counter:inst6|cntr_f3g:auto_generated|counter_reg_bit[2]  ; lpm_counter:inst6|cntr_f3g:auto_generated|counter_reg_bit[19] ; CLOCK_50                                                      ; CLOCK_50    ; 1.000        ; 0.153      ; 1.289      ;
; -0.149 ; lpm_counter:inst6|cntr_f3g:auto_generated|counter_reg_bit[0]  ; lpm_counter:inst6|cntr_f3g:auto_generated|counter_reg_bit[17] ; CLOCK_50                                                      ; CLOCK_50    ; 1.000        ; 0.153      ; 1.289      ;
; -0.145 ; lpm_counter:inst6|cntr_f3g:auto_generated|counter_reg_bit[1]  ; lpm_counter:inst6|cntr_f3g:auto_generated|counter_reg_bit[10] ; CLOCK_50                                                      ; CLOCK_50    ; 1.000        ; -0.037     ; 1.095      ;
; -0.145 ; lpm_counter:inst6|cntr_f3g:auto_generated|counter_reg_bit[21] ; lpm_counter:inst6|cntr_f3g:auto_generated|counter_reg_bit[25] ; CLOCK_50                                                      ; CLOCK_50    ; 1.000        ; -0.235     ; 0.897      ;
; -0.145 ; lpm_counter:inst6|cntr_f3g:auto_generated|counter_reg_bit[5]  ; lpm_counter:inst6|cntr_f3g:auto_generated|counter_reg_bit[14] ; CLOCK_50                                                      ; CLOCK_50    ; 1.000        ; -0.037     ; 1.095      ;
; -0.145 ; lpm_counter:inst6|cntr_f3g:auto_generated|counter_reg_bit[3]  ; lpm_counter:inst6|cntr_f3g:auto_generated|counter_reg_bit[13] ; CLOCK_50                                                      ; CLOCK_50    ; 1.000        ; -0.037     ; 1.095      ;
; -0.141 ; lpm_counter:inst6|cntr_f3g:auto_generated|counter_reg_bit[3]  ; lpm_counter:inst6|cntr_f3g:auto_generated|counter_reg_bit[12] ; CLOCK_50                                                      ; CLOCK_50    ; 1.000        ; -0.037     ; 1.091      ;
; -0.135 ; lpm_counter:inst6|cntr_f3g:auto_generated|counter_reg_bit[14] ; lpm_counter:inst6|cntr_f3g:auto_generated|counter_reg_bit[25] ; CLOCK_50                                                      ; CLOCK_50    ; 1.000        ; -0.037     ; 1.085      ;
; -0.135 ; lpm_counter:inst6|cntr_f3g:auto_generated|counter_reg_bit[2]  ; lpm_counter:inst6|cntr_f3g:auto_generated|counter_reg_bit[13] ; CLOCK_50                                                      ; CLOCK_50    ; 1.000        ; -0.037     ; 1.085      ;
; -0.135 ; lpm_counter:inst6|cntr_f3g:auto_generated|counter_reg_bit[0]  ; lpm_counter:inst6|cntr_f3g:auto_generated|counter_reg_bit[11] ; CLOCK_50                                                      ; CLOCK_50    ; 1.000        ; -0.037     ; 1.085      ;
; -0.130 ; lpm_counter:inst6|cntr_f3g:auto_generated|counter_reg_bit[20] ; lpm_counter:inst6|cntr_f3g:auto_generated|counter_reg_bit[25] ; CLOCK_50                                                      ; CLOCK_50    ; 1.000        ; -0.235     ; 0.882      ;
; -0.111 ; lpm_counter:inst6|cntr_f3g:auto_generated|counter_reg_bit[6]  ; lpm_counter:inst6|cntr_f3g:auto_generated|counter_reg_bit[22] ; CLOCK_50                                                      ; CLOCK_50    ; 1.000        ; 0.153      ; 1.251      ;
; -0.111 ; lpm_counter:inst6|cntr_f3g:auto_generated|counter_reg_bit[4]  ; lpm_counter:inst6|cntr_f3g:auto_generated|counter_reg_bit[20] ; CLOCK_50                                                      ; CLOCK_50    ; 1.000        ; 0.153      ; 1.251      ;
; -0.111 ; lpm_counter:inst6|cntr_f3g:auto_generated|counter_reg_bit[0]  ; lpm_counter:inst6|cntr_f3g:auto_generated|counter_reg_bit[16] ; CLOCK_50                                                      ; CLOCK_50    ; 1.000        ; 0.153      ; 1.251      ;
; -0.110 ; lpm_counter:inst6|cntr_f3g:auto_generated|counter_reg_bit[8]  ; lpm_counter:inst6|cntr_f3g:auto_generated|counter_reg_bit[24] ; CLOCK_50                                                      ; CLOCK_50    ; 1.000        ; 0.153      ; 1.250      ;
; -0.110 ; lpm_counter:inst6|cntr_f3g:auto_generated|counter_reg_bit[2]  ; lpm_counter:inst6|cntr_f3g:auto_generated|counter_reg_bit[18] ; CLOCK_50                                                      ; CLOCK_50    ; 1.000        ; 0.153      ; 1.250      ;
; -0.097 ; lpm_counter:inst6|cntr_f3g:auto_generated|counter_reg_bit[4]  ; lpm_counter:inst6|cntr_f3g:auto_generated|counter_reg_bit[14] ; CLOCK_50                                                      ; CLOCK_50    ; 1.000        ; -0.037     ; 1.047      ;
; -0.097 ; lpm_counter:inst6|cntr_f3g:auto_generated|counter_reg_bit[0]  ; lpm_counter:inst6|cntr_f3g:auto_generated|counter_reg_bit[10] ; CLOCK_50                                                      ; CLOCK_50    ; 1.000        ; -0.037     ; 1.047      ;
; -0.096 ; lpm_counter:inst6|cntr_f3g:auto_generated|counter_reg_bit[2]  ; lpm_counter:inst6|cntr_f3g:auto_generated|counter_reg_bit[12] ; CLOCK_50                                                      ; CLOCK_50    ; 1.000        ; -0.037     ; 1.046      ;
; -0.095 ; lpm_counter:inst6|cntr_f3g:auto_generated|counter_reg_bit[1]  ; lpm_counter:inst6|cntr_f3g:auto_generated|counter_reg_bit[15] ; CLOCK_50                                                      ; CLOCK_50    ; 1.000        ; 0.153      ; 1.235      ;
; -0.095 ; lpm_counter:inst6|cntr_f3g:auto_generated|counter_reg_bit[9]  ; lpm_counter:inst6|cntr_f3g:auto_generated|counter_reg_bit[23] ; CLOCK_50                                                      ; CLOCK_50    ; 1.000        ; 0.153      ; 1.235      ;
; -0.095 ; lpm_counter:inst6|cntr_f3g:auto_generated|counter_reg_bit[7]  ; lpm_counter:inst6|cntr_f3g:auto_generated|counter_reg_bit[21] ; CLOCK_50                                                      ; CLOCK_50    ; 1.000        ; 0.153      ; 1.235      ;
; -0.095 ; lpm_counter:inst6|cntr_f3g:auto_generated|counter_reg_bit[5]  ; lpm_counter:inst6|cntr_f3g:auto_generated|counter_reg_bit[19] ; CLOCK_50                                                      ; CLOCK_50    ; 1.000        ; 0.153      ; 1.235      ;
; -0.091 ; lpm_counter:inst6|cntr_f3g:auto_generated|counter_reg_bit[11] ; lpm_counter:inst6|cntr_f3g:auto_generated|counter_reg_bit[24] ; CLOCK_50                                                      ; CLOCK_50    ; 1.000        ; 0.153      ; 1.231      ;
; -0.091 ; lpm_counter:inst6|cntr_f3g:auto_generated|counter_reg_bit[9]  ; lpm_counter:inst6|cntr_f3g:auto_generated|counter_reg_bit[22] ; CLOCK_50                                                      ; CLOCK_50    ; 1.000        ; 0.153      ; 1.231      ;
; -0.091 ; lpm_counter:inst6|cntr_f3g:auto_generated|counter_reg_bit[7]  ; lpm_counter:inst6|cntr_f3g:auto_generated|counter_reg_bit[20] ; CLOCK_50                                                      ; CLOCK_50    ; 1.000        ; 0.153      ; 1.231      ;
; -0.091 ; lpm_counter:inst6|cntr_f3g:auto_generated|counter_reg_bit[5]  ; lpm_counter:inst6|cntr_f3g:auto_generated|counter_reg_bit[18] ; CLOCK_50                                                      ; CLOCK_50    ; 1.000        ; 0.153      ; 1.231      ;
+--------+---------------------------------------------------------------+---------------------------------------------------------------+---------------------------------------------------------------+-------------+--------------+------------+------------+


+---------------------------------------------------------------------------------------------------------------+
; Fast 1200mV 0C Model Setup: 'MIO1'                                                                            ;
+-------+----------------+----------------+--------------+-------------+--------------+------------+------------+
; Slack ; From Node      ; To Node        ; Launch Clock ; Latch Clock ; Relationship ; Clock Skew ; Data Delay ;
+-------+----------------+----------------+--------------+-------------+--------------+------------+------------+
; 0.450 ; 74160:inst33|7 ; 74160:inst33|9 ; MIO1         ; MIO1        ; 1.000        ; -0.023     ; 0.534      ;
; 0.455 ; 74160:inst33|9 ; 74160:inst33|7 ; MIO1         ; MIO1        ; 1.000        ; -0.023     ; 0.529      ;
; 0.456 ; 74160:inst33|7 ; 74160:inst33|8 ; MIO1         ; MIO1        ; 1.000        ; -0.023     ; 0.528      ;
; 0.458 ; 74160:inst33|8 ; 74160:inst33|9 ; MIO1         ; MIO1        ; 1.000        ; -0.023     ; 0.526      ;
; 0.587 ; 74160:inst33|6 ; 74160:inst33|8 ; MIO1         ; MIO1        ; 1.000        ; -0.023     ; 0.397      ;
; 0.587 ; 74160:inst33|6 ; 74160:inst33|9 ; MIO1         ; MIO1        ; 1.000        ; -0.023     ; 0.397      ;
; 0.587 ; 74160:inst33|6 ; 74160:inst33|7 ; MIO1         ; MIO1        ; 1.000        ; -0.023     ; 0.397      ;
; 0.626 ; 74160:inst33|6 ; 74160:inst33|6 ; MIO1         ; MIO1        ; 1.000        ; -0.022     ; 0.359      ;
; 0.626 ; 74160:inst33|8 ; 74160:inst33|8 ; MIO1         ; MIO1        ; 1.000        ; -0.022     ; 0.359      ;
; 0.626 ; 74160:inst33|7 ; 74160:inst33|7 ; MIO1         ; MIO1        ; 1.000        ; -0.022     ; 0.359      ;
; 0.635 ; 74160:inst33|9 ; 74160:inst33|9 ; MIO1         ; MIO1        ; 1.000        ; -0.022     ; 0.350      ;
+-------+----------------+----------------+--------------+-------------+--------------+------------+------------+


+--------------------------------------------------------------------------------------------------------------------------------------------------------------------------------------------------------------------+
; Fast 1200mV 0C Model Setup: 'lpm_counter:inst6|cntr_f3g:auto_generated|counter_reg_bit[25]'                                                                                                                        ;
+-------+-----------------+-----------------+---------------------------------------------------------------+---------------------------------------------------------------+--------------+------------+------------+
; Slack ; From Node       ; To Node         ; Launch Clock                                                  ; Latch Clock                                                   ; Relationship ; Clock Skew ; Data Delay ;
+-------+-----------------+-----------------+---------------------------------------------------------------+---------------------------------------------------------------+--------------+------------+------------+
; 0.492 ; 74164:inst32|9  ; 74164:inst32|10 ; lpm_counter:inst6|cntr_f3g:auto_generated|counter_reg_bit[25] ; lpm_counter:inst6|cntr_f3g:auto_generated|counter_reg_bit[25] ; 1.000        ; -0.035     ; 0.460      ;
; 0.531 ; 7474:inst31|9   ; 74164:inst32|3  ; lpm_counter:inst6|cntr_f3g:auto_generated|counter_reg_bit[25] ; lpm_counter:inst6|cntr_f3g:auto_generated|counter_reg_bit[25] ; 1.000        ; -0.035     ; 0.421      ;
; 0.548 ; 74164:inst32|7  ; 74164:inst32|8  ; lpm_counter:inst6|cntr_f3g:auto_generated|counter_reg_bit[25] ; lpm_counter:inst6|cntr_f3g:auto_generated|counter_reg_bit[25] ; 1.000        ; -0.035     ; 0.404      ;
; 0.566 ; 74164:inst32|4  ; 74164:inst32|5  ; lpm_counter:inst6|cntr_f3g:auto_generated|counter_reg_bit[25] ; lpm_counter:inst6|cntr_f3g:auto_generated|counter_reg_bit[25] ; 1.000        ; -0.035     ; 0.386      ;
; 0.567 ; 74164:inst32|10 ; 74164:inst32|3  ; lpm_counter:inst6|cntr_f3g:auto_generated|counter_reg_bit[25] ; lpm_counter:inst6|cntr_f3g:auto_generated|counter_reg_bit[25] ; 1.000        ; -0.035     ; 0.385      ;
; 0.568 ; 74164:inst32|6  ; 74164:inst32|7  ; lpm_counter:inst6|cntr_f3g:auto_generated|counter_reg_bit[25] ; lpm_counter:inst6|cntr_f3g:auto_generated|counter_reg_bit[25] ; 1.000        ; -0.035     ; 0.384      ;
; 0.568 ; 74164:inst32|5  ; 74164:inst32|6  ; lpm_counter:inst6|cntr_f3g:auto_generated|counter_reg_bit[25] ; lpm_counter:inst6|cntr_f3g:auto_generated|counter_reg_bit[25] ; 1.000        ; -0.035     ; 0.384      ;
; 0.568 ; 74164:inst32|3  ; 74164:inst32|4  ; lpm_counter:inst6|cntr_f3g:auto_generated|counter_reg_bit[25] ; lpm_counter:inst6|cntr_f3g:auto_generated|counter_reg_bit[25] ; 1.000        ; -0.035     ; 0.384      ;
; 0.568 ; 74164:inst32|8  ; 74164:inst32|9  ; lpm_counter:inst6|cntr_f3g:auto_generated|counter_reg_bit[25] ; lpm_counter:inst6|cntr_f3g:auto_generated|counter_reg_bit[25] ; 1.000        ; -0.035     ; 0.384      ;
+-------+-----------------+-----------------+---------------------------------------------------------------+---------------------------------------------------------------+--------------+------------+------------+


+---------------------------------------------------------------------------------------------------------------+
; Fast 1200mV 0C Model Hold: 'MIO1'                                                                             ;
+-------+----------------+----------------+--------------+-------------+--------------+------------+------------+
; Slack ; From Node      ; To Node        ; Launch Clock ; Latch Clock ; Relationship ; Clock Skew ; Data Delay ;
+-------+----------------+----------------+--------------+-------------+--------------+------------+------------+
; 0.201 ; 74160:inst33|9 ; 74160:inst33|9 ; MIO1         ; MIO1        ; 0.000        ; 0.022      ; 0.307      ;
; 0.201 ; 74160:inst33|8 ; 74160:inst33|8 ; MIO1         ; MIO1        ; 0.000        ; 0.022      ; 0.307      ;
; 0.201 ; 74160:inst33|7 ; 74160:inst33|7 ; MIO1         ; MIO1        ; 0.000        ; 0.022      ; 0.307      ;
; 0.208 ; 74160:inst33|6 ; 74160:inst33|6 ; MIO1         ; MIO1        ; 0.000        ; 0.022      ; 0.314      ;
; 0.226 ; 74160:inst33|6 ; 74160:inst33|8 ; MIO1         ; MIO1        ; 0.000        ; 0.023      ; 0.333      ;
; 0.227 ; 74160:inst33|6 ; 74160:inst33|9 ; MIO1         ; MIO1        ; 0.000        ; 0.023      ; 0.334      ;
; 0.227 ; 74160:inst33|6 ; 74160:inst33|7 ; MIO1         ; MIO1        ; 0.000        ; 0.023      ; 0.334      ;
; 0.321 ; 74160:inst33|7 ; 74160:inst33|8 ; MIO1         ; MIO1        ; 0.000        ; 0.023      ; 0.428      ;
; 0.322 ; 74160:inst33|8 ; 74160:inst33|9 ; MIO1         ; MIO1        ; 0.000        ; 0.023      ; 0.429      ;
; 0.324 ; 74160:inst33|9 ; 74160:inst33|7 ; MIO1         ; MIO1        ; 0.000        ; 0.023      ; 0.431      ;
; 0.327 ; 74160:inst33|7 ; 74160:inst33|9 ; MIO1         ; MIO1        ; 0.000        ; 0.023      ; 0.434      ;
+-------+----------------+----------------+--------------+-------------+--------------+------------+------------+


+--------------------------------------------------------------------------------------------------------------------------------------------------------------------------------------------------------------------+
; Fast 1200mV 0C Model Hold: 'lpm_counter:inst6|cntr_f3g:auto_generated|counter_reg_bit[25]'                                                                                                                         ;
+-------+-----------------+-----------------+---------------------------------------------------------------+---------------------------------------------------------------+--------------+------------+------------+
; Slack ; From Node       ; To Node         ; Launch Clock                                                  ; Latch Clock                                                   ; Relationship ; Clock Skew ; Data Delay ;
+-------+-----------------+-----------------+---------------------------------------------------------------+---------------------------------------------------------------+--------------+------------+------------+
; 0.206 ; 74164:inst32|6  ; 74164:inst32|7  ; lpm_counter:inst6|cntr_f3g:auto_generated|counter_reg_bit[25] ; lpm_counter:inst6|cntr_f3g:auto_generated|counter_reg_bit[25] ; 0.000        ; 0.035      ; 0.325      ;
; 0.206 ; 74164:inst32|5  ; 74164:inst32|6  ; lpm_counter:inst6|cntr_f3g:auto_generated|counter_reg_bit[25] ; lpm_counter:inst6|cntr_f3g:auto_generated|counter_reg_bit[25] ; 0.000        ; 0.035      ; 0.325      ;
; 0.206 ; 74164:inst32|3  ; 74164:inst32|4  ; lpm_counter:inst6|cntr_f3g:auto_generated|counter_reg_bit[25] ; lpm_counter:inst6|cntr_f3g:auto_generated|counter_reg_bit[25] ; 0.000        ; 0.035      ; 0.325      ;
; 0.206 ; 74164:inst32|10 ; 74164:inst32|3  ; lpm_counter:inst6|cntr_f3g:auto_generated|counter_reg_bit[25] ; lpm_counter:inst6|cntr_f3g:auto_generated|counter_reg_bit[25] ; 0.000        ; 0.035      ; 0.325      ;
; 0.206 ; 74164:inst32|8  ; 74164:inst32|9  ; lpm_counter:inst6|cntr_f3g:auto_generated|counter_reg_bit[25] ; lpm_counter:inst6|cntr_f3g:auto_generated|counter_reg_bit[25] ; 0.000        ; 0.035      ; 0.325      ;
; 0.207 ; 74164:inst32|4  ; 74164:inst32|5  ; lpm_counter:inst6|cntr_f3g:auto_generated|counter_reg_bit[25] ; lpm_counter:inst6|cntr_f3g:auto_generated|counter_reg_bit[25] ; 0.000        ; 0.035      ; 0.326      ;
; 0.224 ; 74164:inst32|7  ; 74164:inst32|8  ; lpm_counter:inst6|cntr_f3g:auto_generated|counter_reg_bit[25] ; lpm_counter:inst6|cntr_f3g:auto_generated|counter_reg_bit[25] ; 0.000        ; 0.035      ; 0.343      ;
; 0.254 ; 7474:inst31|9   ; 74164:inst32|3  ; lpm_counter:inst6|cntr_f3g:auto_generated|counter_reg_bit[25] ; lpm_counter:inst6|cntr_f3g:auto_generated|counter_reg_bit[25] ; 0.000        ; 0.035      ; 0.373      ;
; 0.267 ; 74164:inst32|9  ; 74164:inst32|10 ; lpm_counter:inst6|cntr_f3g:auto_generated|counter_reg_bit[25] ; lpm_counter:inst6|cntr_f3g:auto_generated|counter_reg_bit[25] ; 0.000        ; 0.035      ; 0.386      ;
+-------+-----------------+-----------------+---------------------------------------------------------------+---------------------------------------------------------------+--------------+------------+------------+


+-------------------------------------------------------------------------------------------------------------------------------------------------------------------------------------------------------------+
; Fast 1200mV 0C Model Hold: 'CLOCK_50'                                                                                                                                                                       ;
+-------+---------------------------------------------------------------+---------------------------------------------------------------+--------------+-------------+--------------+------------+------------+
; Slack ; From Node                                                     ; To Node                                                       ; Launch Clock ; Latch Clock ; Relationship ; Clock Skew ; Data Delay ;
+-------+---------------------------------------------------------------+---------------------------------------------------------------+--------------+-------------+--------------+------------+------------+
; 0.254 ; lpm_counter:inst6|cntr_f3g:auto_generated|counter_reg_bit[14] ; lpm_counter:inst6|cntr_f3g:auto_generated|counter_reg_bit[15] ; CLOCK_50     ; CLOCK_50    ; 0.000        ; 0.235      ; 0.573      ;
; 0.257 ; lpm_counter:inst6|cntr_f3g:auto_generated|counter_reg_bit[14] ; lpm_counter:inst6|cntr_f3g:auto_generated|counter_reg_bit[16] ; CLOCK_50     ; CLOCK_50    ; 0.000        ; 0.235      ; 0.576      ;
; 0.285 ; lpm_counter:inst6|cntr_f3g:auto_generated|counter_reg_bit[19] ; lpm_counter:inst6|cntr_f3g:auto_generated|counter_reg_bit[19] ; CLOCK_50     ; CLOCK_50    ; 0.000        ; 0.045      ; 0.414      ;
; 0.285 ; lpm_counter:inst6|cntr_f3g:auto_generated|counter_reg_bit[15] ; lpm_counter:inst6|cntr_f3g:auto_generated|counter_reg_bit[15] ; CLOCK_50     ; CLOCK_50    ; 0.000        ; 0.045      ; 0.414      ;
; 0.286 ; lpm_counter:inst6|cntr_f3g:auto_generated|counter_reg_bit[24] ; lpm_counter:inst6|cntr_f3g:auto_generated|counter_reg_bit[24] ; CLOCK_50     ; CLOCK_50    ; 0.000        ; 0.045      ; 0.415      ;
; 0.286 ; lpm_counter:inst6|cntr_f3g:auto_generated|counter_reg_bit[23] ; lpm_counter:inst6|cntr_f3g:auto_generated|counter_reg_bit[23] ; CLOCK_50     ; CLOCK_50    ; 0.000        ; 0.045      ; 0.415      ;
; 0.286 ; lpm_counter:inst6|cntr_f3g:auto_generated|counter_reg_bit[21] ; lpm_counter:inst6|cntr_f3g:auto_generated|counter_reg_bit[21] ; CLOCK_50     ; CLOCK_50    ; 0.000        ; 0.045      ; 0.415      ;
; 0.286 ; lpm_counter:inst6|cntr_f3g:auto_generated|counter_reg_bit[18] ; lpm_counter:inst6|cntr_f3g:auto_generated|counter_reg_bit[18] ; CLOCK_50     ; CLOCK_50    ; 0.000        ; 0.045      ; 0.415      ;
; 0.286 ; lpm_counter:inst6|cntr_f3g:auto_generated|counter_reg_bit[17] ; lpm_counter:inst6|cntr_f3g:auto_generated|counter_reg_bit[17] ; CLOCK_50     ; CLOCK_50    ; 0.000        ; 0.045      ; 0.415      ;
; 0.286 ; lpm_counter:inst6|cntr_f3g:auto_generated|counter_reg_bit[16] ; lpm_counter:inst6|cntr_f3g:auto_generated|counter_reg_bit[16] ; CLOCK_50     ; CLOCK_50    ; 0.000        ; 0.045      ; 0.415      ;
; 0.287 ; lpm_counter:inst6|cntr_f3g:auto_generated|counter_reg_bit[22] ; lpm_counter:inst6|cntr_f3g:auto_generated|counter_reg_bit[22] ; CLOCK_50     ; CLOCK_50    ; 0.000        ; 0.045      ; 0.416      ;
; 0.287 ; lpm_counter:inst6|cntr_f3g:auto_generated|counter_reg_bit[20] ; lpm_counter:inst6|cntr_f3g:auto_generated|counter_reg_bit[20] ; CLOCK_50     ; CLOCK_50    ; 0.000        ; 0.045      ; 0.416      ;
; 0.292 ; lpm_counter:inst6|cntr_f3g:auto_generated|counter_reg_bit[12] ; lpm_counter:inst6|cntr_f3g:auto_generated|counter_reg_bit[12] ; CLOCK_50     ; CLOCK_50    ; 0.000        ; 0.037      ; 0.413      ;
; 0.292 ; lpm_counter:inst6|cntr_f3g:auto_generated|counter_reg_bit[3]  ; lpm_counter:inst6|cntr_f3g:auto_generated|counter_reg_bit[3]  ; CLOCK_50     ; CLOCK_50    ; 0.000        ; 0.037      ; 0.413      ;
; 0.293 ; lpm_counter:inst6|cntr_f3g:auto_generated|counter_reg_bit[13] ; lpm_counter:inst6|cntr_f3g:auto_generated|counter_reg_bit[13] ; CLOCK_50     ; CLOCK_50    ; 0.000        ; 0.037      ; 0.414      ;
; 0.293 ; lpm_counter:inst6|cntr_f3g:auto_generated|counter_reg_bit[11] ; lpm_counter:inst6|cntr_f3g:auto_generated|counter_reg_bit[11] ; CLOCK_50     ; CLOCK_50    ; 0.000        ; 0.037      ; 0.414      ;
; 0.293 ; lpm_counter:inst6|cntr_f3g:auto_generated|counter_reg_bit[10] ; lpm_counter:inst6|cntr_f3g:auto_generated|counter_reg_bit[10] ; CLOCK_50     ; CLOCK_50    ; 0.000        ; 0.037      ; 0.414      ;
; 0.293 ; lpm_counter:inst6|cntr_f3g:auto_generated|counter_reg_bit[8]  ; lpm_counter:inst6|cntr_f3g:auto_generated|counter_reg_bit[8]  ; CLOCK_50     ; CLOCK_50    ; 0.000        ; 0.037      ; 0.414      ;
; 0.293 ; lpm_counter:inst6|cntr_f3g:auto_generated|counter_reg_bit[5]  ; lpm_counter:inst6|cntr_f3g:auto_generated|counter_reg_bit[5]  ; CLOCK_50     ; CLOCK_50    ; 0.000        ; 0.037      ; 0.414      ;
; 0.293 ; lpm_counter:inst6|cntr_f3g:auto_generated|counter_reg_bit[2]  ; lpm_counter:inst6|cntr_f3g:auto_generated|counter_reg_bit[2]  ; CLOCK_50     ; CLOCK_50    ; 0.000        ; 0.037      ; 0.414      ;
; 0.293 ; lpm_counter:inst6|cntr_f3g:auto_generated|counter_reg_bit[1]  ; lpm_counter:inst6|cntr_f3g:auto_generated|counter_reg_bit[1]  ; CLOCK_50     ; CLOCK_50    ; 0.000        ; 0.037      ; 0.414      ;
; 0.294 ; lpm_counter:inst6|cntr_f3g:auto_generated|counter_reg_bit[14] ; lpm_counter:inst6|cntr_f3g:auto_generated|counter_reg_bit[14] ; CLOCK_50     ; CLOCK_50    ; 0.000        ; 0.037      ; 0.415      ;
; 0.294 ; lpm_counter:inst6|cntr_f3g:auto_generated|counter_reg_bit[9]  ; lpm_counter:inst6|cntr_f3g:auto_generated|counter_reg_bit[9]  ; CLOCK_50     ; CLOCK_50    ; 0.000        ; 0.037      ; 0.415      ;
; 0.294 ; lpm_counter:inst6|cntr_f3g:auto_generated|counter_reg_bit[7]  ; lpm_counter:inst6|cntr_f3g:auto_generated|counter_reg_bit[7]  ; CLOCK_50     ; CLOCK_50    ; 0.000        ; 0.037      ; 0.415      ;
; 0.294 ; lpm_counter:inst6|cntr_f3g:auto_generated|counter_reg_bit[6]  ; lpm_counter:inst6|cntr_f3g:auto_generated|counter_reg_bit[6]  ; CLOCK_50     ; CLOCK_50    ; 0.000        ; 0.037      ; 0.415      ;
; 0.294 ; lpm_counter:inst6|cntr_f3g:auto_generated|counter_reg_bit[4]  ; lpm_counter:inst6|cntr_f3g:auto_generated|counter_reg_bit[4]  ; CLOCK_50     ; CLOCK_50    ; 0.000        ; 0.037      ; 0.415      ;
; 0.302 ; lpm_counter:inst6|cntr_f3g:auto_generated|counter_reg_bit[0]  ; lpm_counter:inst6|cntr_f3g:auto_generated|counter_reg_bit[0]  ; CLOCK_50     ; CLOCK_50    ; 0.000        ; 0.037      ; 0.423      ;
; 0.307 ; lpm_counter:inst6|cntr_f3g:auto_generated|counter_reg_bit[13] ; lpm_counter:inst6|cntr_f3g:auto_generated|counter_reg_bit[15] ; CLOCK_50     ; CLOCK_50    ; 0.000        ; 0.235      ; 0.626      ;
; 0.310 ; lpm_counter:inst6|cntr_f3g:auto_generated|counter_reg_bit[13] ; lpm_counter:inst6|cntr_f3g:auto_generated|counter_reg_bit[16] ; CLOCK_50     ; CLOCK_50    ; 0.000        ; 0.235      ; 0.629      ;
; 0.318 ; lpm_counter:inst6|cntr_f3g:auto_generated|counter_reg_bit[12] ; lpm_counter:inst6|cntr_f3g:auto_generated|counter_reg_bit[15] ; CLOCK_50     ; CLOCK_50    ; 0.000        ; 0.235      ; 0.637      ;
; 0.320 ; lpm_counter:inst6|cntr_f3g:auto_generated|counter_reg_bit[14] ; lpm_counter:inst6|cntr_f3g:auto_generated|counter_reg_bit[17] ; CLOCK_50     ; CLOCK_50    ; 0.000        ; 0.235      ; 0.639      ;
; 0.321 ; lpm_counter:inst6|cntr_f3g:auto_generated|counter_reg_bit[12] ; lpm_counter:inst6|cntr_f3g:auto_generated|counter_reg_bit[16] ; CLOCK_50     ; CLOCK_50    ; 0.000        ; 0.235      ; 0.640      ;
; 0.323 ; lpm_counter:inst6|cntr_f3g:auto_generated|counter_reg_bit[14] ; lpm_counter:inst6|cntr_f3g:auto_generated|counter_reg_bit[18] ; CLOCK_50     ; CLOCK_50    ; 0.000        ; 0.235      ; 0.642      ;
; 0.373 ; lpm_counter:inst6|cntr_f3g:auto_generated|counter_reg_bit[11] ; lpm_counter:inst6|cntr_f3g:auto_generated|counter_reg_bit[15] ; CLOCK_50     ; CLOCK_50    ; 0.000        ; 0.235      ; 0.692      ;
; 0.373 ; lpm_counter:inst6|cntr_f3g:auto_generated|counter_reg_bit[13] ; lpm_counter:inst6|cntr_f3g:auto_generated|counter_reg_bit[17] ; CLOCK_50     ; CLOCK_50    ; 0.000        ; 0.235      ; 0.692      ;
; 0.376 ; lpm_counter:inst6|cntr_f3g:auto_generated|counter_reg_bit[11] ; lpm_counter:inst6|cntr_f3g:auto_generated|counter_reg_bit[16] ; CLOCK_50     ; CLOCK_50    ; 0.000        ; 0.235      ; 0.695      ;
; 0.376 ; lpm_counter:inst6|cntr_f3g:auto_generated|counter_reg_bit[13] ; lpm_counter:inst6|cntr_f3g:auto_generated|counter_reg_bit[18] ; CLOCK_50     ; CLOCK_50    ; 0.000        ; 0.235      ; 0.695      ;
; 0.384 ; lpm_counter:inst6|cntr_f3g:auto_generated|counter_reg_bit[12] ; lpm_counter:inst6|cntr_f3g:auto_generated|counter_reg_bit[17] ; CLOCK_50     ; CLOCK_50    ; 0.000        ; 0.235      ; 0.703      ;
; 0.385 ; lpm_counter:inst6|cntr_f3g:auto_generated|counter_reg_bit[10] ; lpm_counter:inst6|cntr_f3g:auto_generated|counter_reg_bit[15] ; CLOCK_50     ; CLOCK_50    ; 0.000        ; 0.235      ; 0.704      ;
; 0.386 ; lpm_counter:inst6|cntr_f3g:auto_generated|counter_reg_bit[14] ; lpm_counter:inst6|cntr_f3g:auto_generated|counter_reg_bit[19] ; CLOCK_50     ; CLOCK_50    ; 0.000        ; 0.235      ; 0.705      ;
; 0.387 ; lpm_counter:inst6|cntr_f3g:auto_generated|counter_reg_bit[12] ; lpm_counter:inst6|cntr_f3g:auto_generated|counter_reg_bit[18] ; CLOCK_50     ; CLOCK_50    ; 0.000        ; 0.235      ; 0.706      ;
; 0.388 ; lpm_counter:inst6|cntr_f3g:auto_generated|counter_reg_bit[10] ; lpm_counter:inst6|cntr_f3g:auto_generated|counter_reg_bit[16] ; CLOCK_50     ; CLOCK_50    ; 0.000        ; 0.235      ; 0.707      ;
; 0.389 ; lpm_counter:inst6|cntr_f3g:auto_generated|counter_reg_bit[14] ; lpm_counter:inst6|cntr_f3g:auto_generated|counter_reg_bit[20] ; CLOCK_50     ; CLOCK_50    ; 0.000        ; 0.235      ; 0.708      ;
; 0.434 ; lpm_counter:inst6|cntr_f3g:auto_generated|counter_reg_bit[15] ; lpm_counter:inst6|cntr_f3g:auto_generated|counter_reg_bit[16] ; CLOCK_50     ; CLOCK_50    ; 0.000        ; 0.045      ; 0.563      ;
; 0.434 ; lpm_counter:inst6|cntr_f3g:auto_generated|counter_reg_bit[19] ; lpm_counter:inst6|cntr_f3g:auto_generated|counter_reg_bit[20] ; CLOCK_50     ; CLOCK_50    ; 0.000        ; 0.045      ; 0.563      ;
; 0.435 ; lpm_counter:inst6|cntr_f3g:auto_generated|counter_reg_bit[23] ; lpm_counter:inst6|cntr_f3g:auto_generated|counter_reg_bit[24] ; CLOCK_50     ; CLOCK_50    ; 0.000        ; 0.045      ; 0.564      ;
; 0.435 ; lpm_counter:inst6|cntr_f3g:auto_generated|counter_reg_bit[21] ; lpm_counter:inst6|cntr_f3g:auto_generated|counter_reg_bit[22] ; CLOCK_50     ; CLOCK_50    ; 0.000        ; 0.045      ; 0.564      ;
; 0.435 ; lpm_counter:inst6|cntr_f3g:auto_generated|counter_reg_bit[17] ; lpm_counter:inst6|cntr_f3g:auto_generated|counter_reg_bit[18] ; CLOCK_50     ; CLOCK_50    ; 0.000        ; 0.045      ; 0.564      ;
; 0.439 ; lpm_counter:inst6|cntr_f3g:auto_generated|counter_reg_bit[11] ; lpm_counter:inst6|cntr_f3g:auto_generated|counter_reg_bit[17] ; CLOCK_50     ; CLOCK_50    ; 0.000        ; 0.235      ; 0.758      ;
; 0.439 ; lpm_counter:inst6|cntr_f3g:auto_generated|counter_reg_bit[13] ; lpm_counter:inst6|cntr_f3g:auto_generated|counter_reg_bit[19] ; CLOCK_50     ; CLOCK_50    ; 0.000        ; 0.235      ; 0.758      ;
; 0.440 ; lpm_counter:inst6|cntr_f3g:auto_generated|counter_reg_bit[9]  ; lpm_counter:inst6|cntr_f3g:auto_generated|counter_reg_bit[15] ; CLOCK_50     ; CLOCK_50    ; 0.000        ; 0.235      ; 0.759      ;
; 0.441 ; lpm_counter:inst6|cntr_f3g:auto_generated|counter_reg_bit[3]  ; lpm_counter:inst6|cntr_f3g:auto_generated|counter_reg_bit[4]  ; CLOCK_50     ; CLOCK_50    ; 0.000        ; 0.037      ; 0.562      ;
; 0.442 ; lpm_counter:inst6|cntr_f3g:auto_generated|counter_reg_bit[11] ; lpm_counter:inst6|cntr_f3g:auto_generated|counter_reg_bit[12] ; CLOCK_50     ; CLOCK_50    ; 0.000        ; 0.037      ; 0.563      ;
; 0.442 ; lpm_counter:inst6|cntr_f3g:auto_generated|counter_reg_bit[1]  ; lpm_counter:inst6|cntr_f3g:auto_generated|counter_reg_bit[2]  ; CLOCK_50     ; CLOCK_50    ; 0.000        ; 0.037      ; 0.563      ;
; 0.442 ; lpm_counter:inst6|cntr_f3g:auto_generated|counter_reg_bit[13] ; lpm_counter:inst6|cntr_f3g:auto_generated|counter_reg_bit[14] ; CLOCK_50     ; CLOCK_50    ; 0.000        ; 0.037      ; 0.563      ;
; 0.442 ; lpm_counter:inst6|cntr_f3g:auto_generated|counter_reg_bit[5]  ; lpm_counter:inst6|cntr_f3g:auto_generated|counter_reg_bit[6]  ; CLOCK_50     ; CLOCK_50    ; 0.000        ; 0.037      ; 0.563      ;
; 0.442 ; lpm_counter:inst6|cntr_f3g:auto_generated|counter_reg_bit[11] ; lpm_counter:inst6|cntr_f3g:auto_generated|counter_reg_bit[18] ; CLOCK_50     ; CLOCK_50    ; 0.000        ; 0.235      ; 0.761      ;
; 0.442 ; lpm_counter:inst6|cntr_f3g:auto_generated|counter_reg_bit[13] ; lpm_counter:inst6|cntr_f3g:auto_generated|counter_reg_bit[20] ; CLOCK_50     ; CLOCK_50    ; 0.000        ; 0.235      ; 0.761      ;
; 0.443 ; lpm_counter:inst6|cntr_f3g:auto_generated|counter_reg_bit[9]  ; lpm_counter:inst6|cntr_f3g:auto_generated|counter_reg_bit[10] ; CLOCK_50     ; CLOCK_50    ; 0.000        ; 0.037      ; 0.564      ;
; 0.443 ; lpm_counter:inst6|cntr_f3g:auto_generated|counter_reg_bit[7]  ; lpm_counter:inst6|cntr_f3g:auto_generated|counter_reg_bit[8]  ; CLOCK_50     ; CLOCK_50    ; 0.000        ; 0.037      ; 0.564      ;
; 0.443 ; lpm_counter:inst6|cntr_f3g:auto_generated|counter_reg_bit[9]  ; lpm_counter:inst6|cntr_f3g:auto_generated|counter_reg_bit[16] ; CLOCK_50     ; CLOCK_50    ; 0.000        ; 0.235      ; 0.762      ;
; 0.444 ; lpm_counter:inst6|cntr_f3g:auto_generated|counter_reg_bit[16] ; lpm_counter:inst6|cntr_f3g:auto_generated|counter_reg_bit[17] ; CLOCK_50     ; CLOCK_50    ; 0.000        ; 0.045      ; 0.573      ;
; 0.444 ; lpm_counter:inst6|cntr_f3g:auto_generated|counter_reg_bit[18] ; lpm_counter:inst6|cntr_f3g:auto_generated|counter_reg_bit[19] ; CLOCK_50     ; CLOCK_50    ; 0.000        ; 0.045      ; 0.573      ;
; 0.445 ; lpm_counter:inst6|cntr_f3g:auto_generated|counter_reg_bit[22] ; lpm_counter:inst6|cntr_f3g:auto_generated|counter_reg_bit[23] ; CLOCK_50     ; CLOCK_50    ; 0.000        ; 0.045      ; 0.574      ;
; 0.445 ; lpm_counter:inst6|cntr_f3g:auto_generated|counter_reg_bit[20] ; lpm_counter:inst6|cntr_f3g:auto_generated|counter_reg_bit[21] ; CLOCK_50     ; CLOCK_50    ; 0.000        ; 0.045      ; 0.574      ;
; 0.447 ; lpm_counter:inst6|cntr_f3g:auto_generated|counter_reg_bit[16] ; lpm_counter:inst6|cntr_f3g:auto_generated|counter_reg_bit[18] ; CLOCK_50     ; CLOCK_50    ; 0.000        ; 0.045      ; 0.576      ;
; 0.447 ; lpm_counter:inst6|cntr_f3g:auto_generated|counter_reg_bit[18] ; lpm_counter:inst6|cntr_f3g:auto_generated|counter_reg_bit[20] ; CLOCK_50     ; CLOCK_50    ; 0.000        ; 0.045      ; 0.576      ;
; 0.448 ; lpm_counter:inst6|cntr_f3g:auto_generated|counter_reg_bit[22] ; lpm_counter:inst6|cntr_f3g:auto_generated|counter_reg_bit[24] ; CLOCK_50     ; CLOCK_50    ; 0.000        ; 0.045      ; 0.577      ;
; 0.448 ; lpm_counter:inst6|cntr_f3g:auto_generated|counter_reg_bit[20] ; lpm_counter:inst6|cntr_f3g:auto_generated|counter_reg_bit[22] ; CLOCK_50     ; CLOCK_50    ; 0.000        ; 0.045      ; 0.577      ;
; 0.450 ; lpm_counter:inst6|cntr_f3g:auto_generated|counter_reg_bit[12] ; lpm_counter:inst6|cntr_f3g:auto_generated|counter_reg_bit[13] ; CLOCK_50     ; CLOCK_50    ; 0.000        ; 0.037      ; 0.571      ;
; 0.450 ; lpm_counter:inst6|cntr_f3g:auto_generated|counter_reg_bit[12] ; lpm_counter:inst6|cntr_f3g:auto_generated|counter_reg_bit[19] ; CLOCK_50     ; CLOCK_50    ; 0.000        ; 0.235      ; 0.769      ;
; 0.451 ; lpm_counter:inst6|cntr_f3g:auto_generated|counter_reg_bit[2]  ; lpm_counter:inst6|cntr_f3g:auto_generated|counter_reg_bit[3]  ; CLOCK_50     ; CLOCK_50    ; 0.000        ; 0.037      ; 0.572      ;
; 0.451 ; lpm_counter:inst6|cntr_f3g:auto_generated|counter_reg_bit[10] ; lpm_counter:inst6|cntr_f3g:auto_generated|counter_reg_bit[11] ; CLOCK_50     ; CLOCK_50    ; 0.000        ; 0.037      ; 0.572      ;
; 0.451 ; lpm_counter:inst6|cntr_f3g:auto_generated|counter_reg_bit[0]  ; lpm_counter:inst6|cntr_f3g:auto_generated|counter_reg_bit[1]  ; CLOCK_50     ; CLOCK_50    ; 0.000        ; 0.037      ; 0.572      ;
; 0.451 ; lpm_counter:inst6|cntr_f3g:auto_generated|counter_reg_bit[8]  ; lpm_counter:inst6|cntr_f3g:auto_generated|counter_reg_bit[9]  ; CLOCK_50     ; CLOCK_50    ; 0.000        ; 0.037      ; 0.572      ;
; 0.451 ; lpm_counter:inst6|cntr_f3g:auto_generated|counter_reg_bit[10] ; lpm_counter:inst6|cntr_f3g:auto_generated|counter_reg_bit[17] ; CLOCK_50     ; CLOCK_50    ; 0.000        ; 0.235      ; 0.770      ;
; 0.451 ; lpm_counter:inst6|cntr_f3g:auto_generated|counter_reg_bit[8]  ; lpm_counter:inst6|cntr_f3g:auto_generated|counter_reg_bit[15] ; CLOCK_50     ; CLOCK_50    ; 0.000        ; 0.235      ; 0.770      ;
; 0.452 ; lpm_counter:inst6|cntr_f3g:auto_generated|counter_reg_bit[4]  ; lpm_counter:inst6|cntr_f3g:auto_generated|counter_reg_bit[5]  ; CLOCK_50     ; CLOCK_50    ; 0.000        ; 0.037      ; 0.573      ;
; 0.452 ; lpm_counter:inst6|cntr_f3g:auto_generated|counter_reg_bit[6]  ; lpm_counter:inst6|cntr_f3g:auto_generated|counter_reg_bit[7]  ; CLOCK_50     ; CLOCK_50    ; 0.000        ; 0.037      ; 0.573      ;
; 0.452 ; lpm_counter:inst6|cntr_f3g:auto_generated|counter_reg_bit[14] ; lpm_counter:inst6|cntr_f3g:auto_generated|counter_reg_bit[21] ; CLOCK_50     ; CLOCK_50    ; 0.000        ; 0.235      ; 0.771      ;
; 0.453 ; lpm_counter:inst6|cntr_f3g:auto_generated|counter_reg_bit[12] ; lpm_counter:inst6|cntr_f3g:auto_generated|counter_reg_bit[14] ; CLOCK_50     ; CLOCK_50    ; 0.000        ; 0.037      ; 0.574      ;
; 0.453 ; lpm_counter:inst6|cntr_f3g:auto_generated|counter_reg_bit[12] ; lpm_counter:inst6|cntr_f3g:auto_generated|counter_reg_bit[20] ; CLOCK_50     ; CLOCK_50    ; 0.000        ; 0.235      ; 0.772      ;
; 0.454 ; lpm_counter:inst6|cntr_f3g:auto_generated|counter_reg_bit[2]  ; lpm_counter:inst6|cntr_f3g:auto_generated|counter_reg_bit[4]  ; CLOCK_50     ; CLOCK_50    ; 0.000        ; 0.037      ; 0.575      ;
; 0.454 ; lpm_counter:inst6|cntr_f3g:auto_generated|counter_reg_bit[10] ; lpm_counter:inst6|cntr_f3g:auto_generated|counter_reg_bit[12] ; CLOCK_50     ; CLOCK_50    ; 0.000        ; 0.037      ; 0.575      ;
; 0.454 ; lpm_counter:inst6|cntr_f3g:auto_generated|counter_reg_bit[0]  ; lpm_counter:inst6|cntr_f3g:auto_generated|counter_reg_bit[2]  ; CLOCK_50     ; CLOCK_50    ; 0.000        ; 0.037      ; 0.575      ;
; 0.454 ; lpm_counter:inst6|cntr_f3g:auto_generated|counter_reg_bit[10] ; lpm_counter:inst6|cntr_f3g:auto_generated|counter_reg_bit[18] ; CLOCK_50     ; CLOCK_50    ; 0.000        ; 0.235      ; 0.773      ;
; 0.454 ; lpm_counter:inst6|cntr_f3g:auto_generated|counter_reg_bit[8]  ; lpm_counter:inst6|cntr_f3g:auto_generated|counter_reg_bit[10] ; CLOCK_50     ; CLOCK_50    ; 0.000        ; 0.037      ; 0.575      ;
; 0.454 ; lpm_counter:inst6|cntr_f3g:auto_generated|counter_reg_bit[8]  ; lpm_counter:inst6|cntr_f3g:auto_generated|counter_reg_bit[16] ; CLOCK_50     ; CLOCK_50    ; 0.000        ; 0.235      ; 0.773      ;
; 0.455 ; lpm_counter:inst6|cntr_f3g:auto_generated|counter_reg_bit[4]  ; lpm_counter:inst6|cntr_f3g:auto_generated|counter_reg_bit[6]  ; CLOCK_50     ; CLOCK_50    ; 0.000        ; 0.037      ; 0.576      ;
; 0.455 ; lpm_counter:inst6|cntr_f3g:auto_generated|counter_reg_bit[6]  ; lpm_counter:inst6|cntr_f3g:auto_generated|counter_reg_bit[8]  ; CLOCK_50     ; CLOCK_50    ; 0.000        ; 0.037      ; 0.576      ;
; 0.455 ; lpm_counter:inst6|cntr_f3g:auto_generated|counter_reg_bit[14] ; lpm_counter:inst6|cntr_f3g:auto_generated|counter_reg_bit[22] ; CLOCK_50     ; CLOCK_50    ; 0.000        ; 0.235      ; 0.774      ;
; 0.497 ; lpm_counter:inst6|cntr_f3g:auto_generated|counter_reg_bit[15] ; lpm_counter:inst6|cntr_f3g:auto_generated|counter_reg_bit[17] ; CLOCK_50     ; CLOCK_50    ; 0.000        ; 0.045      ; 0.626      ;
; 0.497 ; lpm_counter:inst6|cntr_f3g:auto_generated|counter_reg_bit[19] ; lpm_counter:inst6|cntr_f3g:auto_generated|counter_reg_bit[21] ; CLOCK_50     ; CLOCK_50    ; 0.000        ; 0.045      ; 0.626      ;
; 0.498 ; lpm_counter:inst6|cntr_f3g:auto_generated|counter_reg_bit[17] ; lpm_counter:inst6|cntr_f3g:auto_generated|counter_reg_bit[19] ; CLOCK_50     ; CLOCK_50    ; 0.000        ; 0.045      ; 0.627      ;
; 0.498 ; lpm_counter:inst6|cntr_f3g:auto_generated|counter_reg_bit[21] ; lpm_counter:inst6|cntr_f3g:auto_generated|counter_reg_bit[23] ; CLOCK_50     ; CLOCK_50    ; 0.000        ; 0.045      ; 0.627      ;
; 0.500 ; lpm_counter:inst6|cntr_f3g:auto_generated|counter_reg_bit[15] ; lpm_counter:inst6|cntr_f3g:auto_generated|counter_reg_bit[18] ; CLOCK_50     ; CLOCK_50    ; 0.000        ; 0.045      ; 0.629      ;
; 0.500 ; lpm_counter:inst6|cntr_f3g:auto_generated|counter_reg_bit[19] ; lpm_counter:inst6|cntr_f3g:auto_generated|counter_reg_bit[22] ; CLOCK_50     ; CLOCK_50    ; 0.000        ; 0.045      ; 0.629      ;
; 0.501 ; lpm_counter:inst6|cntr_f3g:auto_generated|counter_reg_bit[17] ; lpm_counter:inst6|cntr_f3g:auto_generated|counter_reg_bit[20] ; CLOCK_50     ; CLOCK_50    ; 0.000        ; 0.045      ; 0.630      ;
; 0.501 ; lpm_counter:inst6|cntr_f3g:auto_generated|counter_reg_bit[21] ; lpm_counter:inst6|cntr_f3g:auto_generated|counter_reg_bit[24] ; CLOCK_50     ; CLOCK_50    ; 0.000        ; 0.045      ; 0.630      ;
; 0.504 ; lpm_counter:inst6|cntr_f3g:auto_generated|counter_reg_bit[3]  ; lpm_counter:inst6|cntr_f3g:auto_generated|counter_reg_bit[5]  ; CLOCK_50     ; CLOCK_50    ; 0.000        ; 0.037      ; 0.625      ;
+-------+---------------------------------------------------------------+---------------------------------------------------------------+--------------+-------------+--------------+------------+------------+


+-----------------------------------------------------------------------------------------------------------------------------------------------------------------+
; Fast 1200mV 0C Model Recovery: 'KEY[1]'                                                                                                                         ;
+--------+----------------+----------------+---------------------------------------------------------------+-------------+--------------+------------+------------+
; Slack  ; From Node      ; To Node        ; Launch Clock                                                  ; Latch Clock ; Relationship ; Clock Skew ; Data Delay ;
+--------+----------------+----------------+---------------------------------------------------------------+-------------+--------------+------------+------------+
; -0.123 ; 74164:inst32|7 ; 7474:inst31|10 ; lpm_counter:inst6|cntr_f3g:auto_generated|counter_reg_bit[25] ; KEY[1]      ; 1.000        ; -0.293     ; 0.807      ;
+--------+----------------+----------------+---------------------------------------------------------------+-------------+--------------+------------+------------+


+-----------------------------------------------------------------------------------------------------------------------------------------------------------------------------------------------------------------+
; Fast 1200mV 0C Model Recovery: 'lpm_counter:inst6|cntr_f3g:auto_generated|counter_reg_bit[25]'                                                                                                                  ;
+-------+----------------+---------------+---------------------------------------------------------------+---------------------------------------------------------------+--------------+------------+------------+
; Slack ; From Node      ; To Node       ; Launch Clock                                                  ; Latch Clock                                                   ; Relationship ; Clock Skew ; Data Delay ;
+-------+----------------+---------------+---------------------------------------------------------------+---------------------------------------------------------------+--------------+------------+------------+
; 0.237 ; 74164:inst32|7 ; 7474:inst31|9 ; lpm_counter:inst6|cntr_f3g:auto_generated|counter_reg_bit[25] ; lpm_counter:inst6|cntr_f3g:auto_generated|counter_reg_bit[25] ; 1.000        ; -0.035     ; 0.715      ;
+-------+----------------+---------------+---------------------------------------------------------------+---------------------------------------------------------------+--------------+------------+------------+


+-----------------------------------------------------------------------------------------------------------------------------------------------------------------------------------------------------------------+
; Fast 1200mV 0C Model Removal: 'lpm_counter:inst6|cntr_f3g:auto_generated|counter_reg_bit[25]'                                                                                                                   ;
+-------+----------------+---------------+---------------------------------------------------------------+---------------------------------------------------------------+--------------+------------+------------+
; Slack ; From Node      ; To Node       ; Launch Clock                                                  ; Latch Clock                                                   ; Relationship ; Clock Skew ; Data Delay ;
+-------+----------------+---------------+---------------------------------------------------------------+---------------------------------------------------------------+--------------+------------+------------+
; 0.503 ; 74164:inst32|7 ; 7474:inst31|9 ; lpm_counter:inst6|cntr_f3g:auto_generated|counter_reg_bit[25] ; lpm_counter:inst6|cntr_f3g:auto_generated|counter_reg_bit[25] ; 0.000        ; 0.035      ; 0.622      ;
+-------+----------------+---------------+---------------------------------------------------------------+---------------------------------------------------------------+--------------+------------+------------+


+----------------------------------------------------------------------------------------------------------------------------------------------------------------+
; Fast 1200mV 0C Model Removal: 'KEY[1]'                                                                                                                         ;
+-------+----------------+----------------+---------------------------------------------------------------+-------------+--------------+------------+------------+
; Slack ; From Node      ; To Node        ; Launch Clock                                                  ; Latch Clock ; Relationship ; Clock Skew ; Data Delay ;
+-------+----------------+----------------+---------------------------------------------------------------+-------------+--------------+------------+------------+
; 0.764 ; 74164:inst32|7 ; 7474:inst31|10 ; lpm_counter:inst6|cntr_f3g:auto_generated|counter_reg_bit[25] ; KEY[1]      ; 0.000        ; -0.179     ; 0.699      ;
+-------+----------------+----------------+---------------------------------------------------------------+-------------+--------------+------------+------------+


----------------------------------------------
; Fast 1200mV 0C Model Metastability Summary ;
----------------------------------------------
No synchronizer chains to report.


+-----------------------------------------------------------------------------------------------------------------------------+
; Multicorner Timing Analysis Summary                                                                                         ;
+----------------------------------------------------------------+---------+-------+----------+---------+---------------------+
; Clock                                                          ; Setup   ; Hold  ; Recovery ; Removal ; Minimum Pulse Width ;
+----------------------------------------------------------------+---------+-------+----------+---------+---------------------+
; Worst-case Slack                                               ; -1.836  ; 0.201 ; -0.746   ; 0.503   ; -3.000              ;
;  CLOCK_50                                                      ; -1.836  ; 0.254 ; N/A      ; N/A     ; -3.000              ;
;  KEY[1]                                                        ; N/A     ; N/A   ; -0.746   ; 0.764   ; -3.000              ;
;  MIO1                                                          ; 0.003   ; 0.201 ; N/A      ; N/A     ; -3.000              ;
;  lpm_counter:inst6|cntr_f3g:auto_generated|counter_reg_bit[25] ; 0.083   ; 0.206 ; -0.340   ; 0.503   ; -1.000              ;
; Design-wide TNS                                                ; -25.76  ; 0.0   ; -1.086   ; 0.0     ; -58.382             ;
;  CLOCK_50                                                      ; -25.760 ; 0.000 ; N/A      ; N/A     ; -36.717             ;
;  KEY[1]                                                        ; N/A     ; N/A   ; -0.746   ; 0.000   ; -4.206              ;
;  MIO1                                                          ; 0.000   ; 0.000 ; N/A      ; N/A     ; -8.459              ;
;  lpm_counter:inst6|cntr_f3g:auto_generated|counter_reg_bit[25] ; 0.000   ; 0.000 ; -0.340   ; 0.000   ; -9.000              ;
+----------------------------------------------------------------+---------+-------+----------+---------+---------------------+


+------------------------------------------------------------------------------------------------------------------------------------------------------------------------------------------------------------------------------------------------------------------------------------------------------------------------------------------------------------------------------------------------------------------+
; Board Trace Model Assignments                                                                                                                                                                                                                                                                                                                                                                                    ;
+---------------+--------------+-------------------+-------------------------+-------------------------+---------------+---------------------+----------------+------------------+--------+------------------+------------------------+------------------------+--------------+---------------+-----------------+-------+---------------------+--------------------+---------------+-----------------+-------------+
; Pin           ; I/O Standard ; Near Tline Length ; Near Tline L per Length ; Near Tline C per Length ; Near Series R ; Near Differential R ; Near Pull-up R ; Near Pull-down R ; Near C ; Far Tline Length ; Far Tline L per Length ; Far Tline C per Length ; Far Series R ; Far Pull-up R ; Far Pull-down R ; Far C ; Termination Voltage ; Far Differential R ; EBD File Name ; EBD Signal Name ; EBD Far-end ;
+---------------+--------------+-------------------+-------------------------+-------------------------+---------------+---------------------+----------------+------------------+--------+------------------+------------------------+------------------------+--------------+---------------+-----------------+-------+---------------------+--------------------+---------------+-----------------+-------------+
; MIO0          ; 3.3-V LVTTL  ; 0 in              ; 0 H/in                  ; 0 F/in                  ; short         ; -                   ; open           ; open             ; open   ; 0 in             ; 0 H/in                 ; 0 F/in                 ; short        ; open          ; open            ; open  ; 0 V                 ; -                  ; n/a           ; n/a             ; n/a         ;
; MIO3          ; 3.3-V LVTTL  ; 0 in              ; 0 H/in                  ; 0 F/in                  ; short         ; -                   ; open           ; open             ; open   ; 0 in             ; 0 H/in                 ; 0 F/in                 ; short        ; open          ; open            ; open  ; 0 V                 ; -                  ; n/a           ; n/a             ; n/a         ;
; MIO5          ; 3.3-V LVTTL  ; 0 in              ; 0 H/in                  ; 0 F/in                  ; short         ; -                   ; open           ; open             ; open   ; 0 in             ; 0 H/in                 ; 0 F/in                 ; short        ; open          ; open            ; open  ; 0 V                 ; -                  ; n/a           ; n/a             ; n/a         ;
; MIO4          ; 3.3-V LVTTL  ; 0 in              ; 0 H/in                  ; 0 F/in                  ; short         ; -                   ; open           ; open             ; open   ; 0 in             ; 0 H/in                 ; 0 F/in                 ; short        ; open          ; open            ; open  ; 0 V                 ; -                  ; n/a           ; n/a             ; n/a         ;
; MIO2          ; 3.3-V LVTTL  ; 0 in              ; 0 H/in                  ; 0 F/in                  ; short         ; -                   ; open           ; open             ; open   ; 0 in             ; 0 H/in                 ; 0 F/in                 ; short        ; open          ; open            ; open  ; 0 V                 ; -                  ; n/a           ; n/a             ; n/a         ;
; LED[7]        ; 3.3-V LVTTL  ; 0 in              ; 0 H/in                  ; 0 F/in                  ; short         ; -                   ; open           ; open             ; open   ; 0 in             ; 0 H/in                 ; 0 F/in                 ; short        ; open          ; open            ; open  ; 0 V                 ; -                  ; n/a           ; n/a             ; n/a         ;
; LED[6]        ; 3.3-V LVTTL  ; 0 in              ; 0 H/in                  ; 0 F/in                  ; short         ; -                   ; open           ; open             ; open   ; 0 in             ; 0 H/in                 ; 0 F/in                 ; short        ; open          ; open            ; open  ; 0 V                 ; -                  ; n/a           ; n/a             ; n/a         ;
; LED[5]        ; 3.3-V LVTTL  ; 0 in              ; 0 H/in                  ; 0 F/in                  ; short         ; -                   ; open           ; open             ; open   ; 0 in             ; 0 H/in                 ; 0 F/in                 ; short        ; open          ; open            ; open  ; 0 V                 ; -                  ; n/a           ; n/a             ; n/a         ;
; LED[4]        ; 3.3-V LVTTL  ; 0 in              ; 0 H/in                  ; 0 F/in                  ; short         ; -                   ; open           ; open             ; open   ; 0 in             ; 0 H/in                 ; 0 F/in                 ; short        ; open          ; open            ; open  ; 0 V                 ; -                  ; n/a           ; n/a             ; n/a         ;
; LED[3]        ; 3.3-V LVTTL  ; 0 in              ; 0 H/in                  ; 0 F/in                  ; short         ; -                   ; open           ; open             ; open   ; 0 in             ; 0 H/in                 ; 0 F/in                 ; short        ; open          ; open            ; open  ; 0 V                 ; -                  ; n/a           ; n/a             ; n/a         ;
; LED[2]        ; 3.3-V LVTTL  ; 0 in              ; 0 H/in                  ; 0 F/in                  ; short         ; -                   ; open           ; open             ; open   ; 0 in             ; 0 H/in                 ; 0 F/in                 ; short        ; open          ; open            ; open  ; 0 V                 ; -                  ; n/a           ; n/a             ; n/a         ;
; LED[1]        ; 3.3-V LVTTL  ; 0 in              ; 0 H/in                  ; 0 F/in                  ; short         ; -                   ; open           ; open             ; open   ; 0 in             ; 0 H/in                 ; 0 F/in                 ; short        ; open          ; open            ; open  ; 0 V                 ; -                  ; n/a           ; n/a             ; n/a         ;
; LED[0]        ; 3.3-V LVTTL  ; 0 in              ; 0 H/in                  ; 0 F/in                  ; short         ; -                   ; open           ; open             ; open   ; 0 in             ; 0 H/in                 ; 0 F/in                 ; short        ; open          ; open            ; open  ; 0 V                 ; -                  ; n/a           ; n/a             ; n/a         ;
; ~ALTERA_DCLK~ ; 3.3-V LVTTL  ; 0 in              ; 0 H/in                  ; 0 F/in                  ; short         ; -                   ; open           ; open             ; open   ; 0 in             ; 0 H/in                 ; 0 F/in                 ; short        ; open          ; open            ; open  ; 0 V                 ; -                  ; n/a           ; n/a             ; n/a         ;
; ~ALTERA_nCEO~ ; 2.5 V        ; 0 in              ; 0 H/in                  ; 0 F/in                  ; short         ; -                   ; open           ; open             ; open   ; 0 in             ; 0 H/in                 ; 0 F/in                 ; short        ; open          ; open            ; open  ; 0 V                 ; -                  ; n/a           ; n/a             ; n/a         ;
+---------------+--------------+-------------------+-------------------------+-------------------------+---------------+---------------------+----------------+------------------+--------+------------------+------------------------+------------------------+--------------+---------------+-----------------+-------+---------------------+--------------------+---------------+-----------------+-------------+


+----------------------------------------------------------------------------+
; Input Transition Times                                                     ;
+-------------------------+--------------+-----------------+-----------------+
; Pin                     ; I/O Standard ; 10-90 Rise Time ; 90-10 Fall Time ;
+-------------------------+--------------+-----------------+-----------------+
; KEY[1]                  ; 3.3-V LVTTL  ; 2640 ps         ; 2640 ps         ;
; MIO1                    ; 3.3-V LVTTL  ; 2640 ps         ; 2640 ps         ;
; KEY[0]                  ; 3.3-V LVTTL  ; 2640 ps         ; 2640 ps         ;
; CLOCK_50                ; 3.3-V LVTTL  ; 2640 ps         ; 2640 ps         ;
; ~ALTERA_ASDO_DATA1~     ; 3.3-V LVTTL  ; 2640 ps         ; 2640 ps         ;
; ~ALTERA_FLASH_nCE_nCSO~ ; 3.3-V LVTTL  ; 2640 ps         ; 2640 ps         ;
; ~ALTERA_DATA0~          ; 3.3-V LVTTL  ; 2640 ps         ; 2640 ps         ;
+-------------------------+--------------+-----------------+-----------------+


+--------------------------------------------------------------------------------------------------------------------------------------------------------------------------------------------------------------------------------------------------------------------------------------------------------------------------------------------------------------------------------------------------------------------------------------------------------------------------------------------------------------------------------------------------------------------------------------------------------------------------------------------------------------------------------------------+
; Signal Integrity Metrics (Slow 1200mv 0c Model)                                                                                                                                                                                                                                                                                                                                                                                                                                                                                                                                                                                                                                            ;
+---------------+--------------+---------------------+---------------------+------------------------------+------------------------------+---------------------+---------------------+--------------------------------------+--------------------------------------+-----------------------------+-----------------------------+----------------------------+----------------------------+-----------------------------+-----------------------------+--------------------+--------------------+-------------------------------------+-------------------------------------+----------------------------+----------------------------+---------------------------+---------------------------+
; Pin           ; I/O Standard ; Board Delay on Rise ; Board Delay on Fall ; Steady State Voh at FPGA Pin ; Steady State Vol at FPGA Pin ; Voh Max at FPGA Pin ; Vol Min at FPGA Pin ; Ringback Voltage on Rise at FPGA Pin ; Ringback Voltage on Fall at FPGA Pin ; 10-90 Rise Time at FPGA Pin ; 90-10 Fall Time at FPGA Pin ; Monotonic Rise at FPGA Pin ; Monotonic Fall at FPGA Pin ; Steady State Voh at Far-end ; Steady State Vol at Far-end ; Voh Max at Far-end ; Vol Min at Far-end ; Ringback Voltage on Rise at Far-end ; Ringback Voltage on Fall at Far-end ; 10-90 Rise Time at Far-end ; 90-10 Fall Time at Far-end ; Monotonic Rise at Far-end ; Monotonic Fall at Far-end ;
+---------------+--------------+---------------------+---------------------+------------------------------+------------------------------+---------------------+---------------------+--------------------------------------+--------------------------------------+-----------------------------+-----------------------------+----------------------------+----------------------------+-----------------------------+-----------------------------+--------------------+--------------------+-------------------------------------+-------------------------------------+----------------------------+----------------------------+---------------------------+---------------------------+
; MIO0          ; 3.3-V LVTTL  ; 0 s                 ; 0 s                 ; 3.08 V                       ; 2.24e-08 V                   ; 3.14 V              ; -0.115 V            ; 0.31 V                               ; 0.241 V                              ; 5.06e-10 s                  ; 4.37e-10 s                  ; No                         ; No                         ; 3.08 V                      ; 2.24e-08 V                  ; 3.14 V             ; -0.115 V           ; 0.31 V                              ; 0.241 V                             ; 5.06e-10 s                 ; 4.37e-10 s                 ; No                        ; No                        ;
; MIO3          ; 3.3-V LVTTL  ; 0 s                 ; 0 s                 ; 3.08 V                       ; 2.24e-08 V                   ; 3.14 V              ; -0.115 V            ; 0.31 V                               ; 0.241 V                              ; 5.06e-10 s                  ; 4.37e-10 s                  ; No                         ; No                         ; 3.08 V                      ; 2.24e-08 V                  ; 3.14 V             ; -0.115 V           ; 0.31 V                              ; 0.241 V                             ; 5.06e-10 s                 ; 4.37e-10 s                 ; No                        ; No                        ;
; MIO5          ; 3.3-V LVTTL  ; 0 s                 ; 0 s                 ; 3.08 V                       ; 2.24e-08 V                   ; 3.14 V              ; -0.115 V            ; 0.31 V                               ; 0.241 V                              ; 5.06e-10 s                  ; 4.37e-10 s                  ; No                         ; No                         ; 3.08 V                      ; 2.24e-08 V                  ; 3.14 V             ; -0.115 V           ; 0.31 V                              ; 0.241 V                             ; 5.06e-10 s                 ; 4.37e-10 s                 ; No                        ; No                        ;
; MIO4          ; 3.3-V LVTTL  ; 0 s                 ; 0 s                 ; 3.08 V                       ; 2.24e-08 V                   ; 3.14 V              ; -0.115 V            ; 0.31 V                               ; 0.241 V                              ; 5.06e-10 s                  ; 4.37e-10 s                  ; No                         ; No                         ; 3.08 V                      ; 2.24e-08 V                  ; 3.14 V             ; -0.115 V           ; 0.31 V                              ; 0.241 V                             ; 5.06e-10 s                 ; 4.37e-10 s                 ; No                        ; No                        ;
; MIO2          ; 3.3-V LVTTL  ; 0 s                 ; 0 s                 ; 3.08 V                       ; 2.24e-08 V                   ; 3.14 V              ; -0.115 V            ; 0.31 V                               ; 0.241 V                              ; 5.06e-10 s                  ; 4.37e-10 s                  ; No                         ; No                         ; 3.08 V                      ; 2.24e-08 V                  ; 3.14 V             ; -0.115 V           ; 0.31 V                              ; 0.241 V                             ; 5.06e-10 s                 ; 4.37e-10 s                 ; No                        ; No                        ;
; LED[7]        ; 3.3-V LVTTL  ; 0 s                 ; 0 s                 ; 3.08 V                       ; 1.54e-08 V                   ; 3.09 V              ; -0.0119 V           ; 0.277 V                              ; 0.297 V                              ; 4.54e-09 s                  ; 3.32e-09 s                  ; No                         ; No                         ; 3.08 V                      ; 1.54e-08 V                  ; 3.09 V             ; -0.0119 V          ; 0.277 V                             ; 0.297 V                             ; 4.54e-09 s                 ; 3.32e-09 s                 ; No                        ; No                        ;
; LED[6]        ; 3.3-V LVTTL  ; 0 s                 ; 0 s                 ; 3.08 V                       ; 1.54e-08 V                   ; 3.16 V              ; -0.11 V             ; 0.302 V                              ; 0.22 V                               ; 4.82e-10 s                  ; 4.27e-10 s                  ; Yes                        ; No                         ; 3.08 V                      ; 1.54e-08 V                  ; 3.16 V             ; -0.11 V            ; 0.302 V                             ; 0.22 V                              ; 4.82e-10 s                 ; 4.27e-10 s                 ; Yes                       ; No                        ;
; LED[5]        ; 3.3-V LVTTL  ; 0 s                 ; 0 s                 ; 3.08 V                       ; 1.54e-08 V                   ; 3.09 V              ; -0.0119 V           ; 0.277 V                              ; 0.297 V                              ; 4.54e-09 s                  ; 3.32e-09 s                  ; No                         ; No                         ; 3.08 V                      ; 1.54e-08 V                  ; 3.09 V             ; -0.0119 V          ; 0.277 V                             ; 0.297 V                             ; 4.54e-09 s                 ; 3.32e-09 s                 ; No                        ; No                        ;
; LED[4]        ; 3.3-V LVTTL  ; 0 s                 ; 0 s                 ; 3.08 V                       ; 1.54e-08 V                   ; 3.14 V              ; -0.074 V            ; 0.343 V                              ; 0.194 V                              ; 7.35e-10 s                  ; 6.36e-10 s                  ; No                         ; No                         ; 3.08 V                      ; 1.54e-08 V                  ; 3.14 V             ; -0.074 V           ; 0.343 V                             ; 0.194 V                             ; 7.35e-10 s                 ; 6.36e-10 s                 ; No                        ; No                        ;
; LED[3]        ; 3.3-V LVTTL  ; 0 s                 ; 0 s                 ; 3.08 V                       ; 2.24e-08 V                   ; 3.14 V              ; -0.115 V            ; 0.31 V                               ; 0.241 V                              ; 5.06e-10 s                  ; 4.37e-10 s                  ; No                         ; No                         ; 3.08 V                      ; 2.24e-08 V                  ; 3.14 V             ; -0.115 V           ; 0.31 V                              ; 0.241 V                             ; 5.06e-10 s                 ; 4.37e-10 s                 ; No                        ; No                        ;
; LED[2]        ; 3.3-V LVTTL  ; 0 s                 ; 0 s                 ; 3.08 V                       ; 2.24e-08 V                   ; 3.14 V              ; -0.115 V            ; 0.31 V                               ; 0.241 V                              ; 5.06e-10 s                  ; 4.37e-10 s                  ; No                         ; No                         ; 3.08 V                      ; 2.24e-08 V                  ; 3.14 V             ; -0.115 V           ; 0.31 V                              ; 0.241 V                             ; 5.06e-10 s                 ; 4.37e-10 s                 ; No                        ; No                        ;
; LED[1]        ; 3.3-V LVTTL  ; 0 s                 ; 0 s                 ; 3.08 V                       ; 2.24e-08 V                   ; 3.14 V              ; -0.115 V            ; 0.31 V                               ; 0.241 V                              ; 5.06e-10 s                  ; 4.37e-10 s                  ; No                         ; No                         ; 3.08 V                      ; 2.24e-08 V                  ; 3.14 V             ; -0.115 V           ; 0.31 V                              ; 0.241 V                             ; 5.06e-10 s                 ; 4.37e-10 s                 ; No                        ; No                        ;
; LED[0]        ; 3.3-V LVTTL  ; 0 s                 ; 0 s                 ; 3.08 V                       ; 2.24e-08 V                   ; 3.14 V              ; -0.115 V            ; 0.31 V                               ; 0.241 V                              ; 5.06e-10 s                  ; 4.37e-10 s                  ; No                         ; No                         ; 3.08 V                      ; 2.24e-08 V                  ; 3.14 V             ; -0.115 V           ; 0.31 V                              ; 0.241 V                             ; 5.06e-10 s                 ; 4.37e-10 s                 ; No                        ; No                        ;
; ~ALTERA_DCLK~ ; 3.3-V LVTTL  ; 0 s                 ; 0 s                 ; 3.08 V                       ; 8.05e-09 V                   ; 3.21 V              ; -0.181 V            ; 0.16 V                               ; 0.253 V                              ; 2.77e-10 s                  ; 2.32e-10 s                  ; No                         ; Yes                        ; 3.08 V                      ; 8.05e-09 V                  ; 3.21 V             ; -0.181 V           ; 0.16 V                              ; 0.253 V                             ; 2.77e-10 s                 ; 2.32e-10 s                 ; No                        ; Yes                       ;
; ~ALTERA_nCEO~ ; 2.5 V        ; 0 s                 ; 0 s                 ; 2.32 V                       ; 5.61e-09 V                   ; 2.38 V              ; -0.00274 V          ; 0.141 V                              ; 0.006 V                              ; 4.7e-10 s                   ; 6.02e-10 s                  ; Yes                        ; Yes                        ; 2.32 V                      ; 5.61e-09 V                  ; 2.38 V             ; -0.00274 V         ; 0.141 V                             ; 0.006 V                             ; 4.7e-10 s                  ; 6.02e-10 s                 ; Yes                       ; Yes                       ;
+---------------+--------------+---------------------+---------------------+------------------------------+------------------------------+---------------------+---------------------+--------------------------------------+--------------------------------------+-----------------------------+-----------------------------+----------------------------+----------------------------+-----------------------------+-----------------------------+--------------------+--------------------+-------------------------------------+-------------------------------------+----------------------------+----------------------------+---------------------------+---------------------------+


+--------------------------------------------------------------------------------------------------------------------------------------------------------------------------------------------------------------------------------------------------------------------------------------------------------------------------------------------------------------------------------------------------------------------------------------------------------------------------------------------------------------------------------------------------------------------------------------------------------------------------------------------------------------------------------------------+
; Signal Integrity Metrics (Slow 1200mv 85c Model)                                                                                                                                                                                                                                                                                                                                                                                                                                                                                                                                                                                                                                           ;
+---------------+--------------+---------------------+---------------------+------------------------------+------------------------------+---------------------+---------------------+--------------------------------------+--------------------------------------+-----------------------------+-----------------------------+----------------------------+----------------------------+-----------------------------+-----------------------------+--------------------+--------------------+-------------------------------------+-------------------------------------+----------------------------+----------------------------+---------------------------+---------------------------+
; Pin           ; I/O Standard ; Board Delay on Rise ; Board Delay on Fall ; Steady State Voh at FPGA Pin ; Steady State Vol at FPGA Pin ; Voh Max at FPGA Pin ; Vol Min at FPGA Pin ; Ringback Voltage on Rise at FPGA Pin ; Ringback Voltage on Fall at FPGA Pin ; 10-90 Rise Time at FPGA Pin ; 90-10 Fall Time at FPGA Pin ; Monotonic Rise at FPGA Pin ; Monotonic Fall at FPGA Pin ; Steady State Voh at Far-end ; Steady State Vol at Far-end ; Voh Max at Far-end ; Vol Min at Far-end ; Ringback Voltage on Rise at Far-end ; Ringback Voltage on Fall at Far-end ; 10-90 Rise Time at Far-end ; 90-10 Fall Time at Far-end ; Monotonic Rise at Far-end ; Monotonic Fall at Far-end ;
+---------------+--------------+---------------------+---------------------+------------------------------+------------------------------+---------------------+---------------------+--------------------------------------+--------------------------------------+-----------------------------+-----------------------------+----------------------------+----------------------------+-----------------------------+-----------------------------+--------------------+--------------------+-------------------------------------+-------------------------------------+----------------------------+----------------------------+---------------------------+---------------------------+
; MIO0          ; 3.3-V LVTTL  ; 0 s                 ; 0 s                 ; 3.08 V                       ; 2.99e-06 V                   ; 3.11 V              ; -0.0717 V           ; 0.209 V                              ; 0.168 V                              ; 6.66e-10 s                  ; 6.19e-10 s                  ; Yes                        ; No                         ; 3.08 V                      ; 2.99e-06 V                  ; 3.11 V             ; -0.0717 V          ; 0.209 V                             ; 0.168 V                             ; 6.66e-10 s                 ; 6.19e-10 s                 ; Yes                       ; No                        ;
; MIO3          ; 3.3-V LVTTL  ; 0 s                 ; 0 s                 ; 3.08 V                       ; 2.99e-06 V                   ; 3.11 V              ; -0.0717 V           ; 0.209 V                              ; 0.168 V                              ; 6.66e-10 s                  ; 6.19e-10 s                  ; Yes                        ; No                         ; 3.08 V                      ; 2.99e-06 V                  ; 3.11 V             ; -0.0717 V          ; 0.209 V                             ; 0.168 V                             ; 6.66e-10 s                 ; 6.19e-10 s                 ; Yes                       ; No                        ;
; MIO5          ; 3.3-V LVTTL  ; 0 s                 ; 0 s                 ; 3.08 V                       ; 2.99e-06 V                   ; 3.11 V              ; -0.0717 V           ; 0.209 V                              ; 0.168 V                              ; 6.66e-10 s                  ; 6.19e-10 s                  ; Yes                        ; No                         ; 3.08 V                      ; 2.99e-06 V                  ; 3.11 V             ; -0.0717 V          ; 0.209 V                             ; 0.168 V                             ; 6.66e-10 s                 ; 6.19e-10 s                 ; Yes                       ; No                        ;
; MIO4          ; 3.3-V LVTTL  ; 0 s                 ; 0 s                 ; 3.08 V                       ; 2.99e-06 V                   ; 3.11 V              ; -0.0717 V           ; 0.209 V                              ; 0.168 V                              ; 6.66e-10 s                  ; 6.19e-10 s                  ; Yes                        ; No                         ; 3.08 V                      ; 2.99e-06 V                  ; 3.11 V             ; -0.0717 V          ; 0.209 V                             ; 0.168 V                             ; 6.66e-10 s                 ; 6.19e-10 s                 ; Yes                       ; No                        ;
; MIO2          ; 3.3-V LVTTL  ; 0 s                 ; 0 s                 ; 3.08 V                       ; 2.99e-06 V                   ; 3.11 V              ; -0.0717 V           ; 0.209 V                              ; 0.168 V                              ; 6.66e-10 s                  ; 6.19e-10 s                  ; Yes                        ; No                         ; 3.08 V                      ; 2.99e-06 V                  ; 3.11 V             ; -0.0717 V          ; 0.209 V                             ; 0.168 V                             ; 6.66e-10 s                 ; 6.19e-10 s                 ; Yes                       ; No                        ;
; LED[7]        ; 3.3-V LVTTL  ; 0 s                 ; 0 s                 ; 3.08 V                       ; 2e-06 V                      ; 3.08 V              ; -0.00666 V          ; 0.298 V                              ; 0.277 V                              ; 5.29e-09 s                  ; 4.2e-09 s                   ; Yes                        ; No                         ; 3.08 V                      ; 2e-06 V                     ; 3.08 V             ; -0.00666 V         ; 0.298 V                             ; 0.277 V                             ; 5.29e-09 s                 ; 4.2e-09 s                  ; Yes                       ; No                        ;
; LED[6]        ; 3.3-V LVTTL  ; 0 s                 ; 0 s                 ; 3.08 V                       ; 2e-06 V                      ; 3.13 V              ; -0.0781 V           ; 0.202 V                              ; 0.359 V                              ; 6.54e-10 s                  ; 5e-10 s                     ; No                         ; No                         ; 3.08 V                      ; 2e-06 V                     ; 3.13 V             ; -0.0781 V          ; 0.202 V                             ; 0.359 V                             ; 6.54e-10 s                 ; 5e-10 s                    ; No                        ; No                        ;
; LED[5]        ; 3.3-V LVTTL  ; 0 s                 ; 0 s                 ; 3.08 V                       ; 2e-06 V                      ; 3.08 V              ; -0.00666 V          ; 0.298 V                              ; 0.277 V                              ; 5.29e-09 s                  ; 4.2e-09 s                   ; Yes                        ; No                         ; 3.08 V                      ; 2e-06 V                     ; 3.08 V             ; -0.00666 V         ; 0.298 V                             ; 0.277 V                             ; 5.29e-09 s                 ; 4.2e-09 s                  ; Yes                       ; No                        ;
; LED[4]        ; 3.3-V LVTTL  ; 0 s                 ; 0 s                 ; 3.08 V                       ; 2e-06 V                      ; 3.12 V              ; -0.0547 V           ; 0.276 V                              ; 0.181 V                              ; 9.17e-10 s                  ; 8.31e-10 s                  ; Yes                        ; No                         ; 3.08 V                      ; 2e-06 V                     ; 3.12 V             ; -0.0547 V          ; 0.276 V                             ; 0.181 V                             ; 9.17e-10 s                 ; 8.31e-10 s                 ; Yes                       ; No                        ;
; LED[3]        ; 3.3-V LVTTL  ; 0 s                 ; 0 s                 ; 3.08 V                       ; 2.99e-06 V                   ; 3.11 V              ; -0.0717 V           ; 0.209 V                              ; 0.168 V                              ; 6.66e-10 s                  ; 6.19e-10 s                  ; Yes                        ; No                         ; 3.08 V                      ; 2.99e-06 V                  ; 3.11 V             ; -0.0717 V          ; 0.209 V                             ; 0.168 V                             ; 6.66e-10 s                 ; 6.19e-10 s                 ; Yes                       ; No                        ;
; LED[2]        ; 3.3-V LVTTL  ; 0 s                 ; 0 s                 ; 3.08 V                       ; 2.99e-06 V                   ; 3.11 V              ; -0.0717 V           ; 0.209 V                              ; 0.168 V                              ; 6.66e-10 s                  ; 6.19e-10 s                  ; Yes                        ; No                         ; 3.08 V                      ; 2.99e-06 V                  ; 3.11 V             ; -0.0717 V          ; 0.209 V                             ; 0.168 V                             ; 6.66e-10 s                 ; 6.19e-10 s                 ; Yes                       ; No                        ;
; LED[1]        ; 3.3-V LVTTL  ; 0 s                 ; 0 s                 ; 3.08 V                       ; 2.99e-06 V                   ; 3.11 V              ; -0.0717 V           ; 0.209 V                              ; 0.168 V                              ; 6.66e-10 s                  ; 6.19e-10 s                  ; Yes                        ; No                         ; 3.08 V                      ; 2.99e-06 V                  ; 3.11 V             ; -0.0717 V          ; 0.209 V                             ; 0.168 V                             ; 6.66e-10 s                 ; 6.19e-10 s                 ; Yes                       ; No                        ;
; LED[0]        ; 3.3-V LVTTL  ; 0 s                 ; 0 s                 ; 3.08 V                       ; 2.99e-06 V                   ; 3.11 V              ; -0.0717 V           ; 0.209 V                              ; 0.168 V                              ; 6.66e-10 s                  ; 6.19e-10 s                  ; Yes                        ; No                         ; 3.08 V                      ; 2.99e-06 V                  ; 3.11 V             ; -0.0717 V          ; 0.209 V                             ; 0.168 V                             ; 6.66e-10 s                 ; 6.19e-10 s                 ; Yes                       ; No                        ;
; ~ALTERA_DCLK~ ; 3.3-V LVTTL  ; 0 s                 ; 0 s                 ; 3.08 V                       ; 1.02e-06 V                   ; 3.14 V              ; -0.123 V            ; 0.134 V                              ; 0.323 V                              ; 3.02e-10 s                  ; 2.85e-10 s                  ; Yes                        ; No                         ; 3.08 V                      ; 1.02e-06 V                  ; 3.14 V             ; -0.123 V           ; 0.134 V                             ; 0.323 V                             ; 3.02e-10 s                 ; 2.85e-10 s                 ; Yes                       ; No                        ;
; ~ALTERA_nCEO~ ; 2.5 V        ; 0 s                 ; 0 s                 ; 2.32 V                       ; 9.45e-07 V                   ; 2.35 V              ; -0.00643 V          ; 0.081 V                              ; 0.031 V                              ; 5.31e-10 s                  ; 7.59e-10 s                  ; Yes                        ; Yes                        ; 2.32 V                      ; 9.45e-07 V                  ; 2.35 V             ; -0.00643 V         ; 0.081 V                             ; 0.031 V                             ; 5.31e-10 s                 ; 7.59e-10 s                 ; Yes                       ; Yes                       ;
+---------------+--------------+---------------------+---------------------+------------------------------+------------------------------+---------------------+---------------------+--------------------------------------+--------------------------------------+-----------------------------+-----------------------------+----------------------------+----------------------------+-----------------------------+-----------------------------+--------------------+--------------------+-------------------------------------+-------------------------------------+----------------------------+----------------------------+---------------------------+---------------------------+


+--------------------------------------------------------------------------------------------------------------------------------------------------------------------------------------------------------------------------------------------------------------------------------------------------------------------------------------------------------------------------------------------------------------------------------------------------------------------------------------------------------------------------------------------------------------------------------------------------------------------------------------------------------------------------------------------+
; Signal Integrity Metrics (Fast 1200mv 0c Model)                                                                                                                                                                                                                                                                                                                                                                                                                                                                                                                                                                                                                                            ;
+---------------+--------------+---------------------+---------------------+------------------------------+------------------------------+---------------------+---------------------+--------------------------------------+--------------------------------------+-----------------------------+-----------------------------+----------------------------+----------------------------+-----------------------------+-----------------------------+--------------------+--------------------+-------------------------------------+-------------------------------------+----------------------------+----------------------------+---------------------------+---------------------------+
; Pin           ; I/O Standard ; Board Delay on Rise ; Board Delay on Fall ; Steady State Voh at FPGA Pin ; Steady State Vol at FPGA Pin ; Voh Max at FPGA Pin ; Vol Min at FPGA Pin ; Ringback Voltage on Rise at FPGA Pin ; Ringback Voltage on Fall at FPGA Pin ; 10-90 Rise Time at FPGA Pin ; 90-10 Fall Time at FPGA Pin ; Monotonic Rise at FPGA Pin ; Monotonic Fall at FPGA Pin ; Steady State Voh at Far-end ; Steady State Vol at Far-end ; Voh Max at Far-end ; Vol Min at Far-end ; Ringback Voltage on Rise at Far-end ; Ringback Voltage on Fall at Far-end ; 10-90 Rise Time at Far-end ; 90-10 Fall Time at Far-end ; Monotonic Rise at Far-end ; Monotonic Fall at Far-end ;
+---------------+--------------+---------------------+---------------------+------------------------------+------------------------------+---------------------+---------------------+--------------------------------------+--------------------------------------+-----------------------------+-----------------------------+----------------------------+----------------------------+-----------------------------+-----------------------------+--------------------+--------------------+-------------------------------------+-------------------------------------+----------------------------+----------------------------+---------------------------+---------------------------+
; MIO0          ; 3.3-V LVTTL  ; 0 s                 ; 0 s                 ; 3.46 V                       ; 1.85e-07 V                   ; 3.57 V              ; -0.141 V            ; 0.301 V                              ; 0.239 V                              ; 4.61e-10 s                  ; 4.2e-10 s                   ; No                         ; No                         ; 3.46 V                      ; 1.85e-07 V                  ; 3.57 V             ; -0.141 V           ; 0.301 V                             ; 0.239 V                             ; 4.61e-10 s                 ; 4.2e-10 s                  ; No                        ; No                        ;
; MIO3          ; 3.3-V LVTTL  ; 0 s                 ; 0 s                 ; 3.46 V                       ; 1.85e-07 V                   ; 3.57 V              ; -0.141 V            ; 0.301 V                              ; 0.239 V                              ; 4.61e-10 s                  ; 4.2e-10 s                   ; No                         ; No                         ; 3.46 V                      ; 1.85e-07 V                  ; 3.57 V             ; -0.141 V           ; 0.301 V                             ; 0.239 V                             ; 4.61e-10 s                 ; 4.2e-10 s                  ; No                        ; No                        ;
; MIO5          ; 3.3-V LVTTL  ; 0 s                 ; 0 s                 ; 3.46 V                       ; 1.85e-07 V                   ; 3.57 V              ; -0.141 V            ; 0.301 V                              ; 0.239 V                              ; 4.61e-10 s                  ; 4.2e-10 s                   ; No                         ; No                         ; 3.46 V                      ; 1.85e-07 V                  ; 3.57 V             ; -0.141 V           ; 0.301 V                             ; 0.239 V                             ; 4.61e-10 s                 ; 4.2e-10 s                  ; No                        ; No                        ;
; MIO4          ; 3.3-V LVTTL  ; 0 s                 ; 0 s                 ; 3.46 V                       ; 1.85e-07 V                   ; 3.57 V              ; -0.141 V            ; 0.301 V                              ; 0.239 V                              ; 4.61e-10 s                  ; 4.2e-10 s                   ; No                         ; No                         ; 3.46 V                      ; 1.85e-07 V                  ; 3.57 V             ; -0.141 V           ; 0.301 V                             ; 0.239 V                             ; 4.61e-10 s                 ; 4.2e-10 s                  ; No                        ; No                        ;
; MIO2          ; 3.3-V LVTTL  ; 0 s                 ; 0 s                 ; 3.46 V                       ; 1.85e-07 V                   ; 3.57 V              ; -0.141 V            ; 0.301 V                              ; 0.239 V                              ; 4.61e-10 s                  ; 4.2e-10 s                   ; No                         ; No                         ; 3.46 V                      ; 1.85e-07 V                  ; 3.57 V             ; -0.141 V           ; 0.301 V                             ; 0.239 V                             ; 4.61e-10 s                 ; 4.2e-10 s                  ; No                        ; No                        ;
; LED[7]        ; 3.3-V LVTTL  ; 0 s                 ; 0 s                 ; 3.46 V                       ; 1.25e-07 V                   ; 3.48 V              ; -0.0162 V           ; 0.354 V                              ; 0.317 V                              ; 3.88e-09 s                  ; 3.06e-09 s                  ; No                         ; No                         ; 3.46 V                      ; 1.25e-07 V                  ; 3.48 V             ; -0.0162 V          ; 0.354 V                             ; 0.317 V                             ; 3.88e-09 s                 ; 3.06e-09 s                 ; No                        ; No                        ;
; LED[6]        ; 3.3-V LVTTL  ; 0 s                 ; 0 s                 ; 3.46 V                       ; 1.25e-07 V                   ; 3.6 V               ; -0.127 V            ; 0.302 V                              ; 0.21 V                               ; 4.55e-10 s                  ; 4.11e-10 s                  ; No                         ; No                         ; 3.46 V                      ; 1.25e-07 V                  ; 3.6 V              ; -0.127 V           ; 0.302 V                             ; 0.21 V                              ; 4.55e-10 s                 ; 4.11e-10 s                 ; No                        ; No                        ;
; LED[5]        ; 3.3-V LVTTL  ; 0 s                 ; 0 s                 ; 3.46 V                       ; 1.25e-07 V                   ; 3.48 V              ; -0.0162 V           ; 0.354 V                              ; 0.317 V                              ; 3.88e-09 s                  ; 3.06e-09 s                  ; No                         ; No                         ; 3.46 V                      ; 1.25e-07 V                  ; 3.48 V             ; -0.0162 V          ; 0.354 V                             ; 0.317 V                             ; 3.88e-09 s                 ; 3.06e-09 s                 ; No                        ; No                        ;
; LED[4]        ; 3.3-V LVTTL  ; 0 s                 ; 0 s                 ; 3.46 V                       ; 1.25e-07 V                   ; 3.57 V              ; -0.0855 V           ; 0.315 V                              ; 0.175 V                              ; 6.79e-10 s                  ; 6.15e-10 s                  ; No                         ; No                         ; 3.46 V                      ; 1.25e-07 V                  ; 3.57 V             ; -0.0855 V          ; 0.315 V                             ; 0.175 V                             ; 6.79e-10 s                 ; 6.15e-10 s                 ; No                        ; No                        ;
; LED[3]        ; 3.3-V LVTTL  ; 0 s                 ; 0 s                 ; 3.46 V                       ; 1.85e-07 V                   ; 3.57 V              ; -0.141 V            ; 0.301 V                              ; 0.239 V                              ; 4.61e-10 s                  ; 4.2e-10 s                   ; No                         ; No                         ; 3.46 V                      ; 1.85e-07 V                  ; 3.57 V             ; -0.141 V           ; 0.301 V                             ; 0.239 V                             ; 4.61e-10 s                 ; 4.2e-10 s                  ; No                        ; No                        ;
; LED[2]        ; 3.3-V LVTTL  ; 0 s                 ; 0 s                 ; 3.46 V                       ; 1.85e-07 V                   ; 3.57 V              ; -0.141 V            ; 0.301 V                              ; 0.239 V                              ; 4.61e-10 s                  ; 4.2e-10 s                   ; No                         ; No                         ; 3.46 V                      ; 1.85e-07 V                  ; 3.57 V             ; -0.141 V           ; 0.301 V                             ; 0.239 V                             ; 4.61e-10 s                 ; 4.2e-10 s                  ; No                        ; No                        ;
; LED[1]        ; 3.3-V LVTTL  ; 0 s                 ; 0 s                 ; 3.46 V                       ; 1.85e-07 V                   ; 3.57 V              ; -0.141 V            ; 0.301 V                              ; 0.239 V                              ; 4.61e-10 s                  ; 4.2e-10 s                   ; No                         ; No                         ; 3.46 V                      ; 1.85e-07 V                  ; 3.57 V             ; -0.141 V           ; 0.301 V                             ; 0.239 V                             ; 4.61e-10 s                 ; 4.2e-10 s                  ; No                        ; No                        ;
; LED[0]        ; 3.3-V LVTTL  ; 0 s                 ; 0 s                 ; 3.46 V                       ; 1.85e-07 V                   ; 3.57 V              ; -0.141 V            ; 0.301 V                              ; 0.239 V                              ; 4.61e-10 s                  ; 4.2e-10 s                   ; No                         ; No                         ; 3.46 V                      ; 1.85e-07 V                  ; 3.57 V             ; -0.141 V           ; 0.301 V                             ; 0.239 V                             ; 4.61e-10 s                 ; 4.2e-10 s                  ; No                        ; No                        ;
; ~ALTERA_DCLK~ ; 3.3-V LVTTL  ; 0 s                 ; 0 s                 ; 3.46 V                       ; 6.54e-08 V                   ; 3.66 V              ; -0.26 V             ; 0.41 V                               ; 0.32 V                               ; 1.57e-10 s                  ; 2.15e-10 s                  ; No                         ; Yes                        ; 3.46 V                      ; 6.54e-08 V                  ; 3.66 V             ; -0.26 V            ; 0.41 V                              ; 0.32 V                              ; 1.57e-10 s                 ; 2.15e-10 s                 ; No                        ; Yes                       ;
; ~ALTERA_nCEO~ ; 2.5 V        ; 0 s                 ; 0 s                 ; 2.62 V                       ; 3.54e-08 V                   ; 2.7 V               ; -0.00943 V          ; 0.276 V                              ; 0.035 V                              ; 3.19e-10 s                  ; 4.99e-10 s                  ; No                         ; Yes                        ; 2.62 V                      ; 3.54e-08 V                  ; 2.7 V              ; -0.00943 V         ; 0.276 V                             ; 0.035 V                             ; 3.19e-10 s                 ; 4.99e-10 s                 ; No                        ; Yes                       ;
+---------------+--------------+---------------------+---------------------+------------------------------+------------------------------+---------------------+---------------------+--------------------------------------+--------------------------------------+-----------------------------+-----------------------------+----------------------------+----------------------------+-----------------------------+-----------------------------+--------------------+--------------------+-------------------------------------+-------------------------------------+----------------------------+----------------------------+---------------------------+---------------------------+


+---------------------------------------------------------------------------------------------------------------------------------------------------------------------------+
; Setup Transfers                                                                                                                                                           ;
+---------------------------------------------------------------+---------------------------------------------------------------+----------+----------+----------+----------+
; From Clock                                                    ; To Clock                                                      ; RR Paths ; FR Paths ; RF Paths ; FF Paths ;
+---------------------------------------------------------------+---------------------------------------------------------------+----------+----------+----------+----------+
; CLOCK_50                                                      ; CLOCK_50                                                      ; 350      ; 0        ; 0        ; 0        ;
; lpm_counter:inst6|cntr_f3g:auto_generated|counter_reg_bit[25] ; CLOCK_50                                                      ; 1        ; 1        ; 0        ; 0        ;
; lpm_counter:inst6|cntr_f3g:auto_generated|counter_reg_bit[25] ; lpm_counter:inst6|cntr_f3g:auto_generated|counter_reg_bit[25] ; 9        ; 0        ; 0        ; 0        ;
; MIO1                                                          ; MIO1                                                          ; 11       ; 0        ; 0        ; 0        ;
+---------------------------------------------------------------+---------------------------------------------------------------+----------+----------+----------+----------+
Entries labeled "false path" only account for clock-to-clock false paths and not path-based false paths. As a result, actual path counts may be lower than reported.


+---------------------------------------------------------------------------------------------------------------------------------------------------------------------------+
; Hold Transfers                                                                                                                                                            ;
+---------------------------------------------------------------+---------------------------------------------------------------+----------+----------+----------+----------+
; From Clock                                                    ; To Clock                                                      ; RR Paths ; FR Paths ; RF Paths ; FF Paths ;
+---------------------------------------------------------------+---------------------------------------------------------------+----------+----------+----------+----------+
; CLOCK_50                                                      ; CLOCK_50                                                      ; 350      ; 0        ; 0        ; 0        ;
; lpm_counter:inst6|cntr_f3g:auto_generated|counter_reg_bit[25] ; CLOCK_50                                                      ; 1        ; 1        ; 0        ; 0        ;
; lpm_counter:inst6|cntr_f3g:auto_generated|counter_reg_bit[25] ; lpm_counter:inst6|cntr_f3g:auto_generated|counter_reg_bit[25] ; 9        ; 0        ; 0        ; 0        ;
; MIO1                                                          ; MIO1                                                          ; 11       ; 0        ; 0        ; 0        ;
+---------------------------------------------------------------+---------------------------------------------------------------+----------+----------+----------+----------+
Entries labeled "false path" only account for clock-to-clock false paths and not path-based false paths. As a result, actual path counts may be lower than reported.


+---------------------------------------------------------------------------------------------------------------------------------------------------------------------------+
; Recovery Transfers                                                                                                                                                        ;
+---------------------------------------------------------------+---------------------------------------------------------------+----------+----------+----------+----------+
; From Clock                                                    ; To Clock                                                      ; RR Paths ; FR Paths ; RF Paths ; FF Paths ;
+---------------------------------------------------------------+---------------------------------------------------------------+----------+----------+----------+----------+
; lpm_counter:inst6|cntr_f3g:auto_generated|counter_reg_bit[25] ; KEY[1]                                                        ; 1        ; 0        ; 0        ; 0        ;
; lpm_counter:inst6|cntr_f3g:auto_generated|counter_reg_bit[25] ; lpm_counter:inst6|cntr_f3g:auto_generated|counter_reg_bit[25] ; 1        ; 0        ; 0        ; 0        ;
+---------------------------------------------------------------+---------------------------------------------------------------+----------+----------+----------+----------+
Entries labeled "false path" only account for clock-to-clock false paths and not path-based false paths. As a result, actual path counts may be lower than reported.


+---------------------------------------------------------------------------------------------------------------------------------------------------------------------------+
; Removal Transfers                                                                                                                                                         ;
+---------------------------------------------------------------+---------------------------------------------------------------+----------+----------+----------+----------+
; From Clock                                                    ; To Clock                                                      ; RR Paths ; FR Paths ; RF Paths ; FF Paths ;
+---------------------------------------------------------------+---------------------------------------------------------------+----------+----------+----------+----------+
; lpm_counter:inst6|cntr_f3g:auto_generated|counter_reg_bit[25] ; KEY[1]                                                        ; 1        ; 0        ; 0        ; 0        ;
; lpm_counter:inst6|cntr_f3g:auto_generated|counter_reg_bit[25] ; lpm_counter:inst6|cntr_f3g:auto_generated|counter_reg_bit[25] ; 1        ; 0        ; 0        ; 0        ;
+---------------------------------------------------------------+---------------------------------------------------------------+----------+----------+----------+----------+
Entries labeled "false path" only account for clock-to-clock false paths and not path-based false paths. As a result, actual path counts may be lower than reported.


---------------
; Report TCCS ;
---------------
No dedicated SERDES Transmitter circuitry present in device or used in design


---------------
; Report RSKM ;
---------------
No non-DPA dedicated SERDES Receiver circuitry present in device or used in design


+------------------------------------------------+
; Unconstrained Paths Summary                    ;
+---------------------------------+-------+------+
; Property                        ; Setup ; Hold ;
+---------------------------------+-------+------+
; Illegal Clocks                  ; 0     ; 0    ;
; Unconstrained Clocks            ; 0     ; 0    ;
; Unconstrained Input Ports       ; 1     ; 1    ;
; Unconstrained Input Port Paths  ; 12    ; 12   ;
; Unconstrained Output Ports      ; 13    ; 13   ;
; Unconstrained Output Port Paths ; 13    ; 13   ;
+---------------------------------+-------+------+


+----------------------------------------------------------------------------------------------------------------------------------------------------+
; Clock Status Summary                                                                                                                               ;
+---------------------------------------------------------------+---------------------------------------------------------------+------+-------------+
; Target                                                        ; Clock                                                         ; Type ; Status      ;
+---------------------------------------------------------------+---------------------------------------------------------------+------+-------------+
; CLOCK_50                                                      ; CLOCK_50                                                      ; Base ; Constrained ;
; KEY[1]                                                        ; KEY[1]                                                        ; Base ; Constrained ;
; MIO1                                                          ; MIO1                                                          ; Base ; Constrained ;
; lpm_counter:inst6|cntr_f3g:auto_generated|counter_reg_bit[25] ; lpm_counter:inst6|cntr_f3g:auto_generated|counter_reg_bit[25] ; Base ; Constrained ;
+---------------------------------------------------------------+---------------------------------------------------------------+------+-------------+


+---------------------------------------------------------------------------------------------------+
; Unconstrained Input Ports                                                                         ;
+------------+--------------------------------------------------------------------------------------+
; Input Port ; Comment                                                                              ;
+------------+--------------------------------------------------------------------------------------+
; KEY[0]     ; No input delay, min/max delays, false-path exceptions, or max skew assignments found ;
+------------+--------------------------------------------------------------------------------------+


+-----------------------------------------------------------------------------------------------------+
; Unconstrained Output Ports                                                                          ;
+-------------+---------------------------------------------------------------------------------------+
; Output Port ; Comment                                                                               ;
+-------------+---------------------------------------------------------------------------------------+
; LED[0]      ; No output delay, min/max delays, false-path exceptions, or max skew assignments found ;
; LED[1]      ; No output delay, min/max delays, false-path exceptions, or max skew assignments found ;
; LED[2]      ; No output delay, min/max delays, false-path exceptions, or max skew assignments found ;
; LED[3]      ; No output delay, min/max delays, false-path exceptions, or max skew assignments found ;
; LED[4]      ; No output delay, min/max delays, false-path exceptions, or max skew assignments found ;
; LED[5]      ; No output delay, min/max delays, false-path exceptions, or max skew assignments found ;
; LED[6]      ; No output delay, min/max delays, false-path exceptions, or max skew assignments found ;
; LED[7]      ; No output delay, min/max delays, false-path exceptions, or max skew assignments found ;
; MIO0        ; No output delay, min/max delays, false-path exceptions, or max skew assignments found ;
; MIO2        ; No output delay, min/max delays, false-path exceptions, or max skew assignments found ;
; MIO3        ; No output delay, min/max delays, false-path exceptions, or max skew assignments found ;
; MIO4        ; No output delay, min/max delays, false-path exceptions, or max skew assignments found ;
; MIO5        ; No output delay, min/max delays, false-path exceptions, or max skew assignments found ;
+-------------+---------------------------------------------------------------------------------------+


+---------------------------------------------------------------------------------------------------+
; Unconstrained Input Ports                                                                         ;
+------------+--------------------------------------------------------------------------------------+
; Input Port ; Comment                                                                              ;
+------------+--------------------------------------------------------------------------------------+
; KEY[0]     ; No input delay, min/max delays, false-path exceptions, or max skew assignments found ;
+------------+--------------------------------------------------------------------------------------+


+-----------------------------------------------------------------------------------------------------+
; Unconstrained Output Ports                                                                          ;
+-------------+---------------------------------------------------------------------------------------+
; Output Port ; Comment                                                                               ;
+-------------+---------------------------------------------------------------------------------------+
; LED[0]      ; No output delay, min/max delays, false-path exceptions, or max skew assignments found ;
; LED[1]      ; No output delay, min/max delays, false-path exceptions, or max skew assignments found ;
; LED[2]      ; No output delay, min/max delays, false-path exceptions, or max skew assignments found ;
; LED[3]      ; No output delay, min/max delays, false-path exceptions, or max skew assignments found ;
; LED[4]      ; No output delay, min/max delays, false-path exceptions, or max skew assignments found ;
; LED[5]      ; No output delay, min/max delays, false-path exceptions, or max skew assignments found ;
; LED[6]      ; No output delay, min/max delays, false-path exceptions, or max skew assignments found ;
; LED[7]      ; No output delay, min/max delays, false-path exceptions, or max skew assignments found ;
; MIO0        ; No output delay, min/max delays, false-path exceptions, or max skew assignments found ;
; MIO2        ; No output delay, min/max delays, false-path exceptions, or max skew assignments found ;
; MIO3        ; No output delay, min/max delays, false-path exceptions, or max skew assignments found ;
; MIO4        ; No output delay, min/max delays, false-path exceptions, or max skew assignments found ;
; MIO5        ; No output delay, min/max delays, false-path exceptions, or max skew assignments found ;
+-------------+---------------------------------------------------------------------------------------+


+--------------------------+
; Timing Analyzer Messages ;
+--------------------------+
Info: *******************************************************************
Info: Running Quartus Prime Timing Analyzer
    Info: Version 25.1std.0 Build 1129 10/21/2025 SC Lite Edition
    Info: Processing started: Mon May 18 16:15:53 2026
Info: Command: quartus_sta Lab3_Stud -c Lab3_Stud
Info: qsta_default_script.tcl version: #1
Warning (18236): Number of processors has not been specified which may cause overloading on shared machines.  Set the global assignment NUM_PARALLEL_PROCESSORS in your QSF to an appropriate value for best performance.
Info (20030): Parallel compilation is enabled and will use 16 of the 32 processors detected
Info (21076): High junction temperature operating condition is not set. Assuming a default value of '85'.
Info (21076): Low junction temperature operating condition is not set. Assuming a default value of '0'.
Critical Warning (332012): Synopsys Design Constraints File file not found: 'Lab3_Stud.SDC'. A Synopsys Design Constraints File is required by the Timing Analyzer to get proper timing constraints. Without it, the Compiler will not properly optimize the design.
Info (332142): No user constrained base clocks found in the design. Calling "derive_clocks -period 1.0"
Info (332105): Deriving Clocks
    Info (332105): create_clock -period 1.000 -name CLOCK_50 CLOCK_50
    Info (332105): create_clock -period 1.000 -name KEY[1] KEY[1]
    Info (332105): create_clock -period 1.000 -name lpm_counter:inst6|cntr_f3g:auto_generated|counter_reg_bit[25] lpm_counter:inst6|cntr_f3g:auto_generated|counter_reg_bit[25]
    Info (332105): create_clock -period 1.000 -name MIO1 MIO1
Info (332143): No user constrained clock uncertainty found in the design. Calling "derive_clock_uncertainty"
Info (332123): Deriving Clock Uncertainty. Please refer to report_sdc in the Timing Analyzer to see clock uncertainties.
Info: Found TIMING_ANALYZER_REPORT_SCRIPT_INCLUDE_DEFAULT_ANALYSIS = ON
Info: Analyzing Slow 1200mV 85C Model
Critical Warning (332148): Timing requirements not met
    Info (11105): For recommendations on closing timing, run Report Timing Closure Recommendations in the Timing Analyzer.
Info (332146): Worst-case setup slack is -1.836
    Info (332119):     Slack       End Point TNS Clock 
    Info (332119): ========= =================== =====================
    Info (332119):    -1.836             -25.760 CLOCK_50 
    Info (332119):     0.003               0.000 MIO1 
    Info (332119):     0.083               0.000 lpm_counter:inst6|cntr_f3g:auto_generated|counter_reg_bit[25] 
Info (332146): Worst-case hold slack is 0.382
    Info (332119):     Slack       End Point TNS Clock 
    Info (332119): ========= =================== =====================
    Info (332119):     0.382               0.000 MIO1 
    Info (332119):     0.392               0.000 lpm_counter:inst6|cntr_f3g:auto_generated|counter_reg_bit[25] 
    Info (332119):     0.469               0.000 CLOCK_50 
Info (332146): Worst-case recovery slack is -0.746
    Info (332119):     Slack       End Point TNS Clock 
    Info (332119): ========= =================== =====================
    Info (332119):    -0.746              -0.746 KEY[1] 
    Info (332119):    -0.340              -0.340 lpm_counter:inst6|cntr_f3g:auto_generated|counter_reg_bit[25] 
Info (332146): Worst-case removal slack is 0.914
    Info (332119):     Slack       End Point TNS Clock 
    Info (332119): ========= =================== =====================
    Info (332119):     0.914               0.000 lpm_counter:inst6|cntr_f3g:auto_generated|counter_reg_bit[25] 
    Info (332119):     1.215               0.000 KEY[1] 
Info (332146): Worst-case minimum pulse width slack is -3.000
    Info (332119):     Slack       End Point TNS Clock 
    Info (332119): ========= =================== =====================
    Info (332119):    -3.000             -29.000 CLOCK_50 
    Info (332119):    -3.000              -7.000 MIO1 
    Info (332119):    -3.000              -4.000 KEY[1] 
    Info (332119):    -1.000              -9.000 lpm_counter:inst6|cntr_f3g:auto_generated|counter_reg_bit[25] 
Warning (18330): Ignoring Synchronizer Identification setting Off, and using Auto instead.
Info: Analyzing Slow 1200mV 0C Model
Info (334003): Started post-fitting delay annotation
Info (334004): Delay annotation completed successfully
Info (332123): Deriving Clock Uncertainty. Please refer to report_sdc in the Timing Analyzer to see clock uncertainties.
Critical Warning (332148): Timing requirements not met
    Info (11105): For recommendations on closing timing, run Report Timing Closure Recommendations in the Timing Analyzer.
Info (332146): Worst-case setup slack is -1.485
    Info (332119):     Slack       End Point TNS Clock 
    Info (332119): ========= =================== =====================
    Info (332119):    -1.485             -19.583 CLOCK_50 
    Info (332119):     0.117               0.000 MIO1 
    Info (332119):     0.181               0.000 lpm_counter:inst6|cntr_f3g:auto_generated|counter_reg_bit[25] 
Info (332146): Worst-case hold slack is 0.333
    Info (332119):     Slack       End Point TNS Clock 
    Info (332119): ========= =================== =====================
    Info (332119):     0.333               0.000 MIO1 
    Info (332119):     0.355               0.000 lpm_counter:inst6|cntr_f3g:auto_generated|counter_reg_bit[25] 
    Info (332119):     0.413               0.000 CLOCK_50 
Info (332146): Worst-case recovery slack is -0.526
    Info (332119):     Slack       End Point TNS Clock 
    Info (332119): ========= =================== =====================
    Info (332119):    -0.526              -0.526 KEY[1] 
    Info (332119):    -0.194              -0.194 lpm_counter:inst6|cntr_f3g:auto_generated|counter_reg_bit[25] 
Info (332146): Worst-case removal slack is 0.823
    Info (332119):     Slack       End Point TNS Clock 
    Info (332119): ========= =================== =====================
    Info (332119):     0.823               0.000 lpm_counter:inst6|cntr_f3g:auto_generated|counter_reg_bit[25] 
    Info (332119):     1.071               0.000 KEY[1] 
Info (332146): Worst-case minimum pulse width slack is -3.000
    Info (332119):     Slack       End Point TNS Clock 
    Info (332119): ========= =================== =====================
    Info (332119):    -3.000             -29.000 CLOCK_50 
    Info (332119):    -3.000              -7.000 MIO1 
    Info (332119):    -3.000              -4.000 KEY[1] 
    Info (332119):    -1.000              -9.000 lpm_counter:inst6|cntr_f3g:auto_generated|counter_reg_bit[25] 
Warning (18330): Ignoring Synchronizer Identification setting Off, and using Auto instead.
Info: Analyzing Fast 1200mV 0C Model
Info (332123): Deriving Clock Uncertainty. Please refer to report_sdc in the Timing Analyzer to see clock uncertainties.
Critical Warning (332148): Timing requirements not met
    Info (11105): For recommendations on closing timing, run Report Timing Closure Recommendations in the Timing Analyzer.
Info (332146): Worst-case setup slack is -0.625
    Info (332119):     Slack       End Point TNS Clock 
    Info (332119): ========= =================== =====================
    Info (332119):    -0.625              -4.440 CLOCK_50 
    Info (332119):     0.450               0.000 MIO1 
    Info (332119):     0.492               0.000 lpm_counter:inst6|cntr_f3g:auto_generated|counter_reg_bit[25] 
Info (332146): Worst-case hold slack is 0.201
    Info (332119):     Slack       End Point TNS Clock 
    Info (332119): ========= =================== =====================
    Info (332119):     0.201               0.000 MIO1 
    Info (332119):     0.206               0.000 lpm_counter:inst6|cntr_f3g:auto_generated|counter_reg_bit[25] 
    Info (332119):     0.254               0.000 CLOCK_50 
Info (332146): Worst-case recovery slack is -0.123
    Info (332119):     Slack       End Point TNS Clock 
    Info (332119): ========= =================== =====================
    Info (332119):    -0.123              -0.123 KEY[1] 
    Info (332119):     0.237               0.000 lpm_counter:inst6|cntr_f3g:auto_generated|counter_reg_bit[25] 
Info (332146): Worst-case removal slack is 0.503
    Info (332119):     Slack       End Point TNS Clock 
    Info (332119): ========= =================== =====================
    Info (332119):     0.503               0.000 lpm_counter:inst6|cntr_f3g:auto_generated|counter_reg_bit[25] 
    Info (332119):     0.764               0.000 KEY[1] 
Info (332146): Worst-case minimum pulse width slack is -3.000
    Info (332119):     Slack       End Point TNS Clock 
    Info (332119): ========= =================== =====================
    Info (332119):    -3.000             -36.717 CLOCK_50 
    Info (332119):    -3.000              -8.459 MIO1 
    Info (332119):    -3.000              -4.206 KEY[1] 
    Info (332119):    -1.000              -9.000 lpm_counter:inst6|cntr_f3g:auto_generated|counter_reg_bit[25] 
Warning (18330): Ignoring Synchronizer Identification setting Off, and using Auto instead.
Info (332102): Design is not fully constrained for setup requirements
Info (332102): Design is not fully constrained for hold requirements
Info: Quartus Prime Timing Analyzer was successful. 0 errors, 8 warnings
    Info: Peak virtual memory: 615 megabytes
    Info: Processing ended: Mon May 18 16:15:53 2026
    Info: Elapsed time: 00:00:00
    Info: Total CPU time (on all processors): 00:00:01


