0.638775	-0.0444401
0.6388	-0.0592463
0.638825	-0.107561
0.63885	-0.0732732
0.638875	-0.0600255
0.6389	-0.0561292
0.638925	-0.0911965
0.63895	-0.0678183
0.638975	-0.0421023
0.639	-0.0569084
0.639025	-0.0514535
0.63905	-0.0537913
0.639075	-0.0748317
0.6391	-0.0459986
0.639125	-0.0319717
0.63915	-0.0117106
0.639175	-0.0483364
0.6392	-0.0397644
0.639225	-0.0233997
0.63925	-0.106782
0.639275	-0.0654804
0.6393	-0.113016
0.639325	-0.0810659
0.63935	-0.0576877
0.639375	-0.0685975
0.6394	-0.0569084
0.639425	-0.0514535
0.63945	-0.032751
0.639475	-0.0233997
0.6395	-0.0787281
0.639525	-0.0701561
0.63955	-0.101327
0.639575	-0.103665
0.6396	-0.123926
0.639625	-0.0763903
0.63965	-0.024179
0.639675	-0.0537913
0.6397	0.010109
0.639725	0.0054334
0.63975	-0.00781424
0.639775	-0.0233997
0.6398	-0.0600255
0.639825	-0.041323
0.63985	-0.0187241
0.639875	-0.0600255
0.6399	-0.0802866
0.639925	-0.0514535
0.63995	-0.0272961
0.639975	-0.0506743
0.64	-0.118471
0.640025	-0.116133
0.64005	-0.049895
0.640075	-0.032751
0.6401	-0.0748317
0.640125	-0.0623633
0.64015	-0.0647012
0.640175	-0.0608048
0.6402	-0.0849623
0.640225	-0.058467
0.64025	-0.0522328
0.640275	-0.0623633
0.6403	-0.0553499
0.640325	-0.00859351
0.64035	-0.0717146
0.640375	-0.0740524
0.6404	-0.0974306
0.640425	-0.123147
0.64045	-0.0522328
0.640475	-0.0491157
0.6405	-0.0491157
0.640525	-0.123926
0.64055	-0.0982099
0.640575	-0.0771695
0.6406	-0.109899
0.640625	-0.0943135
0.64065	-0.0662597
0.640675	-0.0171655
0.6407	-0.0257375
0.640725	-0.0132691
0.64075	-0.0631426
0.640775	-0.0966514
0.6408	-0.0615841
0.640825	-0.0179448
0.64085	0.0163432
0.640875	-0.0109313
0.6409	-0.0545706
0.640925	-0.0522328
0.64095	-0.0350888
0.640975	-0.0561292
0.641	-0.0140484
0.641025	-0.041323
0.64105	-0.0530121
0.641075	-0.0701561
0.6411	-0.0280753
0.641125	-0.0787281
0.64115	-0.0795074
0.641175	-0.0709354
0.6412	-0.0202826
0.641225	-0.00547642
0.64125	-0.0522328
0.641275	-0.075611
0.6413	-0.058467
0.641325	-0.105223
0.64135	-0.0647012
0.641375	-0.124705
0.6414	-0.0826244
0.641425	-0.0997685
0.64145	-0.0701561
0.641475	-0.0530121
0.6415	-0.0732732
0.641525	-0.0763903
0.64155	-0.0366473
0.641575	-0.0662597
0.6416	-0.0997685
0.641625	-0.0771695
0.64165	-0.0350888
0.641675	-0.0693768
0.6417	-0.067039
0.641725	-0.0763903
0.64175	-0.0514535
0.641775	-0.0421023
0.6418	-0.0834037
0.641825	-0.0522328
0.64185	-0.0553499
0.641875	-0.0647012
0.6419	-0.067039
0.641925	-0.105223
0.64195	-0.0288546
0.641975	-0.0459986
0.642	-0.0475572
0.642025	-0.0802866
0.64205	-0.0795074
0.642075	-0.0826244
0.6421	-0.0467779
0.642125	-0.0436608
0.64215	-0.0304132
0.642175	-0.0343095
0.6422	-0.0623633
0.642225	-0.0233997
0.64225	-0.0857415
0.642275	-0.0693768
0.6423	-0.0802866
0.642325	-0.0662597
0.64235	-0.0382059
0.642375	-0.0873001
0.6424	-0.0717146
0.642425	-0.0615841
0.64245	-0.0514535
0.642475	-0.032751
0.6425	-0.0685975
0.642525	-0.0608048
0.64255	-0.0873001
0.642575	-0.0366473
0.6426	-0.0787281
0.642625	-0.0257375
0.64265	-0.0631426
0.642675	-0.0639219
0.6427	-0.0685975
0.642725	-0.0389852
0.64275	-0.0296339
0.642775	-0.0218412
0.6428	0.00309559
0.642825	-0.0109313
0.64285	-0.0195033
0.642875	-0.0654804
0.6429	-0.0810659
0.642925	-0.0249582
0.64295	-0.0530121
0.642975	-0.0436608
0.643	-0.0810659
0.643025	-0.0748317
0.64305	-0.0459986
0.643075	-0.058467
0.6431	-0.0514535
0.643125	-0.0678183
0.64315	-0.0966514
0.643175	-0.0693768
0.6432	-0.0693768
0.643225	-0.0810659
0.64325	-0.0958721
0.643275	-0.0467779
0.6433	-0.0537913
0.643325	-0.0491157
0.64335	-0.0647012
0.643375	-0.0350888
0.6434	-0.067039
0.643425	-0.0436608
0.64345	-0.0904172
0.643475	-0.0459986
0.6435	-0.00703496
0.643525	-0.0311924
0.64355	-0.0647012
0.643575	-0.0592463
0.6436	0.015564
0.643625	-0.0530121
0.64365	-0.0545706
0.643675	-0.0210619
0.6437	-0.0374266
0.643725	-0.0475572
0.64375	-0.0249582
0.643775	-0.0374266
0.6438	-0.041323
0.643825	-0.0748317
0.64385	-0.0561292
0.643875	-0.0873001
0.6439	-0.0818452
0.643925	-0.0608048
0.64395	-0.0491157
0.643975	-0.0608048
0.644	-0.0304132
0.644025	-0.0350888
0.64405	-0.0935343
0.644075	-0.0857415
0.6441	-0.0771695
0.644125	-0.0826244
0.64415	-0.0436608
0.644175	-0.0296339
0.6442	-0.0506743
0.644225	-0.075611
0.64425	-0.0537913
0.644275	-0.0795074
0.6443	-0.0592463
0.644325	-0.0202826
0.64435	-0.00859351
0.644375	-0.0366473
0.6444	-0.0717146
0.644425	-0.0483364
0.64445	-0.084183
0.644475	-0.0553499
0.6445	-0.0210619
0.644525	-0.0826244
0.64455	-0.0935343
0.644575	-0.117692
0.6446	-0.0685975
0.644625	-0.0522328
0.64465	-0.0958721
0.644675	-0.0514535
0.6447	0.0054334
0.644725	-0.0272961
0.64475	-0.0662597
0.644775	-0.0950928
0.6448	-0.0514535
0.644825	-0.0608048
0.64485	-0.084183
0.644875	-0.0436608
0.6449	-0.11925
0.644925	-0.0530121
0.64495	-0.0319717
0.644975	-0.0343095
0.645	-0.0265168
0.645025	-0.0335302
0.64505	-0.0522328
0.645075	-0.0397644
0.6451	-0.0826244
0.645125	-0.0732732
0.64515	0.00231631
0.645175	-0.075611
0.6452	-0.137953
0.645225	-0.139511
0.64525	-0.104444
0.645275	-0.0826244
0.6453	-0.00235933
0.645325	-0.0389852
0.64535	-0.0763903
0.645375	-0.0647012
0.6454	-0.0763903
0.645425	-0.0865208
0.64545	-0.0748317
0.645475	-0.0935343
0.6455	-0.0639219
0.645525	-0.041323
0.64555	-0.0491157
0.645575	-0.114575
0.6456	-0.0623633
0.645625	-0.0818452
0.64565	-0.0202826
0.645675	-0.00625569
0.6457	-0.0249582
0.645725	-0.0522328
0.64575	-0.0475572
0.645775	-0.0678183
0.6458	-0.0374266
0.645825	-0.0553499
0.64585	-0.0569084
0.645875	-0.0428815
0.6459	-0.0553499
0.645925	-0.0444401
0.64595	-0.0888586
0.645975	-0.049895
0.646	-0.0483364
0.646025	-0.0522328
0.64605	-0.0467779
0.646075	-0.00080078
0.6461	-0.0272961
0.646125	-0.0740524
0.64615	-0.0802866
0.646175	-0.0795074
0.6462	-0.067039
0.646225	-0.0732732
0.64625	-0.0958721
0.646275	-0.0514535
0.6463	-0.0288546
0.646325	-0.0685975
0.64635	-0.0834037
0.646375	-0.0911965
0.6464	-0.0989892
0.646425	-0.0787281
0.64645	-0.0561292
0.646475	-0.123926
0.6465	-0.0421023
0.646525	-0.0101521
0.64655	-0.092755
0.646575	-0.0763903
0.6466	-0.103665
0.646625	-0.0997685
0.64665	-0.0740524
0.646675	-0.0880794
0.6467	-0.0701561
0.646725	-0.00080078
0.64675	-0.0319717
0.646775	-0.0685975
0.6468	-0.0545706
0.646825	-0.0319717
0.64685	-0.0343095
0.646875	-0.0350888
0.6469	0.0179018
0.646925	-0.0210619
0.64695	-0.0662597
0.646975	-0.0834037
0.647	-0.0678183
0.647025	-0.0350888
0.64705	-0.0896379
0.647075	-0.0724939
0.6471	-0.0288546
0.647125	-0.0491157
0.64715	-0.0732732
0.647175	-0.0436608
0.6472	-0.0818452
0.647225	-0.105223
0.64725	-0.0779488
0.647275	-0.0436608
0.6473	-0.0210619
0.647325	-0.128602
0.64735	-0.100548
0.647375	-0.0748317
0.6474	-0.0873001
0.647425	-0.0265168
0.64745	-0.0865208
0.647475	-0.0514535
0.6475	-0.0795074
0.647525	-0.0592463
0.64755	-0.0569084
0.647575	-0.0358681
0.6476	-0.0397644
0.647625	-0.0444401
0.64765	-0.0459986
0.647675	-0.0763903
0.6477	-0.015607
0.647725	-0.0311924
0.64775	-0.109899
0.647775	-0.0132691
0.6478	-0.0537913
0.647825	-0.0397644
0.64785	-0.0561292
0.647875	-0.0358681
0.6479	-0.0615841
0.647925	-0.123147
0.64795	-0.0397644
0.647975	-0.0639219
0.648	-0.0763903
0.648025	-0.0553499
0.64805	-0.0117106
0.648075	-0.0249582
0.6481	-0.058467
0.648125	-0.0911965
0.64815	-0.0615841
0.648175	-0.0709354
0.6482	-0.015607
0.648225	-0.067039
0.64825	-0.0693768
0.648275	-0.084183
0.6483	-0.0592463
0.648325	-0.0647012
0.64835	-0.0522328
0.648375	-0.0522328
0.6484	-0.0491157
0.648425	-0.0226204
0.64845	-0.0132691
0.648475	0.000757766
0.6485	-0.0132691
0.648525	-0.0576877
0.64855	-0.049895
0.648575	-0.00469715
0.6486	-0.0358681
0.648625	-0.041323
0.64865	-0.0873001
0.648675	-0.0802866
0.6487	-0.0421023
0.648725	-0.0873001
0.64875	-0.14107
0.648775	-0.0818452
0.6488	-0.0647012
0.648825	-0.11925
0.64885	-0.0436608
0.648875	-0.0436608
0.6489	-0.0724939
0.648925	-0.0615841
0.64895	0.0116676
0.648975	-0.0615841
0.649	-0.0296339
0.649025	-0.0576877
0.64905	-0.102886
0.649075	-0.0514535
0.6491	-0.0459986
0.649125	-0.0561292
0.64915	-0.0966514
0.649175	-0.111458
0.6492	-0.12003
0.649225	-0.0615841
0.64925	-0.075611
0.649275	-0.024179
0.6493	-0.0569084
0.649325	-0.0818452
0.64935	-0.0974306
0.649375	-0.0615841
0.6494	-0.0678183
0.649425	-0.0382059
0.64945	-0.0561292
0.649475	-0.0530121
0.6495	-0.0382059
0.649525	-0.0748317
0.64955	-0.0226204
0.649575	-0.0210619
0.6496	-0.0576877
0.649625	-0.112237
0.64965	-0.0873001
0.649675	-0.058467
0.6497	-0.0343095
0.649725	-0.0701561
0.64975	-0.0935343
0.649775	-0.0732732
0.6498	-0.058467
0.649825	-0.0444401
0.64985	-0.0459986
0.649875	-0.0693768
0.6499	-0.0265168
0.649925	-0.0218412
0.64995	-0.0428815
0.649975	-0.0202826
0.65	-0.0748317
0.650025	-0.0452193
0.65005	-0.0491157
0.650075	-0.0483364
0.6501	0.00309559
0.650125	-0.0187241
0.65015	0.0280323
0.650175	-0.0148277
0.6502	-0.10912
0.650225	-0.0888586
0.65025	-0.0475572
0.650275	-0.00391787
0.6503	-0.0343095
0.650325	-0.0919757
0.65035	-0.0693768
0.650375	-0.0428815
0.6504	-0.112237
0.650425	-0.0896379
0.65045	-0.058467
0.650475	-0.0483364
0.6505	-0.0834037
0.650525	-0.0693768
0.65055	-0.00703496
0.650575	-0.00158005
0.6506	-0.0678183
0.650625	-0.0709354
0.65065	-0.0530121
0.650675	-0.0647012
0.6507	-0.0740524
0.650725	-0.137174
0.65075	-0.0561292
0.650775	-0.0576877
0.6508	-0.0732732
0.650825	-0.0849623
0.65085	-0.058467
0.650875	-0.0249582
0.6509	-0.0966514
0.650925	-0.0522328
0.65095	-0.16211
0.650975	-0.0904172
0.651	-0.0678183
0.651025	0.0054334
0.65105	-0.0405437
0.651075	-0.0904172
0.6511	-0.0771695
0.651125	-0.0304132
0.65115	-0.0265168
0.651175	-0.107561
0.6512	-0.106782
0.651225	-0.041323
0.65125	-0.049895
0.651275	-0.0296339
0.6513	-0.0873001
0.651325	-0.0483364
0.65135	-0.0537913
0.651375	-0.0880794
0.6514	-0.0997685
0.651425	-0.0389852
0.65145	-0.0163862
0.651475	-0.0233997
0.6515	-0.0615841
0.651525	-0.0600255
0.65155	-0.0561292
0.651575	-0.0343095
0.6516	-0.0732732
0.651625	-0.0873001
0.65165	-0.058467
0.651675	-0.0358681
0.6517	-0.0187241
0.651725	-0.0397644
0.65175	-0.0943135
0.651775	-0.0343095
0.6518	-0.111458
0.651825	-0.0374266
0.65185	-0.0195033
0.651875	-0.0608048
0.6519	-0.0522328
0.651925	0.0085505
0.65195	-0.0397644
0.651975	-0.00781424
0.652	-0.084183
0.652025	-0.102106
0.65205	-0.106782
0.652075	-0.0335302
0.6521	-0.0467779
0.652125	-0.0873001
0.65215	-0.0545706
0.652175	-0.0187241
0.6522	-0.109899
0.652225	-0.0654804
0.65225	-0.0911965
0.652275	-0.0319717
0.6523	-0.0195033
0.652325	-0.0163862
0.65235	-0.0873001
0.652375	-0.0350888
0.6524	-0.0319717
0.652425	-0.032751
0.65245	-0.0452193
0.652475	-0.0561292
0.6525	-0.0343095
0.652525	-0.0763903
0.65255	-0.0849623
0.652575	-0.0218412
0.6526	-0.0989892
0.652625	-0.0740524
0.65265	-0.103665
0.652675	-0.0989892
0.6527	-0.0366473
0.652725	-0.0569084
0.65275	-0.0421023
0.652775	-0.0452193
0.6528	-0.0280753
0.652825	0.0124469
0.65285	-0.049895
0.652875	-0.0389852
0.6529	0.0147847
0.652925	-0.0631426
0.65295	-0.114575
0.652975	-0.155876
0.653	-0.0553499
0.653025	-0.075611
0.65305	-0.0888586
0.653075	-0.0436608
0.6531	-0.0662597
0.653125	-0.0483364
0.65315	-0.0748317
0.653175	-0.10834
0.6532	-0.0763903
0.653225	0.00387486
0.65325	-0.0467779
0.653275	-0.0537913
0.6533	-0.0389852
0.653325	-0.0475572
0.65335	-0.0982099
0.653375	-0.0740524
0.6534	-0.0397644
0.653425	-0.0514535
0.65345	-0.0428815
0.653475	-0.049895
0.6535	-0.0459986
0.653525	-0.0272961
0.65355	-0.123926
0.653575	-0.0693768
0.6536	-0.0397644
0.653625	-0.0530121
0.65365	-0.0795074
0.653675	-0.0537913
0.6537	-0.0366473
0.653725	-0.00158005
0.65375	-0.0148277
0.653775	-0.0491157
0.6538	-0.0857415
0.653825	-0.0358681
0.65385	-0.0187241
0.653875	-0.0608048
0.6539	-0.0592463
0.653925	-0.0272961
0.65395	-0.0639219
0.653975	-0.0904172
0.654	-0.0654804
0.654025	-0.058467
0.65405	-0.0506743
0.654075	-0.0506743
0.6541	-0.0639219
0.654125	-0.106003
0.65415	-0.0374266
0.654175	-0.0569084
0.6542	-0.0537913
0.654225	-0.0787281
0.65425	-0.0709354
0.654275	-0.0740524
0.6543	-0.0280753
0.654325	-0.109899
0.65435	-0.106782
0.654375	-0.143408
0.6544	-0.0810659
0.654425	-0.0514535
0.65445	-0.105223
0.654475	-0.124705
0.6545	-0.111458
0.654525	-0.067039
0.65455	-0.113795
0.654575	-0.0896379
0.6546	-0.0810659
0.654625	-0.0288546
0.65465	-0.0553499
0.654675	-0.138732
0.6547	-0.058467
0.654725	-0.0506743
0.65475	-0.109899
0.654775	-0.0459986
0.6548	-0.0249582
0.654825	-0.0389852
0.65485	-0.0483364
0.654875	-0.0771695
0.6549	-0.049895
0.654925	-0.0405437
0.65495	-0.0522328
0.654975	-0.0218412
0.655	-0.0382059
0.655025	-0.0233997
0.65505	-0.0358681
0.655075	-0.0319717
0.6551	-0.0545706
0.655125	-0.0724939
0.65515	-0.0272961
0.655175	-0.0179448
0.6552	-0.0233997
0.655225	-0.0140484
0.65525	-0.0904172
0.655275	-0.0608048
0.6553	-0.129381
0.655325	-0.147304
0.65535	-0.0537913
0.655375	-0.0911965
0.6554	-0.0428815
0.655425	-0.0249582
0.65545	-0.0335302
0.655475	-0.0615841
0.6555	-0.0421023
0.655525	-0.0966514
0.65555	-0.0732732
0.655575	-0.0304132
0.6556	-0.0444401
0.655625	-0.0966514
0.65565	-0.0452193
0.655675	-0.0421023
0.6557	-0.0249582
0.655725	-0.0639219
0.65575	-0.032751
0.655775	-0.0296339
0.6558	-0.0421023
0.655825	-0.024179
0.65585	-0.0459986
0.655875	-0.0428815
0.6559	-0.131719
0.655925	-0.128602
0.65595	-0.0428815
0.655975	-0.0802866
0.656	-0.0522328
0.656025	-0.0124899
0.65605	-0.0561292
0.656075	-0.0226204
0.6561	-0.0475572
0.656125	-0.0506743
0.65615	-0.024179
0.656175	-0.0436608
0.6562	-0.0366473
0.656225	-0.0366473
0.65625	-0.0187241
0.656275	-0.0997685
0.6563	-0.0943135
0.656325	-0.0748317
0.65635	-0.0888586
0.656375	-0.075611
0.6564	-0.0826244
0.656425	-0.0966514
0.65645	-0.127822
0.656475	-0.0530121
0.6565	-0.049895
0.656525	-0.075611
0.65655	-0.0491157
0.656575	-0.058467
0.6566	-0.0343095
0.656625	-0.0366473
0.65665	-0.0483364
0.656675	-0.0304132
0.6567	-0.032751
0.656725	-0.0904172
0.65675	-0.116133
0.656775	-0.0654804
0.6568	-0.0483364
0.656825	-0.067039
0.65685	-0.142628
0.656875	-0.0740524
0.6569	-0.0265168
0.656925	-0.0109313
0.65695	-0.0475572
0.656975	-0.0179448
0.657	-0.0397644
0.657025	-0.0311924
0.65705	-0.0763903
0.657075	-0.0615841
0.6571	-0.0849623
0.657125	-0.0810659
0.65715	-0.058467
0.657175	-0.0179448
0.6572	-0.0530121
0.657225	-0.103665
0.65725	-0.0257375
0.657275	-0.0233997
0.6573	-0.0506743
0.657325	-0.0428815
0.65735	-0.0553499
0.657375	-0.00625569
0.6574	-0.0288546
0.657425	-0.0163862
0.65745	-0.0943135
0.657475	-0.0530121
0.6575	-0.0233997
0.657525	-0.049895
0.65755	-0.0226204
0.657575	-0.0335302
0.6576	-0.0514535
0.657625	-0.0834037
0.65765	-0.0919757
0.657675	-0.0834037
0.6577	-0.0319717
0.657725	-0.0382059
0.65775	-0.0654804
0.657775	-0.116133
0.6578	-0.142628
0.657825	-0.10912
0.65785	-0.075611
0.657875	-0.0911965
0.6579	-0.104444
0.657925	-0.0592463
0.65795	-0.0569084
0.657975	-0.0514535
0.658	-0.0740524
0.658025	-0.0421023
0.65805	-0.0608048
0.658075	-0.0631426
0.6581	-0.0685975
0.658125	-0.0358681
0.65815	-0.084183
0.658175	-0.0576877
0.6582	-0.0810659
0.658225	-0.0343095
0.65825	-0.0265168
0.658275	-0.0405437
0.6583	-0.0701561
0.658325	-0.0389852
0.65835	-0.107561
0.658375	-0.0608048
0.6584	-0.0600255
0.658425	-0.0654804
0.65845	-0.0514535
0.658475	-0.049895
0.6585	-0.0272961
0.658525	-0.0592463
0.65855	-0.0467779
0.658575	-0.0763903
0.6586	-0.0265168
0.658625	-0.00158005
0.65865	-0.0343095
0.658675	-0.0904172
0.6587	-0.067039
0.658725	-0.0865208
0.65875	-0.024179
0.658775	0.0108883
0.6588	-0.0389852
0.658825	-0.0678183
0.65885	-0.0530121
0.658875	-0.135615
0.6589	-0.0545706
0.658925	-0.0787281
0.65895	-0.0537913
0.658975	-0.0491157
0.659	-0.0179448
0.659025	-0.0888586
0.65905	-0.100548
0.659075	-0.0818452
0.6591	-0.0530121
0.659125	-0.0561292
0.65915	-0.0639219
0.659175	-0.0319717
0.6592	-0.024179
0.659225	-0.0358681
0.65925	-0.0374266
0.659275	-0.0561292
0.6593	-0.0311924
0.659325	-0.0748317
0.65935	-0.0444401
0.659375	-0.0693768
0.6594	-0.10834
0.659425	-0.0958721
0.65945	-0.0647012
0.659475	-0.0483364
0.6595	-0.0491157
0.659525	-0.0639219
0.65955	-0.0615841
0.659575	-0.0530121
0.6596	-0.0623633
0.659625	-0.0826244
0.65965	-0.0249582
0.659675	-0.0608048
0.6597	-0.0397644
0.659725	-0.0467779
0.65975	-0.0865208
0.659775	-0.133277
0.6598	-0.0935343
0.659825	-0.0763903
0.65985	-0.0428815
0.659875	-0.0343095
0.6599	-0.0709354
0.659925	-0.0319717
0.65995	-0.0732732
0.659975	-0.0935343
0.66	-0.0187241
0.660025	0.000757766
0.66005	-0.0233997
0.660075	-0.0569084
0.6601	-0.115354
0.660125	-0.0919757
0.66015	-0.106782
0.660175	-0.0748317
0.6602	-0.00391787
0.660225	-0.0031386
0.66025	-0.0662597
0.660275	-0.0124899
0.6603	-0.00781424
0.660325	-0.0678183
0.66035	-0.0553499
0.660375	-0.0950928
0.6604	-0.0732732
0.660425	-0.0989892
0.66045	-0.0740524
0.660475	-0.0179448
0.6605	-0.0171655
0.660525	-0.102886
0.66055	-0.0647012
0.660575	-0.0444401
0.6606	-0.058467
0.660625	-0.058467
0.66065	-0.0343095
0.660675	-0.084183
0.6607	-0.0530121
0.660725	-0.0639219
0.66075	-0.0265168
0.660775	-0.0382059
0.6608	-0.0350888
0.660825	-0.0615841
0.66085	-0.0701561
0.660875	-0.0569084
0.6609	-0.0857415
0.660925	-0.0506743
0.66095	-0.0724939
0.660975	-0.150421
0.661	-0.0896379
0.661025	-0.0592463
0.66105	-0.0896379
0.661075	-0.0421023
0.6611	-0.0834037
0.661125	-0.0319717
0.66115	-0.00235933
0.661175	-0.0296339
0.6612	-0.0553499
0.661225	-0.0452193
0.66125	-0.14107
0.661275	-0.0631426
0.6613	-0.0569084
0.661325	-0.0124899
0.66135	-0.00469715
0.661375	-0.114575
0.6614	-0.0600255
0.661425	-0.0569084
0.66145	-0.0467779
0.661475	-0.0350888
0.6615	-0.0405437
0.661525	-0.0452193
0.66155	-0.0319717
0.661575	-0.0678183
0.6616	-0.0467779
0.661625	-0.0117106
0.66165	-0.0491157
0.661675	-0.0709354
0.6617	-0.0685975
0.661725	-0.058467
0.66175	-0.0280753
0.661775	-0.0467779
0.6618	-0.124705
0.661825	-0.0888586
0.66185	-0.0288546
0.661875	-0.049895
0.6619	-0.0459986
0.661925	0.00932977
0.66195	-0.0553499
0.661975	-0.0475572
0.662	-0.0950928
0.662025	-0.0779488
0.66205	-0.0545706
0.662075	-0.0834037
0.6621	-0.0615841
0.662125	-0.0787281
0.66215	-0.0358681
0.662175	0.00231631
0.6622	-0.0631426
0.662225	-0.105223
0.66225	-0.0748317
0.662275	-0.0475572
0.6623	-0.0802866
0.662325	-0.067039
0.66235	-0.0724939
0.662375	-0.0732732
0.6624	-0.0537913
0.662425	-0.0421023
0.66245	-0.101327
0.662475	-0.100548
0.6625	-0.0335302
0.662525	-0.0475572
0.66255	-0.0288546
0.662575	-0.0491157
0.6626	-0.00781424
0.662625	-0.0569084
0.66265	-0.0608048
0.662675	-0.0491157
0.6627	-0.0421023
0.662725	-0.0350888
0.66275	-0.0483364
0.662775	-0.0779488
0.6628	-0.0717146
0.662825	-0.067039
0.66285	-0.084183
0.662875	-0.0873001
0.6629	-0.130939
0.662925	-0.0865208
0.66295	-0.0950928
0.662975	-0.0272961
0.663	-0.0382059
0.663025	-0.0935343
0.66305	-0.0771695
0.663075	-0.0950928
0.6631	-0.0911965
0.663125	-0.137953
0.66315	-0.0810659
0.663175	-0.0569084
0.6632	-0.0989892
0.663225	-0.0615841
0.66325	-0.0701561
0.663275	-0.0311924
0.6633	-0.0389852
0.663325	-0.0335302
0.66335	-0.0717146
0.663375	-0.0140484
0.6634	-0.0459986
0.663425	-0.0522328
0.66345	-0.0826244
0.663475	-0.0826244
0.6635	-0.092755
0.663525	-0.0576877
0.66355	-0.0124899
0.663575	-0.0249582
0.6636	-0.0561292
0.663625	-0.0218412
0.66365	-0.0615841
0.663675	-0.116133
0.6637	-0.0950928
0.663725	-0.0101521
0.66375	-0.0350888
0.663775	-0.0740524
0.6638	-0.0576877
0.663825	-0.0288546
0.66385	-0.0374266
0.663875	-0.0506743
0.6639	-0.0982099
0.663925	-0.0717146
0.66395	-0.0319717
0.663975	-0.0405437
0.664	-0.0350888
0.664025	-0.0202826
0.66405	-0.0226204
0.664075	-0.0592463
0.6641	-0.113016
0.664125	-0.0350888
0.66415	-0.0366473
0.664175	-0.0802866
0.6642	-0.0537913
0.664225	-0.0358681
0.66425	-0.0366473
0.664275	-0.0553499
0.6643	-0.0997685
0.664325	-0.0857415
0.66435	-0.0662597
0.664375	-0.058467
0.6644	-0.0974306
0.664425	-0.0826244
0.66445	-0.024179
0.664475	-0.0880794
0.6645	-0.0662597
0.664525	-0.0350888
0.66455	-0.049895
0.664575	-0.0561292
0.6646	-0.092755
0.664625	-0.0958721
0.66465	-0.0553499
0.664675	-0.0514535
0.6647	-0.0421023
0.664725	-0.0530121
0.66475	-0.0397644
0.664775	-0.0421023
0.6648	-0.0475572
0.664825	-0.0358681
0.66485	-0.0483364
0.664875	-0.0483364
0.6649	-0.0475572
0.664925	-0.0678183
0.66495	-0.0483364
0.664975	-0.0467779
0.665	-0.0452193
0.665025	-0.0576877
0.66505	-0.0600255
0.665075	-0.0257375
0.6651	-0.0265168
0.665125	-0.0218412
0.66515	-0.0428815
0.665175	-0.0717146
0.6652	-0.0950928
0.665225	0.00231631
0.66525	-0.0795074
0.665275	-0.0576877
0.6653	-0.106782
0.665325	-0.0989892
0.66535	-0.0436608
0.665375	-0.0343095
0.6654	-0.075611
0.665425	-0.0124899
0.66545	-0.0911965
0.665475	-0.0763903
0.6655	-0.00937278
0.665525	-0.0397644
0.66555	-0.0514535
0.665575	-0.0421023
0.6656	-0.0763903
0.665625	-0.0530121
0.66565	-0.109899
0.665675	-0.0779488
0.6657	-0.032751
0.665725	-0.0358681
0.66575	-0.0740524
0.665775	-0.0389852
0.6658	0.00777122
0.665825	-0.0771695
0.66585	-0.107561
0.665875	-0.10912
0.6659	-0.049895
0.665925	-0.0374266
0.66595	-0.0257375
0.665975	-0.015607
0.666	-0.0530121
0.666025	-0.0421023
0.66605	-0.0366473
0.666075	-0.11925
0.6661	-0.134836
0.666125	-0.0997685
0.66615	-0.0639219
0.666175	-0.0600255
0.6662	-0.0514535
0.666225	-0.0608048
0.66625	-0.058467
0.666275	-0.0288546
0.6663	-0.0358681
0.666325	-0.0662597
0.66635	-0.0615841
0.666375	-0.0195033
0.6664	-0.0919757
0.666425	-0.0615841
0.66645	-0.0491157
0.666475	-0.0662597
0.6665	-0.0444401
0.666525	-0.120809
0.66655	-0.0709354
0.666575	-0.0257375
0.6666	-0.0109313
0.666625	-0.0187241
0.66665	-0.0467779
0.666675	-0.0561292
0.6667	-0.0428815
0.666725	0.0054334
0.66675	-0.0444401
0.666775	-0.0335302
0.6668	-0.00080078
0.666825	-0.0802866
0.66685	-0.134836
0.666875	-0.181592
0.6669	-0.0623633
0.666925	-0.049895
0.66695	-0.0350888
0.666975	-0.0662597
0.667	-0.0904172
0.667025	-0.0545706
0.66705	-0.049895
0.667075	-0.0452193
0.6671	-0.032751
0.667125	-0.0195033
0.66715	-0.0989892
0.667175	-0.0701561
0.6672	-0.0701561
0.667225	-0.0514535
0.66725	-0.0631426
0.667275	-0.067039
0.6673	-0.0880794
0.667325	-0.0187241
0.66735	-0.0280753
0.667375	0.0147847
0.6674	-0.00937278
0.667425	-0.0467779
0.66745	-0.0600255
0.667475	-0.112237
0.6675	-0.10912
0.667525	-0.124705
0.66755	-0.125484
0.667575	-0.0569084
0.6676	-0.126264
0.667625	-0.0397644
0.66765	-0.0553499
0.667675	-0.0615841
0.6677	-0.00547642
0.667725	-0.024179
0.66775	-0.058467
0.667775	-0.0031386
0.6678	-0.0335302
0.667825	-0.0218412
0.66785	-0.0288546
0.667875	-0.0374266
0.6679	-0.0615841
0.667925	-0.103665
0.66795	-0.0335302
0.667975	-0.0530121
0.668	-0.067039
0.668025	-0.106003
0.66805	-0.0382059
0.668075	-0.0522328
0.6681	-0.0709354
0.668125	-0.049895
0.66815	-0.0350888
0.668175	-0.0506743
0.6682	-0.0787281
0.668225	-0.0319717
0.66825	-0.0350888
0.668275	-0.0249582
0.6683	-0.075611
0.668325	-0.0545706
0.66835	-0.0397644
0.668375	-0.0311924
0.6684	-0.0545706
0.668425	-0.103665
0.66845	-0.084183
0.668475	-0.0647012
0.6685	-0.084183
0.668525	-0.0623633
0.66855	-0.0654804
0.668575	-0.0943135
0.6686	-0.0537913
0.668625	-0.0522328
0.66865	-0.0132691
0.668675	-0.0631426
0.6687	-0.0826244
0.668725	-0.0576877
0.66875	-0.146525
0.668775	-0.0865208
0.6688	-0.0514535
0.668825	-0.0662597
0.66885	-0.0428815
0.668875	-0.0717146
0.6689	-0.0350888
0.668925	-0.0522328
0.66895	-0.0709354
0.668975	-0.0195033
0.669	-0.0428815
0.669025	-0.0639219
0.66905	-0.0358681
0.669075	-0.0553499
0.6691	-0.0826244
0.669125	-0.0304132
0.66915	-0.015607
0.669175	-0.0880794
0.6692	-0.0343095
0.669225	-0.058467
0.66925	-0.0530121
0.669275	-0.0974306
0.6693	-0.0654804
0.669325	-0.0311924
0.66935	-0.0491157
0.669375	-0.0569084
0.6694	-0.105223
0.669425	-0.0553499
0.66945	-0.0506743
0.669475	-0.0233997
0.6695	-0.0467779
0.669525	-0.049895
0.66955	-0.0421023
0.669575	-0.0553499
0.6696	-0.0615841
0.669625	-0.0771695
0.66965	-0.0685975
0.669675	-0.067039
0.6697	-0.144966
0.669725	-0.067039
0.66975	-0.0654804
0.669775	-0.0545706
0.6698	-0.0436608
0.669825	-0.0763903
0.66985	-0.0452193
0.669875	-0.0249582
0.6699	-0.0592463
0.669925	-0.0202826
0.66995	-0.0428815
0.669975	-0.0459986
0.67	0.018681
0.670025	-0.0818452
0.67005	-0.0857415
0.670075	-0.0257375
0.6701	-0.0366473
0.670125	-0.0709354
0.67015	-0.0701561
0.670175	-0.0530121
0.6702	-0.0763903
0.670225	-0.0615841
0.67025	-0.0561292
0.670275	-0.0491157
0.6703	-0.121588
0.670325	-0.0537913
0.67035	-0.0779488
0.670375	-0.0257375
0.6704	-0.00469715
0.670425	-0.049895
0.67045	-0.0896379
0.670475	-0.0678183
0.6705	-0.0405437
0.670525	-0.0265168
0.67055	-0.0343095
0.670575	-0.0436608
0.6706	-0.0654804
0.670625	-0.0717146
0.67065	-0.0810659
0.670675	-0.0919757
0.6707	-0.0475572
0.670725	-0.0179448
0.67075	-0.0709354
0.670775	-0.0974306
0.6708	-0.0943135
0.670825	-0.0802866
0.67085	-0.124705
0.670875	-0.0818452
0.6709	-0.0919757
0.670925	-0.0717146
0.67095	-0.0561292
0.670975	-0.12003
0.671	-0.0826244
0.671025	-0.0763903
0.67105	-0.0623633
0.671075	-0.0732732
0.6711	-0.0802866
0.671125	-0.0545706
0.67115	-0.0233997
0.671175	-0.0421023
0.6712	-0.113016
0.671225	-0.067039
0.67125	-0.0436608
0.671275	-0.0397644
0.6713	-0.0202826
0.671325	-0.041323
0.67135	-0.0966514
0.671375	-0.0117106
0.6714	-0.0202826
0.671425	-0.00781424
0.67145	-0.0608048
0.671475	-0.107561
0.6715	-0.122367
0.671525	-0.00625569
0.67155	-0.0366473
0.671575	-0.041323
0.6716	-0.0421023
0.671625	-0.0810659
0.67165	-0.0701561
0.671675	-0.0358681
0.6717	-0.0109313
0.671725	-0.0179448
0.67175	-0.0545706
0.671775	-0.0397644
0.6718	-0.0483364
0.671825	-0.0514535
0.67185	-0.0148277
0.671875	-0.0553499
0.6719	-0.0530121
0.671925	-0.0187241
0.67195	-0.0849623
0.671975	-0.0569084
0.672	-0.0397644
0.672025	-0.14107
0.67205	-0.104444
0.672075	-0.0280753
0.6721	-0.110678
0.672125	-0.0974306
0.67215	-0.0475572
0.672175	-0.0608048
0.6722	-0.100548
0.672225	-0.0647012
0.67225	-0.0148277
0.672275	-0.0124899
0.6723	-0.115354
0.672325	-0.0569084
0.67235	-0.0569084
0.672375	-0.0459986
0.6724	-0.0880794
0.672425	-0.084183
0.67245	-0.067039
0.672475	-0.0389852
0.6725	0.00387486
0.672525	-0.0537913
0.67255	-0.0491157
0.672575	-0.0810659
0.6726	-0.067039
0.672625	-0.0896379
0.67265	-0.0693768
0.672675	-0.0576877
0.6727	-0.0873001
0.672725	-0.0880794
0.67275	-0.0966514
0.672775	-0.0569084
0.6728	-0.0382059
0.672825	-0.0374266
0.67285	-0.0608048
0.672875	-0.0576877
0.6729	-0.0896379
0.672925	-0.0553499
0.67295	-0.0537913
0.672975	-0.101327
0.673	-0.0654804
0.673025	-0.0179448
0.67305	-0.00080078
0.673075	-0.0148277
0.6731	-0.0576877
0.673125	-0.0748317
0.67315	-0.0763903
0.673175	-0.0631426
0.6732	-0.0148277
0.673225	-0.0849623
0.67325	-0.106003
0.673275	-0.11925
0.6733	-0.0592463
0.673325	-0.0265168
0.67335	-0.0210619
0.673375	0.00699195
0.6734	-0.0467779
0.673425	-0.10912
0.67345	-0.0724939
0.673475	-0.0615841
0.6735	-0.0506743
0.673525	-0.0717146
0.67355	-0.0732732
0.673575	-0.0233997
0.6736	-0.0483364
0.673625	-0.0444401
0.67365	-0.0732732
0.673675	-0.0405437
0.6737	-0.0717146
0.673725	-0.0452193
0.67375	0.00465413
0.673775	0.00309559
0.6738	-0.0132691
0.673825	-0.0265168
0.67385	-0.0997685
0.673875	-0.0132691
0.6739	-0.0226204
0.673925	-0.0475572
0.67395	-0.0989892
0.673975	-0.0935343
0.674	-0.10834
0.674025	-0.0989892
0.67405	-0.0935343
0.674075	-0.0592463
0.6741	-0.0592463
0.674125	-0.0826244
0.67415	-0.0530121
0.674175	-0.0304132
0.6742	-0.0397644
0.674225	-0.0779488
0.67425	-0.0452193
0.674275	-0.0810659
0.6743	0.00309559
0.674325	-0.0475572
0.67435	-0.0896379
0.674375	-0.092755
0.6744	-0.0530121
0.674425	-0.0280753
0.67445	-0.0171655
0.674475	-0.0740524
0.6745	-0.0428815
0.674525	-0.0202826
0.67455	-0.032751
0.674575	-0.0685975
0.6746	-0.0553499
0.674625	-0.0693768
0.67465	-0.0709354
0.674675	-0.0374266
0.6747	-0.0826244
0.674725	-0.131719
0.67475	-0.0631426
0.674775	-0.0771695
0.6748	-0.114575
0.674825	-0.0553499
0.67485	-0.049895
0.674875	-0.041323
0.6749	-0.0397644
0.674925	-0.0374266
0.67495	-0.0569084
0.674975	-0.0436608
0.675	-0.128602
0.675025	-0.0569084
0.67505	-0.0459986
0.675075	-0.0358681
0.6751	-0.0179448
0.675125	-0.0163862
0.67515	-0.0911965
0.675175	-0.0818452
0.6752	-0.110678
0.675225	-0.0467779
0.67525	-0.0654804
0.675275	-0.0561292
0.6753	-0.0514535
0.675325	-0.0569084
0.67535	-0.0257375
0.675375	-0.032751
0.6754	-0.0358681
0.675425	-0.0693768
0.67545	-0.0421023
0.675475	-0.0685975
0.6755	-0.0943135
0.675525	-0.0452193
0.67555	0.00932977
0.675575	-0.0163862
0.6756	-0.0358681
0.675625	-0.0405437
0.67565	-0.0810659
0.675675	-0.10912
0.6757	-0.0514535
0.675725	-0.0693768
0.67575	-0.0997685
0.675775	-0.115354
0.6758	-0.0904172
0.675825	-0.0787281
0.67585	-0.109899
0.675875	-0.0608048
0.6759	-0.0459986
0.675925	-0.0826244
0.67595	-0.0467779
0.675975	-0.0280753
0.676	-0.0514535
0.676025	0.00153704
0.67605	-0.0810659
0.676075	-0.0389852
0.6761	-0.0678183
0.676125	-0.0405437
0.67615	-0.0366473
0.676175	-0.0288546
0.6762	-0.0233997
0.676225	-0.0491157
0.67625	-0.041323
0.676275	-0.0787281
0.6763	-0.0763903
0.676325	-0.0818452
0.67635	-0.0311924
0.676375	-0.0561292
0.6764	-0.0608048
0.676425	-0.0724939
0.67645	-0.0935343
0.676475	-0.0545706
0.6765	-0.0600255
0.676525	-0.0989892
0.67655	-0.0530121
0.676575	-0.0763903
0.6766	-0.0701561
0.676625	-0.0904172
0.67665	-0.0233997
0.676675	-0.0685975
0.6767	-0.0615841
0.676725	-0.0491157
0.67675	-0.0428815
0.676775	-0.0537913
0.6768	-0.0350888
0.676825	-0.00080078
0.67685	-0.0335302
0.676875	-0.067039
0.6769	-0.0997685
0.676925	-0.0623633
0.67695	-0.0865208
0.676975	-0.0600255
0.677	-0.0171655
0.677025	-0.0678183
0.67705	-0.123926
0.677075	-0.0810659
0.6771	-0.0537913
0.677125	-0.0444401
0.67715	-0.0576877
0.677175	-0.0919757
0.6772	-0.0771695
0.677225	-0.049895
0.67725	-0.058467
0.677275	-0.0740524
0.6773	-0.0631426
0.677325	-0.0280753
0.67735	-0.067039
0.677375	-0.0748317
0.6774	-0.0265168
0.677425	-0.0109313
0.67745	-0.0382059
0.677475	-0.0436608
0.6775	-0.0475572
0.677525	-0.0491157
0.67755	-0.0810659
0.677575	-0.0896379
0.6776	-0.0537913
0.677625	-0.00547642
0.67765	0.0147847
0.677675	-0.0171655
0.6777	-0.067039
0.677725	-0.0904172
0.67775	-0.0724939
0.677775	-0.0537913
0.6778	-0.0787281
0.677825	-0.0958721
0.67785	-0.118471
0.677875	-0.0530121
0.6779	-0.0171655
0.677925	-0.0459986
0.67795	-0.0880794
0.677975	-0.0896379
0.678	-0.049895
0.678025	-0.0647012
0.67805	-0.0483364
0.678075	-0.0709354
0.6781	-0.0195033
0.678125	-0.0436608
0.67815	-0.0537913
0.678175	-0.0693768
0.6782	-0.0849623
0.678225	-0.0748317
0.67825	-0.0802866
0.678275	-0.0826244
0.6783	-0.0272961
0.678325	-0.0685975
0.67835	-0.0678183
0.678375	-0.0911965
0.6784	-0.0553499
0.678425	-0.0218412
0.67845	0.0124469
0.678475	-0.0288546
0.6785	-0.0343095
0.678525	-0.0740524
0.67855	-0.049895
0.678575	-0.0405437
0.6786	-0.0880794
0.678625	-0.092755
0.67865	-0.0810659
0.678675	-0.075611
0.6787	-0.0623633
0.678725	-0.0491157
0.67875	0.0085505
0.678775	-0.0647012
0.6788	-0.0748317
0.678825	-0.0358681
0.67885	-0.0950928
0.678875	-0.0865208
0.6789	-0.105223
0.678925	-0.0436608
0.67895	-0.0210619
0.678975	-0.106003
0.679	-0.067039
0.679025	-0.0701561
0.67905	-0.0233997
0.679075	-0.0787281
0.6791	-0.116133
0.679125	-0.0475572
0.67915	-0.0436608
0.679175	-0.0904172
0.6792	-0.0693768
0.679225	-0.0810659
0.67925	-0.0319717
0.679275	-0.0779488
0.6793	-0.0382059
0.679325	-0.0662597
0.67935	-0.0950928
0.679375	-0.0569084
0.6794	-0.0935343
0.679425	-0.0530121
0.67945	-0.0288546
0.679475	-0.0288546
0.6795	-0.0600255
0.679525	-0.0202826
0.67955	-0.0179448
0.679575	-0.0771695
0.6796	-0.0452193
0.679625	-0.0615841
0.67965	-0.0654804
0.679675	-0.0592463
0.6797	-0.0195033
0.679725	-0.092755
0.67975	-0.0740524
0.679775	-0.0350888
0.6798	0.0124469
0.679825	-0.00547642
0.67985	-0.0483364
0.679875	-0.100548
0.6799	-0.116133
0.679925	-0.0421023
0.67995	-0.0537913
0.679975	-0.116912
0.68	-0.0857415
0.680025	-0.0304132
0.68005	-0.0288546
0.680075	-0.0467779
0.6801	-0.024179
0.680125	-0.00235933
0.68015	-0.0202826
0.680175	-0.0358681
0.6802	-0.0989892
0.680225	-0.117692
0.68025	-0.116912
0.680275	-0.0997685
0.6803	-0.075611
0.680325	-0.0826244
0.68035	-0.0709354
0.680375	-0.0553499
0.6804	-0.100548
0.680425	-0.0296339
0.68045	-0.032751
0.680475	-0.0600255
0.6805	-0.049895
0.680525	-0.0304132
0.68055	-0.0350888
0.680575	-0.0436608
0.6806	-0.0685975
0.680625	-0.0358681
0.68065	-0.0382059
0.680675	-0.067039
0.6807	-0.0748317
0.680725	-0.100548
0.68075	-0.0475572
0.680775	-0.00625569
0.6808	-0.0304132
0.680825	-0.0701561
0.68085	-0.0350888
0.680875	-0.0343095
0.6809	-0.0514535
0.680925	-0.0553499
0.68095	-0.0226204
0.680975	0.000757766
0.681	-0.0662597
0.681025	-0.058467
0.68105	-0.0834037
0.681075	-0.0654804
0.6811	-0.0343095
0.681125	-0.0608048
0.68115	-0.0693768
0.681175	-0.0514535
0.6812	-0.0124899
0.681225	-0.0343095
0.68125	-0.102886
0.681275	-0.0763903
0.6813	-0.0569084
0.681325	-0.0522328
0.68135	-0.0483364
0.681375	-0.0467779
0.6814	0.000757766
0.681425	-0.0405437
0.68145	-0.0569084
0.681475	-0.113016
0.6815	-0.067039
0.681525	-0.024179
0.68155	-0.0849623
0.681575	-0.0522328
0.6816	-0.0717146
0.681625	-0.084183
0.68165	-0.00781424
0.681675	-0.0709354
0.6817	-0.106003
0.681725	-0.0701561
0.68175	-0.015607
0.681775	-0.0444401
0.6818	-0.100548
0.681825	-0.0491157
0.68185	-0.0802866
0.681875	-0.0989892
0.6819	-0.0561292
0.681925	-0.0514535
0.68195	-0.0888586
0.681975	-0.0982099
0.682	-0.0600255
0.682025	-0.0428815
0.68205	-0.0124899
0.682075	-0.0233997
0.6821	-0.092755
0.682125	-0.0935343
0.68215	-0.0966514
0.682175	-0.0787281
0.6822	-0.0748317
0.682225	-0.0280753
0.68225	-0.0678183
0.682275	-0.0724939
0.6823	-0.067039
0.682325	-0.0389852
0.68235	-0.015607
0.682375	-0.0358681
0.6824	0.00231631
0.682425	-0.0475572
0.68245	-0.0818452
0.682475	-0.0647012
0.6825	-0.0779488
0.682525	-0.11925
0.68255	-0.0724939
0.682575	-0.0834037
0.6826	-0.067039
0.682625	-0.0382059
0.68265	-0.0366473
0.682675	-0.0545706
0.6827	-0.0717146
0.682725	-0.113795
0.68275	-0.144966
0.682775	-0.104444
0.6828	-0.092755
0.682825	-0.0436608
0.68285	-0.0187241
0.682875	-0.0319717
0.6829	-0.0265168
0.682925	-0.0233997
0.68295	-0.075611
0.682975	-0.0724939
0.683	-0.0358681
0.683025	-0.0288546
0.68305	-0.0608048
0.683075	-0.115354
0.6831	-0.0849623
0.683125	-0.0031386
0.68315	-0.0491157
0.683175	-0.0530121
0.6832	-0.0233997
0.683225	-0.00391787
0.68325	-0.0537913
0.683275	-0.0467779
0.6833	-0.0382059
0.683325	-0.0366473
0.68335	-0.0358681
0.683375	-0.067039
0.6834	-0.0724939
0.683425	-0.0724939
0.68345	-0.0911965
0.683475	-0.058467
0.6835	-0.0654804
0.683525	-0.0553499
0.68355	-0.0187241
0.683575	-0.0904172
0.6836	-0.0818452
0.683625	-0.0397644
0.68365	-0.0647012
0.683675	-0.0319717
0.6837	-0.041323
0.683725	-0.0187241
0.68375	-0.0249582
0.683775	-0.084183
0.6838	-0.0989892
0.683825	-0.0771695
0.68385	-0.0623633
0.683875	-0.0179448
0.6839	-0.0428815
0.683925	-0.0514535
0.68395	-0.0506743
0.683975	-0.058467
0.684	-0.0530121
0.684025	-0.075611
0.68405	-0.110678
0.684075	-0.0748317
0.6841	-0.0818452
0.684125	-0.0732732
0.68415	-0.0397644
0.684175	-0.0857415
0.6842	-0.0834037
0.684225	-0.0280753
0.68425	-0.11925
0.684275	-0.0459986
0.6843	-0.0724939
0.684325	-0.0537913
0.68435	-0.0475572
0.684375	-0.0195033
0.6844	-0.0218412
0.684425	-0.0202826
0.68445	-0.0685975
0.684475	-0.0826244
0.6845	-0.0701561
0.684525	-0.0701561
0.68455	-0.0576877
0.684575	-0.058467
0.6846	-0.0506743
0.684625	-0.0685975
0.68465	-0.0195033
0.684675	-0.0873001
0.6847	-0.0366473
0.684725	-0.0600255
0.68475	-0.0350888
0.684775	-0.0615841
0.6848	-0.0631426
0.684825	-0.0459986
0.68485	-0.0592463
0.684875	-0.0732732
0.6849	-0.00080078
0.684925	-0.0576877
0.68495	-0.0343095
0.684975	-0.0771695
0.685	-0.0732732
0.685025	-0.0615841
0.68505	-0.032751
0.685075	-0.0311924
0.6851	-0.135615
0.685125	-0.0335302
0.68515	-0.058467
0.685175	-0.0896379
0.6852	-0.0491157
0.685225	-0.0491157
0.68525	-0.0257375
0.685275	-0.0265168
0.6853	-0.0436608
0.685325	-0.0436608
0.68535	-0.0592463
0.685375	-0.0311924
0.6854	-0.0553499
0.685425	-0.0717146
0.68545	-0.0350888
0.685475	-0.0514535
0.6855	-0.058467
0.685525	-0.0748317
0.68555	-0.084183
0.685575	-0.0631426
0.6856	-0.10912
0.685625	-0.0810659
0.68565	-0.138732
0.685675	-0.0919757
0.6857	-0.0561292
0.685725	-0.0662597
0.68575	-0.0514535
0.685775	-0.0257375
0.6858	-0.0257375
0.685825	-0.0997685
0.68585	-0.0576877
0.685875	-0.0233997
0.6859	-0.075611
0.685925	-0.0421023
0.68595	-0.0257375
0.685975	-0.0288546
0.686	-0.106782
0.686025	-0.102886
0.68605	-0.0662597
0.686075	-0.0701561
0.6861	-0.0514535
0.686125	-0.0732732
0.68615	-0.0623633
0.686175	-0.0475572
0.6862	-0.0249582
0.686225	-0.0491157
0.68625	-0.0732732
0.686275	-0.0397644
0.6863	-0.0654804
0.686325	-0.0608048
0.68635	-0.0421023
0.686375	-0.0662597
0.6864	-0.0623633
0.686425	-0.101327
0.68645	-0.122367
0.686475	-0.0506743
0.6865	-0.049895
0.686525	-0.0140484
0.68655	-0.0249582
0.686575	-0.0311924
0.6866	-0.0358681
0.686625	-0.0639219
0.68665	-0.0724939
0.686675	-0.0849623
0.6867	-0.0896379
0.686725	-0.0678183
0.68675	-0.0943135
0.686775	-0.0600255
0.6868	-0.0553499
0.686825	-0.0272961
0.68685	-0.032751
0.686875	-0.0397644
0.6869	-0.0483364
0.686925	-0.0537913
0.68695	-0.0763903
0.686975	-0.0873001
0.687	-0.106782
0.687025	-0.0421023
0.68705	-0.0623633
0.687075	-0.0475572
0.6871	-0.0249582
0.687125	-0.0514535
0.68715	-0.0771695
0.687175	-0.0748317
0.6872	-0.116133
0.687225	-0.0865208
0.68725	-0.032751
0.687275	-0.0857415
0.6873	-0.0553499
0.687325	-0.0171655
0.68735	-0.00703496
0.687375	-0.0335302
0.6874	-0.0865208
0.687425	-0.0522328
0.68745	-0.0522328
0.687475	-0.084183
0.6875	-0.0693768
0.687525	-0.0709354
0.68755	-0.0779488
0.687575	-0.0249582
0.6876	-0.0608048
0.687625	-0.0195033
0.68765	-0.0343095
0.687675	-0.0553499
0.6877	-0.00625569
0.687725	-0.0218412
0.68775	-0.0202826
0.687775	-0.113795
0.6878	-0.10912
0.687825	-0.0685975
0.68785	-0.0444401
0.687875	-0.0537913
0.6879	-0.0685975
0.687925	-0.0717146
0.68795	-0.00859351
0.687975	-0.024179
0.688	-0.0288546
0.688025	-0.0343095
0.68805	-0.0304132
0.688075	-0.0569084
0.6881	-0.0491157
0.688125	-0.0654804
0.68815	-0.0304132
0.688175	-0.115354
0.6882	-0.0873001
0.688225	-0.0896379
0.68825	-0.0530121
0.688275	-0.0779488
0.6883	-0.102886
0.688325	-0.0919757
0.68835	-0.0553499
0.688375	-0.0311924
0.6884	-0.0358681
0.688425	-0.0849623
0.68845	-0.136394
0.688475	-0.0662597
0.6885	-0.0257375
0.688525	-0.0140484
0.68855	0.00387486
0.688575	-0.0304132
0.6886	-0.0366473
0.688625	-0.0475572
0.68865	-0.0358681
0.688675	-0.0569084
0.6887	-0.0826244
0.688725	-0.0849623
0.68875	-0.0763903
0.688775	-0.0615841
0.6888	-0.058467
0.688825	-0.10912
0.68885	-0.0600255
0.688875	-0.0654804
0.6889	-0.0163862
0.688925	-0.0763903
0.68895	-0.0483364
0.688975	-0.084183
0.689	-0.0600255
0.689025	-0.0600255
0.68905	-0.0608048
0.689075	-0.0857415
0.6891	-0.0358681
0.689125	-0.0631426
0.68915	-0.0802866
0.689175	-0.0210619
0.6892	-0.0865208
0.689225	-0.0896379
0.68925	-0.0748317
0.689275	-0.0530121
0.6893	-0.0935343
0.689325	-0.107561
0.68935	-0.0514535
0.689375	-0.0857415
0.6894	-0.0226204
0.689425	-0.0834037
0.68945	-0.0849623
0.689475	-0.0631426
0.6895	-0.0311924
0.689525	-0.00547642
0.68955	-0.00391787
0.689575	-0.0506743
0.6896	-0.067039
0.689625	-0.0685975
0.68965	-0.0904172
0.689675	-0.0537913
0.6897	-0.0483364
0.689725	-0.0288546
0.68975	-0.0748317
0.689775	-0.0810659
0.6898	-0.0576877
0.689825	-0.0615841
0.68985	-0.0724939
0.689875	-0.0818452
0.6899	-0.0553499
0.689925	-0.0592463
0.68995	-0.0545706
0.689975	-0.0569084
0.69	-0.0389852
0.690025	-0.123147
0.69005	-0.049895
0.690075	-0.0717146
0.6901	-0.0350888
0.690125	-0.0210619
0.69015	-0.0592463
0.690175	-0.0483364
0.6902	-0.0732732
0.690225	-0.032751
0.69025	-0.0475572
0.690275	-0.0522328
0.6903	-0.0148277
0.690325	-0.0421023
0.69035	-0.0678183
0.690375	-0.107561
0.6904	-0.0272961
0.690425	-0.024179
0.69045	-0.0569084
0.690475	-0.0802866
0.6905	-0.0678183
0.690525	-0.0826244
0.69055	-0.0569084
0.690575	-0.0265168
0.6906	-0.0272961
0.690625	-0.00391787
0.69065	-0.0888586
0.690675	-0.0397644
0.6907	-0.0623633
0.690725	-0.0374266
0.69075	-0.0249582
0.690775	-0.0561292
0.6908	-0.0896379
0.690825	-0.0748317
0.69085	-0.0257375
0.690875	-0.0280753
0.6909	-0.0553499
0.690925	-0.041323
0.69095	-0.0888586
0.690975	-0.0896379
0.691	-0.0491157
0.691025	-0.0662597
0.69105	-0.058467
0.691075	-0.111458
0.6911	-0.0615841
0.691125	-0.0522328
0.69115	-0.0982099
0.691175	-0.114575
0.6912	-0.0491157
0.691225	-0.0195033
0.69125	-0.0397644
0.691275	-0.0545706
0.6913	-0.058467
0.691325	-0.0771695
0.69135	-0.0896379
0.691375	-0.0662597
0.6914	-0.0740524
0.691425	-0.0514535
0.69145	-0.00469715
0.691475	-0.00703496
0.6915	-0.0405437
0.691525	-0.0748317
0.69155	-0.0748317
0.691575	-0.107561
0.6916	-0.0974306
0.691625	-0.0873001
0.69165	-0.0561292
0.691675	-0.0366473
0.6917	-0.00469715
0.691725	0.00231631
0.69175	-0.0483364
0.691775	-0.0654804
0.6918	-0.0795074
0.691825	-0.0428815
0.69185	-0.0724939
0.691875	-0.0522328
0.6919	-0.0849623
0.691925	-0.113795
0.69195	-0.0576877
0.691975	-0.0904172
0.692	-0.0896379
0.692025	-0.0693768
0.69205	-0.10834
0.692075	-0.0389852
0.6921	0.0132261
0.692125	-0.0421023
0.69215	-0.0787281
0.692175	-0.0561292
0.6922	-0.0943135
0.692225	-0.0802866
0.69225	-0.0904172
0.692275	-0.0865208
0.6923	-0.0374266
0.692325	-0.0795074
0.69235	-0.0491157
0.692375	-0.0140484
0.6924	-0.00158005
0.692425	-0.0265168
0.69245	-0.0911965
0.692475	-0.0592463
0.6925	-0.0249582
0.692525	-0.0795074
0.69255	-0.0608048
0.692575	-0.0662597
0.6926	-0.0982099
0.692625	-0.0592463
0.69265	-0.0389852
0.692675	-0.0685975
0.6927	-0.0717146
0.692725	-0.100548
0.69275	-0.0795074
0.692775	-0.0880794
0.6928	-0.0537913
0.692825	-0.134056
0.69285	-0.120809
0.692875	-0.0366473
0.6929	-0.0109313
0.692925	-0.0031386
0.69295	-0.00625569
0.692975	-0.0569084
0.693	-0.0195033
0.693025	-0.0865208
0.69305	-0.092755
0.693075	-0.0709354
0.6931	-0.0335302
0.693125	-0.0771695
0.69315	-0.0171655
0.693175	-0.00547642
0.6932	-0.0374266
0.693225	-0.0615841
0.69325	-0.015607
0.693275	-0.0880794
0.6933	-0.0647012
0.693325	-0.0904172
0.69335	-0.0530121
0.693375	-0.0880794
0.6934	-0.0483364
0.693425	-0.0272961
0.69345	-0.0148277
0.693475	-0.0514535
0.6935	-0.0693768
0.693525	-0.111458
0.69355	-0.0249582
0.693575	-0.0818452
0.6936	-0.0880794
0.693625	-0.110678
0.69365	-0.0335302
0.693675	-0.032751
0.6937	-0.0374266
0.693725	-0.0218412
0.69375	-0.0834037
0.693775	-0.032751
0.6938	-0.0997685
0.693825	-0.0608048
0.69385	-0.00781424
0.693875	-0.0382059
0.6939	-0.0350888
0.693925	-0.0272961
0.69395	-0.0444401
0.693975	-0.0654804
0.694	-0.0771695
0.694025	-0.0506743
0.69405	-0.0335302
0.694075	-0.0382059
0.6941	-0.0389852
0.694125	-0.0958721
0.69415	-0.0358681
0.694175	-0.0436608
0.6942	-0.058467
0.694225	-0.0202826
0.69425	-0.0140484
0.694275	-0.0140484
0.6943	-0.0522328
0.694325	-0.137953
0.69435	-0.084183
0.694375	-0.0452193
0.6944	-0.0615841
0.694425	-0.0280753
0.69445	-0.0343095
0.694475	-0.0771695
0.6945	-0.0701561
0.694525	-0.0950928
0.69455	-0.0763903
0.694575	-0.0249582
0.6946	-0.024179
0.694625	-0.0724939
0.69465	-0.0615841
0.694675	-0.0724939
0.6947	-0.084183
0.694725	-0.067039
0.69475	-0.0654804
0.694775	-0.0608048
0.6948	-0.0919757
0.694825	-0.0296339
0.69485	-0.0662597
0.694875	-0.0335302
0.6949	-0.0374266
0.694925	-0.024179
0.69495	-0.0467779
0.694975	-0.0935343
0.695	-0.0592463
0.695025	-0.0662597
0.69505	-0.0997685
0.695075	-0.0428815
0.6951	-0.0639219
0.695125	-0.0304132
0.69515	-0.0802866
0.695175	-0.134836
0.6952	-0.0483364
0.695225	-0.0615841
0.69525	-0.0662597
0.695275	-0.105223
0.6953	-0.0459986
0.695325	-0.0436608
0.69535	-0.0249582
0.695375	-0.0397644
0.6954	-0.107561
0.695425	-0.0397644
0.69545	-0.0522328
0.695475	-0.0553499
0.6955	-0.0647012
0.695525	-0.0685975
0.69555	-0.0717146
0.695575	-0.0873001
0.6956	0.00153704
0.695625	-0.0654804
0.69565	-0.0311924
0.695675	-0.0436608
0.6957	-0.0911965
0.695725	-0.0280753
0.69575	0.00932977
0.695775	-0.0530121
0.6958	-0.0210619
0.695825	-0.0389852
0.69585	-0.103665
0.695875	-0.0802866
0.6959	-0.0506743
0.695925	-0.0491157
0.69595	-0.0288546
0.695975	-0.0639219
0.696	-0.0647012
0.696025	-0.0592463
0.69605	-0.0865208
0.696075	-0.114575
0.6961	-0.092755
0.696125	-0.0685975
0.69615	-0.0787281
0.696175	-0.0561292
0.6962	-0.0428815
0.696225	-0.0717146
0.69625	-0.0483364
0.696275	-0.0233997
0.6963	-0.0483364
0.696325	-0.0226204
0.69635	-0.092755
0.696375	-0.11925
0.6964	-0.0748317
0.696425	-0.058467
0.69645	-0.0304132
0.696475	-0.0343095
0.6965	-0.0943135
0.696525	-0.0802866
0.69655	-0.0865208
0.696575	-0.0288546
0.6966	-0.0389852
0.696625	-0.0436608
0.69665	-0.0553499
0.696675	-0.0475572
0.6967	-0.0530121
0.696725	-0.0233997
0.69675	-0.0405437
0.696775	-0.0358681
0.6968	-0.0506743
0.696825	-0.084183
0.69685	-0.0685975
0.696875	-0.0834037
0.6969	-0.0592463
0.696925	-0.0530121
0.69695	-0.0475572
0.696975	-0.0109313
0.697	-0.0335302
0.697025	-0.0615841
0.69705	-0.0195033
0.697075	-0.0545706
0.6971	0.00387486
0.697125	-0.0623633
0.69715	-0.084183
0.697175	-0.084183
0.6972	-0.0709354
0.697225	-0.084183
0.69725	-0.0374266
0.697275	-0.0436608
0.6973	-0.0724939
0.697325	-0.0561292
0.69735	-0.0678183
0.697375	-0.0654804
0.6974	-0.0950928
0.697425	-0.0600255
0.69745	-2.1507e-05
0.697475	-0.00625569
0.6975	-0.0397644
0.697525	-0.0748317
0.69755	-0.0880794
0.697575	-0.067039
0.6976	-0.0709354
0.697625	-0.0748317
0.69765	-0.134056
0.697675	-0.0685975
0.6977	-0.0335302
0.697725	-0.0140484
0.69775	-0.0140484
0.697775	-0.0647012
0.6978	-0.0343095
0.697825	-0.0592463
0.69785	-0.0974306
0.697875	-0.058467
0.6979	-0.0530121
0.697925	-0.104444
0.69795	-0.0974306
0.697975	-0.0545706
0.698	-0.0561292
0.698025	-0.0810659
0.69805	-0.111458
0.698075	-0.0623633
0.6981	-0.0795074
0.698125	-0.100548
0.69815	-0.0709354
0.698175	-0.0537913
0.6982	-0.0530121
0.698225	-0.00703496
0.69825	-0.0865208
0.698275	-0.0545706
0.6983	-0.0997685
0.698325	-0.113016
0.69835	-0.0966514
0.698375	-0.0989892
0.6984	-0.0958721
0.698425	-0.0202826
0.69845	0.00777122
0.698475	-0.0732732
0.6985	-0.0600255
0.698525	-0.058467
0.69855	-0.0459986
0.698575	-0.049895
0.6986	-0.0740524
0.698625	-0.115354
0.69865	-0.0639219
0.698675	-0.0553499
0.6987	-0.0421023
0.698725	0.0054334
0.69875	-0.0849623
0.698775	-0.0600255
0.6988	-0.0436608
0.698825	-0.0654804
0.69885	-0.0491157
0.698875	0.00153704
0.6989	-0.0179448
0.698925	-0.0911965
0.69895	-0.0202826
0.698975	-0.102106
0.699	-0.0748317
0.699025	-0.0701561
0.69905	-0.0771695
0.699075	-0.0763903
0.6991	-0.139511
0.699125	-0.121588
0.69915	-0.0904172
0.699175	-0.0678183
0.6992	-0.0265168
0.699225	-0.0639219
0.69925	-0.0802866
0.699275	-0.0537913
0.6993	-0.106782
0.699325	-0.0997685
0.69935	-0.0124899
0.699375	-0.00703496
0.6994	-0.0873001
0.699425	-0.0911965
0.69945	-0.0662597
0.699475	-0.0974306
0.6995	-0.0467779
0.699525	-0.041323
0.69955	-0.0117106
0.699575	-0.0545706
0.6996	-0.0140484
0.699625	-0.0740524
0.69965	-0.0724939
0.699675	-0.0826244
0.6997	-0.0233997
0.699725	-0.0358681
0.69975	-0.0647012
0.699775	-0.112237
0.6998	-0.00937278
0.699825	-0.0358681
0.69985	-0.0506743
0.699875	0.00309559
0.6999	-0.0452193
0.699925	-0.041323
0.69995	-0.0826244
0.699975	-0.0522328
0.7	-0.0553499
0.700025	-0.0966514
0.70005	-0.024179
0.700075	-0.0249582
0.7001	-0.0693768
0.700125	-0.125484
0.70015	-0.058467
0.700175	-0.0350888
0.7002	-0.0631426
0.700225	-0.0530121
0.70025	-0.0421023
0.700275	-0.0709354
0.7003	-0.0857415
0.700325	-0.0553499
0.70035	-0.067039
0.700375	-0.0849623
0.7004	-0.049895
0.700425	-0.0592463
0.70045	-0.0514535
0.700475	-0.0506743
0.7005	-0.0771695
0.700525	-0.049895
0.70055	-0.0288546
0.700575	-0.0195033
0.7006	-0.0623633
0.700625	-0.0966514
0.70065	-0.0615841
0.700675	-0.0647012
0.7007	-0.0974306
0.700725	-0.0732732
0.70075	-0.0491157
0.700775	-0.0693768
0.7008	-0.0717146
0.700825	-0.0818452
0.70085	-0.0818452
0.700875	-0.0444401
0.7009	-0.0623633
0.700925	-0.0639219
0.70095	-0.0748317
0.700975	-0.0148277
0.701	-0.0467779
0.701025	-0.0615841
0.70105	-0.0296339
0.701075	-0.0335302
0.7011	-0.0311924
0.701125	-0.118471
0.70115	-0.138732
0.701175	-0.0296339
0.7012	0.00932977
0.701225	0.0163432
0.70125	-0.0421023
0.701275	-0.0748317
0.7013	-0.075611
0.701325	-0.0537913
0.70135	-0.058467
0.701375	0.0054334
0.7014	-0.0615841
0.701425	-0.0358681
0.70145	-0.0304132
0.701475	-0.0358681
0.7015	-0.0631426
0.701525	-0.041323
0.70155	-0.0545706
0.701575	-0.058467
0.7016	-0.0506743
0.701625	-0.0592463
0.70165	-0.103665
0.701675	-0.0374266
0.7017	-0.0771695
0.701725	-0.092755
0.70175	-0.092755
0.701775	-0.0389852
0.7018	-0.0514535
0.701825	-0.106782
0.70185	-0.0818452
0.701875	-0.0654804
0.7019	-0.0514535
0.701925	-0.0459986
0.70195	-0.0631426
0.701975	-0.134836
0.702	-0.100548
0.702025	-0.0124899
0.70205	-0.0506743
0.702075	-0.0569084
0.7021	-0.0233997
0.702125	-0.0483364
0.70215	-0.0483364
0.702175	-0.0272961
0.7022	-0.0226204
0.702225	-0.116133
0.70225	-0.0358681
0.702275	-0.0779488
0.7023	-0.0350888
0.702325	-0.0467779
0.70235	-0.0732732
0.702375	-0.0459986
0.7024	-0.0210619
0.702425	-0.0280753
0.70245	-0.0561292
0.702475	-0.0272961
0.7025	-0.0600255
0.702525	-0.0732732
0.70255	-0.0117106
0.702575	-0.0187241
0.7026	-0.00469715
0.702625	-0.0210619
0.70265	-0.0865208
0.702675	-0.122367
0.7027	-0.0421023
0.702725	-0.0101521
0.70275	-0.0421023
0.702775	-0.0405437
0.7028	-0.0389852
0.702825	-0.0335302
0.70285	-0.0358681
0.702875	-0.0740524
0.7029	-0.100548
0.702925	-0.0771695
0.70295	-0.0795074
0.702975	-0.084183
0.703	-0.0678183
0.703025	-0.0389852
0.70305	-0.0530121
0.703075	-0.0436608
0.7031	-0.0561292
0.703125	-0.058467
0.70315	-0.067039
0.703175	-0.0943135
0.7032	-0.10834
0.703225	-0.101327
0.70325	-0.0685975
0.703275	-0.0717146
0.7033	-0.00781424
0.703325	-0.0195033
0.70335	-0.0296339
0.703375	0.0108883
0.7034	-0.0031386
0.703425	-0.0444401
0.70345	-0.0428815
0.703475	-0.0265168
0.7035	-0.0569084
0.703525	-0.0654804
0.70355	-0.0522328
0.703575	-0.0506743
0.7036	-0.0763903
0.703625	-0.0943135
0.70365	-0.0444401
0.703675	-0.0795074
0.7037	-0.0561292
0.703725	-0.0389852
0.70375	-0.0576877
0.703775	-0.0576877
0.7038	-0.111458
0.703825	-0.118471
0.70385	-0.0880794
0.703875	-0.0724939
0.7039	-0.0896379
0.703925	-0.106782
0.70395	-0.0631426
0.703975	-0.0405437
0.704	-0.0709354
0.704025	-0.0911965
0.70405	-0.0647012
0.704075	-0.0732732
0.7041	-0.0459986
0.704125	-0.0483364
0.70415	-0.0771695
0.704175	-0.092755
0.7042	-0.120809
0.704225	-0.0459986
0.70425	0.024136
0.704275	-0.0132691
0.7043	-0.0530121
0.704325	-0.0537913
0.70435	0.0163432
0.704375	-0.0280753
0.7044	-0.0631426
0.704425	-0.0467779
0.70445	-0.0911965
0.704475	-0.0678183
0.7045	-0.0569084
0.704525	-0.111458
0.70455	-0.0966514
0.704575	-0.116912
0.7046	-0.135615
0.704625	-0.113016
0.70465	-0.0553499
0.704675	-0.015607
0.7047	-0.067039
0.704725	-0.109899
0.70475	-0.0685975
0.704775	-0.0685975
0.7048	-0.112237
0.704825	-0.0569084
0.70485	-0.0615841
0.704875	-0.12003
0.7049	-0.0171655
0.704925	-0.0483364
0.70495	-0.0701561
0.704975	-0.0631426
0.705	-0.0506743
0.705025	-0.101327
0.70505	-0.100548
0.705075	-0.0397644
0.7051	-0.0748317
0.705125	-0.058467
0.70515	-0.0467779
0.705175	-0.134056
0.7052	-0.138732
0.705225	-0.0849623
0.70525	-0.0319717
0.705275	-0.0693768
0.7053	-0.0124899
0.705325	-0.0319717
0.70535	-0.0109313
0.705375	-0.0335302
0.7054	0.015564
0.705425	-0.0343095
0.70545	-0.113016
0.705475	-0.103665
0.7055	-0.0810659
0.705525	-0.0896379
0.70555	-0.0179448
0.705575	-0.0101521
0.7056	-0.0459986
0.705625	-0.0421023
0.70565	-0.0459986
0.705675	-0.0701561
0.7057	-0.0545706
0.705725	-0.0226204
0.70575	-0.0148277
0.705775	-0.0428815
0.7058	-0.0382059
0.705825	-0.0272961
0.70585	-0.0444401
0.705875	-0.0802866
0.7059	-0.0654804
0.705925	-0.0818452
0.70595	-0.0880794
0.705975	-0.075611
0.706	-0.0896379
0.706025	-0.0654804
0.70605	-0.0280753
0.706075	-0.0210619
0.7061	-0.0132691
0.706125	-0.0187241
0.70615	-0.00625569
0.706175	-0.067039
0.7062	-0.0763903
0.706225	-0.0272961
0.70625	-0.00469715
0.706275	-0.0693768
0.7063	-0.0958721
0.706325	-0.0257375
0.70635	-0.041323
0.706375	-0.0397644
0.7064	-0.0124899
0.706425	-0.0467779
0.70645	-0.0436608
0.706475	-0.104444
0.7065	-0.0350888
0.706525	-0.0350888
0.70655	-0.114575
0.706575	-0.103665
0.7066	-0.0421023
0.706625	-0.0545706
0.70665	-0.0452193
0.706675	-0.0763903
0.7067	-0.0787281
0.706725	-0.0514535
0.70675	-0.0530121
0.706775	-0.0280753
0.7068	-0.0873001
0.706825	-0.0982099
0.70685	-0.106782
0.706875	-0.0280753
0.7069	-0.0101521
0.706925	-0.0257375
0.70695	-0.0491157
0.706975	-0.0834037
0.707	-0.0685975
0.707025	-0.0592463
0.70705	-0.049895
0.707075	-0.0888586
0.7071	-0.118471
0.707125	-0.0654804
0.70715	-0.0311924
0.707175	-0.0537913
0.7072	-0.0475572
0.707225	-0.0639219
0.70725	-0.0561292
0.707275	-0.0272961
0.7073	-0.067039
0.707325	-0.0389852
0.70735	-0.00781424
0.707375	-0.0615841
0.7074	-0.0717146
0.707425	-0.0530121
0.70745	-0.0358681
0.707475	-0.100548
0.7075	-0.0662597
0.707525	-0.0631426
0.70755	-0.0771695
0.707575	-0.0452193
0.7076	-0.0506743
0.707625	-0.0272961
0.70765	0.0108883
0.707675	-0.0210619
0.7077	-0.058467
0.707725	-0.0662597
0.70775	-0.0553499
0.707775	-0.0195033
0.7078	-0.0810659
0.707825	-0.0795074
0.70785	-0.123147
0.707875	-0.067039
0.7079	-0.0771695
0.707925	-0.0989892
0.70795	-0.0600255
0.707975	-0.0615841
0.708	-0.0491157
0.708025	-0.032751
0.70805	-0.0132691
0.708075	-0.0857415
0.7081	-0.0904172
0.708125	-0.0911965
0.70815	-0.0724939
0.708175	-0.049895
0.7082	-0.0506743
0.708225	-0.0514535
0.70825	-0.0522328
0.708275	-0.118471
0.7083	-0.143408
0.708325	-0.0631426
0.70835	-0.0506743
0.708375	-0.00547642
0.7084	-0.00080078
0.708425	-0.0459986
0.70845	-0.0569084
0.708475	-0.0748317
0.7085	-0.0506743
0.708525	-0.0179448
0.70855	-0.0288546
0.708575	-0.0249582
0.7086	-0.10912
0.708625	-0.0701561
0.70865	-0.0491157
0.708675	-0.0288546
0.7087	-0.0600255
0.708725	-0.0452193
0.70875	-0.058467
0.708775	-0.0343095
0.7088	-0.0226204
0.708825	0.0171225
0.70885	0.015564
0.708875	-0.0444401
0.7089	-0.0615841
0.708925	-0.106003
0.70895	-0.0202826
0.708975	-0.0623633
0.709	-0.0475572
0.709025	-0.0288546
0.70905	-0.0506743
0.709075	-0.106003
0.7091	-0.0740524
0.709125	-0.024179
0.70915	-0.084183
0.709175	-0.0911965
0.7092	-0.041323
0.709225	-0.0163862
0.70925	-0.032751
0.709275	-0.0771695
0.7093	-0.0654804
0.709325	-0.0904172
0.70935	-0.0717146
0.709375	-0.107561
0.7094	-0.0506743
0.709425	-0.0272961
0.70945	-0.0311924
0.709475	-0.0436608
0.7095	-0.0615841
0.709525	-0.00391787
0.70955	-0.0919757
0.709575	-0.0452193
0.7096	-0.0366473
0.709625	-0.0491157
0.70965	-0.0795074
0.709675	-0.0919757
0.7097	-0.032751
0.709725	-0.0226204
0.70975	-0.0405437
0.709775	-0.0647012
0.7098	-0.0958721
0.709825	-0.0904172
0.70985	-0.0389852
0.709875	-0.0997685
0.7099	-0.0880794
0.709925	-0.0647012
0.70995	-0.0818452
0.709975	-0.0779488
0.71	-0.0997685
0.710025	-0.0857415
0.71005	-0.0272961
0.710075	-0.0335302
0.7101	-0.0483364
0.710125	-0.0647012
0.71015	-0.0530121
0.710175	-0.0740524
0.7102	-0.0802866
0.710225	-0.0701561
0.71025	-0.0389852
0.710275	-0.0608048
0.7103	-0.0732732
0.710325	-0.0989892
0.71035	-0.0537913
0.710375	-0.0467779
0.7104	-0.0685975
0.710425	-0.0732732
0.71045	-0.0857415
0.710475	-0.0763903
0.7105	-0.0592463
0.710525	-0.075611
0.71055	-0.0717146
0.710575	-0.0522328
0.7106	-0.0537913
0.710625	-0.032751
0.71065	-0.0553499
0.710675	-0.0428815
0.7107	-0.075611
0.710725	-0.058467
0.71075	-0.0740524
0.710775	-0.0226204
0.7108	-0.0763903
0.710825	-0.0124899
0.71085	-0.0748317
0.710875	-0.0732732
0.7109	-0.0662597
0.710925	-0.0615841
0.71095	-0.0592463
0.710975	-0.0491157
0.711	-0.0693768
0.711025	-0.0522328
0.71105	-0.0382059
0.711075	-0.041323
0.7111	-0.0763903
0.711125	-0.0678183
0.71115	-0.0904172
0.711175	-0.0701561
0.7112	-0.0873001
0.711225	-0.0444401
0.71125	-0.0257375
0.711275	-0.084183
0.7113	-0.0639219
0.711325	-0.0171655
0.71135	-0.0459986
0.711375	-0.0553499
0.7114	-0.0272961
0.711425	0.00621268
0.71145	-0.0397644
0.711475	-0.0600255
0.7115	-0.0997685
0.711525	-0.0506743
0.71155	-0.0787281
0.711575	-0.0428815
0.7116	-0.0717146
0.711625	-0.0958721
0.71165	-0.0857415
0.711675	0.0132261
0.7117	-0.0218412
0.711725	-0.0296339
0.71175	-0.0802866
0.711775	-0.0997685
0.7118	-0.0724939
0.711825	-0.110678
0.71185	-0.0748317
0.711875	-0.0724939
0.7119	-0.0491157
0.711925	-0.105223
0.71195	-0.102106
0.711975	-0.058467
0.712	-0.041323
0.712025	-0.120809
0.71205	-0.0421023
0.712075	-0.015607
0.7121	-0.0311924
0.712125	-0.0374266
0.71215	-0.0218412
0.712175	-0.0459986
0.7122	-0.0280753
0.712225	0.0288116
0.71225	-0.0428815
0.712275	-0.102886
0.7123	-0.0849623
0.712325	-0.105223
0.71235	-0.0459986
0.712375	-0.0724939
0.7124	-0.0685975
0.712425	-0.0592463
0.71245	-0.0382059
0.712475	-0.0257375
0.7125	-0.0148277
0.712525	-0.0428815
0.71255	-0.0880794
0.712575	-0.0880794
0.7126	-0.00625569
0.712625	-0.0545706
0.71265	-0.0452193
0.712675	-0.0522328
0.7127	-0.0530121
0.712725	-0.0748317
0.71275	-0.067039
0.712775	-0.0600255
0.7128	-0.0249582
0.712825	-0.0600255
0.71285	-0.0428815
0.712875	-0.0483364
0.7129	-0.0148277
0.712925	-0.0514535
0.71295	-0.137174
0.712975	-0.141849
0.713	-0.0810659
0.713025	-0.0350888
0.71305	-0.0389852
0.713075	-0.0701561
0.7131	-0.0467779
0.713125	-0.0350888
0.71315	-0.0709354
0.713175	-0.0506743
0.7132	-0.0771695
0.713225	-0.092755
0.71325	-0.112237
0.713275	-0.041323
0.7133	-0.0389852
0.713325	-0.0997685
0.71335	-0.0491157
0.713375	-0.0452193
0.7134	-0.0506743
0.713425	-0.0919757
0.71345	-0.0545706
0.713475	-0.0428815
0.7135	-0.0763903
0.713525	-0.0701561
0.71355	-0.0491157
0.713575	-0.00859351
0.7136	-0.00703496
0.713625	-0.0319717
0.71365	-0.0662597
0.713675	-0.0834037
0.7137	-0.0459986
0.713725	-0.00781424
0.71375	-0.0444401
0.713775	-0.0857415
0.7138	-0.0911965
0.713825	-0.0982099
0.71385	-0.0888586
0.713875	-0.112237
0.7139	-0.0296339
0.713925	-0.0849623
0.71395	-0.0771695
0.713975	-0.0304132
0.714	-0.0545706
0.714025	-0.0654804
0.71405	-0.0873001
0.714075	-0.0631426
0.7141	-0.0709354
0.714125	-0.0514535
0.71415	-0.0475572
0.714175	-0.0514535
0.7142	-0.102106
0.714225	-0.0740524
0.71425	-0.0553499
0.714275	-0.109899
0.7143	-0.041323
0.714325	-0.058467
0.71435	-0.0475572
0.714375	-0.0802866
0.7144	-0.0522328
0.714425	-0.0639219
0.71445	-0.015607
0.714475	-0.0428815
0.7145	-0.147304
0.714525	-0.0545706
0.71455	-0.0304132
0.714575	-0.0537913
0.7146	-0.124705
0.714625	-0.10834
0.71465	-0.024179
0.714675	-0.032751
0.7147	-0.0124899
0.714725	-0.0210619
0.71475	-0.0826244
0.714775	-0.10912
0.7148	-0.084183
0.714825	-0.0763903
0.71485	-0.0569084
0.714875	-0.0966514
0.7149	-0.0459986
0.714925	-0.0265168
0.71495	-0.0592463
0.714975	-0.0545706
0.715	-0.00391787
0.715025	-0.0436608
0.71505	-0.049895
0.715075	-0.0421023
0.7151	-0.0382059
0.715125	-0.058467
0.71515	-0.0530121
0.715175	-0.102106
0.7152	-0.0795074
0.715225	-0.0787281
0.71525	-0.0654804
0.715275	-0.032751
0.7153	-0.0436608
0.715325	-0.0943135
0.71535	-0.120809
0.715375	-0.0475572
0.7154	-0.0631426
0.715425	-0.0647012
0.71545	-0.0537913
0.715475	-0.0405437
0.7155	-0.0654804
0.715525	-0.0522328
0.71555	-0.0771695
0.715575	-0.0350888
0.7156	-0.0374266
0.715625	-0.0623633
0.71565	-0.0561292
0.715675	-0.067039
0.7157	-0.0436608
0.715725	-0.115354
0.71575	-0.0265168
0.715775	-0.0031386
0.7158	-0.0631426
0.715825	-0.0608048
0.71585	-0.0880794
0.715875	-0.0576877
0.7159	-0.0187241
0.715925	-0.0296339
0.71595	-0.0249582
0.715975	-0.0452193
0.716	-0.0576877
0.716025	-0.0109313
0.71605	-0.0202826
0.716075	-0.041323
0.7161	-0.0553499
0.716125	-0.12003
0.71615	-0.0958721
0.716175	-0.0795074
0.7162	-0.0623633
0.716225	-0.0834037
0.71625	-0.146525
0.716275	-0.0904172
0.7163	-0.0553499
0.716325	-0.032751
0.71635	-0.015607
0.716375	-0.00547642
0.7164	-0.0140484
0.716425	-0.0506743
0.71645	-0.0685975
0.716475	-0.0576877
0.7165	-0.110678
0.716525	-0.0210619
0.71655	-0.0826244
0.716575	-0.0117106
0.7166	-0.0569084
0.716625	-0.0600255
0.71665	-0.0226204
0.716675	-0.0280753
0.7167	-0.0475572
0.716725	-0.0974306
0.71675	-0.067039
0.716775	-0.0911965
0.7168	-0.0709354
0.716825	-0.113016
0.71685	-0.13016
0.716875	-0.0974306
0.7169	-0.0771695
0.716925	-0.0319717
0.71695	-0.0678183
0.716975	-0.0639219
0.717	-0.0163862
0.717025	0.0217981
0.71705	-0.0389852
0.717075	-0.0506743
0.7171	-0.0335302
0.717125	-0.0483364
0.71715	-0.075611
0.717175	-0.084183
0.7172	-0.0335302
0.717225	-0.0397644
0.71725	-0.032751
0.717275	-0.0350888
0.7173	-0.0608048
0.717325	-0.0358681
0.71735	-0.0569084
0.717375	-0.0911965
0.7174	-0.100548
0.717425	-0.0982099
0.71745	-0.0389852
0.717475	-0.0304132
0.7175	-0.0444401
0.717525	-0.041323
0.71755	-0.049895
0.717575	-0.0802866
0.7176	-0.0179448
0.717625	-0.0335302
0.71765	-0.067039
0.717675	-0.0623633
0.7177	-0.0647012
0.717725	-0.113795
0.71775	-0.0592463
0.717775	-0.0943135
0.7178	-0.0280753
0.717825	0.0054334
0.71785	-0.0436608
0.717875	-0.0421023
0.7179	-0.100548
0.717925	-0.0958721
0.71795	-0.0545706
0.717975	-0.0210619
0.718	-0.0350888
0.718025	-0.00158005
0.71805	-0.0350888
0.718075	-0.0639219
0.7181	-0.0748317
0.718125	-0.0296339
0.71815	-0.0623633
0.718175	-0.0709354
0.7182	-0.0545706
0.718225	-0.0452193
0.71825	-0.0265168
0.718275	-0.0514535
0.7183	-0.075611
0.718325	-0.0724939
0.71835	-0.0569084
0.718375	-0.0576877
0.7184	-0.0530121
0.718425	-0.0662597
0.71845	-0.0623633
0.718475	-0.0335302
0.7185	-0.0218412
0.718525	-0.058467
0.71855	-0.0647012
0.718575	-0.127043
0.7186	-0.092755
0.718625	-0.058467
0.71865	-0.0911965
0.718675	-0.0576877
0.7187	-0.0311924
0.718725	-0.0389852
0.71875	-0.0459986
0.718775	-0.0576877
0.7188	-0.0576877
0.718825	0.0132261
0.71885	-0.0202826
0.718875	-0.0280753
0.7189	-0.0311924
0.718925	-0.107561
0.71895	-0.148083
0.718975	-0.131719
0.719	-0.067039
0.719025	-0.0257375
0.71905	-0.0709354
0.719075	-0.0919757
0.7191	-0.0950928
0.719125	-0.102106
0.71915	-0.058467
0.719175	-0.049895
0.7192	-0.0717146
0.719225	-0.00703496
0.71925	-0.0639219
0.719275	-0.0522328
0.7193	-0.0553499
0.719325	-0.067039
0.71935	-0.0389852
0.719375	-0.0483364
0.7194	-0.049895
0.719425	-0.0623633
0.71945	-0.024179
0.719475	-0.0444401
0.7195	-0.0647012
0.719525	-0.138732
0.71955	-0.106003
0.719575	-0.0748317
0.7196	-0.0132691
0.719625	-0.0233997
0.71965	0.0366043
0.719675	-0.00937278
0.7197	-0.0491157
0.719725	-0.0397644
0.71975	-0.0506743
0.719775	-0.0576877
0.7198	-0.0623633
0.719825	-0.0467779
0.71985	-0.0623633
0.719875	-0.0553499
0.7199	-0.0826244
0.719925	-0.067039
0.71995	-0.0436608
0.719975	-0.0678183
0.72	-0.0888586
0.720025	-0.0685975
0.72005	-0.0810659
0.720075	-0.0436608
0.7201	-0.0389852
0.720125	-0.0343095
0.72015	-0.0795074
0.720175	-0.0982099
0.7202	-0.0950928
0.720225	-0.0678183
0.72025	-0.0639219
0.720275	-0.0537913
0.7203	-0.0654804
0.720325	-0.0880794
0.72035	-0.10834
0.720375	-0.0724939
0.7204	-0.0304132
0.720425	-0.0467779
0.72045	-0.0717146
0.720475	-0.0888586
0.7205	-0.0865208
0.720525	-0.0483364
0.72055	-0.0545706
0.720575	-0.0366473
0.7206	-0.0319717
0.720625	0.0217981
0.72065	-0.0826244
0.720675	-0.0974306
0.7207	-0.0272961
0.720725	-0.0530121
0.72075	-0.0522328
0.720775	-0.0740524
0.7208	-0.0374266
0.720825	-0.0436608
0.72085	-0.0530121
0.720875	-0.0389852
0.7209	-0.0615841
0.720925	-0.106003
0.72095	-0.0997685
0.720975	-0.0701561
0.721	-0.0031386
0.721025	-0.0459986
0.72105	-0.0101521
0.721075	-0.0530121
0.7211	-0.067039
0.721125	-0.0849623
0.72115	-0.104444
0.721175	-0.0662597
0.7212	-0.0374266
0.721225	-0.0187241
0.72125	-0.0202826
0.721275	-0.00469715
0.7213	-0.0288546
0.721325	-0.00469715
0.72135	-0.0202826
0.721375	-0.0561292
0.7214	-0.0233997
0.721425	-0.0444401
0.72145	-0.0483364
0.721475	0.0147847
0.7215	-0.0514535
0.721525	-0.0678183
0.72155	-0.0569084
0.721575	-0.00391787
0.7216	-0.0389852
0.721625	-0.0382059
0.72165	-0.0522328
0.721675	-0.0452193
0.7217	-0.032751
0.721725	-0.0491157
0.72175	-0.110678
0.721775	-0.0631426
0.7218	-0.0771695
0.721825	-0.102886
0.72185	-0.0795074
0.721875	-0.075611
0.7219	-0.0958721
0.721925	-0.0265168
0.72195	-0.0389852
0.721975	-0.0592463
0.722	-0.0779488
0.722025	-0.092755
0.72205	-0.121588
0.722075	-0.105223
0.7221	-0.0685975
0.722125	-0.0717146
0.72215	-0.0678183
0.722175	-0.084183
0.7222	-0.0685975
0.722225	-0.0467779
0.72225	-0.0763903
0.722275	-0.0717146
0.7223	-0.0561292
0.722325	-0.0787281
0.72235	-0.1512
0.722375	-0.0343095
0.7224	-0.0600255
0.722425	-0.0522328
0.72245	-0.092755
0.722475	-0.0639219
0.7225	-0.0506743
0.722525	-0.0421023
0.72255	-0.0818452
0.722575	-0.075611
0.7226	-0.0888586
0.722625	-0.0678183
0.72265	-0.00547642
0.722675	-0.0600255
0.7227	-0.111458
0.722725	-0.058467
0.72275	-0.109899
0.722775	-0.041323
0.7228	-0.0421023
0.722825	0.0256945
0.72285	-0.0311924
0.722875	-0.0514535
0.7229	-0.0343095
0.722925	-0.0187241
0.72295	-0.0397644
0.722975	-0.0771695
0.723	-0.0748317
0.723025	-0.0171655
0.72305	-0.0304132
0.723075	-0.0717146
0.7231	-0.0896379
0.723125	-0.0935343
0.72315	-0.0787281
0.723175	-0.00158005
0.7232	-0.0272961
0.723225	-0.0639219
0.72325	-0.032751
0.723275	-0.10834
0.7233	-0.0849623
0.723325	-0.0366473
0.72335	-0.0288546
0.723375	-0.0553499
0.7234	-0.0950928
0.723425	-0.0763903
0.72345	-0.0795074
0.723475	-0.0436608
0.7235	-0.0265168
0.723525	-0.0304132
0.72355	-0.0382059
0.723575	-0.0654804
0.7236	-0.0569084
0.723625	-0.0600255
0.72365	-0.0662597
0.723675	-0.11925
0.7237	-0.101327
0.723725	-0.0709354
0.72375	-0.0382059
0.723775	-0.101327
0.7238	-0.0693768
0.723825	-0.0163862
0.72385	-0.106003
0.723875	-0.0958721
0.7239	-0.0724939
0.723925	-0.0950928
0.72395	-0.0740524
0.723975	-0.0763903
0.724	-0.0904172
0.724025	-0.0358681
0.72405	-0.0701561
0.724075	-0.103665
0.7241	-0.00391787
0.724125	-0.0249582
0.72415	-0.024179
0.724175	-0.0459986
0.7242	-0.0989892
0.724225	-0.127043
0.72425	-0.0553499
0.724275	-0.0849623
0.7243	-0.067039
0.724325	-0.0592463
0.72435	-0.0943135
0.724375	-0.0701561
0.7244	-0.0537913
0.724425	-0.0896379
0.72445	-0.0343095
0.724475	-0.0724939
0.7245	-0.0748317
0.724525	-0.0654804
0.72455	-0.0530121
0.724575	-0.0350888
0.7246	-0.0483364
0.724625	-0.0662597
0.72465	-0.00781424
0.724675	-0.0202826
0.7247	-0.0849623
0.724725	-0.0467779
0.72475	-0.0522328
0.724775	-0.0366473
0.7248	-0.0506743
0.724825	-0.0522328
0.72485	-0.0475572
0.724875	-0.0779488
0.7249	-0.0537913
0.724925	-0.127043
0.72495	-0.106782
0.724975	-0.0459986
0.725	-0.0483364
0.725025	-0.092755
0.72505	-0.015607
0.725075	-0.0358681
0.7251	0.0116676
0.725125	0.0256945
0.72515	0.0358251
0.725175	-0.0740524
0.7252	-0.0857415
0.725225	-0.0678183
0.72525	-0.0428815
0.725275	-0.0249582
0.7253	-0.084183
0.725325	-0.0826244
0.72535	-0.0662597
0.725375	-0.0257375
0.7254	-0.0382059
0.725425	-0.024179
0.72545	-0.0249582
0.725475	-0.0810659
0.7255	-0.0483364
0.725525	-0.067039
0.72555	-0.0631426
0.725575	-0.0358681
0.7256	-0.041323
0.725625	-0.0709354
0.72565	-0.0873001
0.725675	-0.0904172
0.7257	-0.0389852
0.725725	-0.0943135
0.72575	-0.0943135
0.725775	-0.0491157
0.7258	-0.0452193
0.725825	-0.0826244
0.72585	-0.0483364
0.725875	-0.106003
0.7259	-0.0608048
0.725925	-0.041323
0.72595	-0.0506743
0.725975	-0.0569084
0.726	-0.075611
0.726025	-0.0639219
0.72605	-0.0802866
0.726075	-0.041323
0.7261	-0.0561292
0.726125	-0.0709354
0.72615	-0.0631426
0.726175	-0.0888586
0.7262	-0.0272961
0.726225	-0.0288546
0.72625	-0.0537913
0.726275	-0.0592463
0.7263	-0.00547642
0.726325	-0.0483364
0.72635	-0.0919757
0.726375	-0.107561
0.7264	-0.0771695
0.726425	-0.041323
0.72645	-0.0966514
0.726475	-0.0576877
0.7265	-0.0631426
0.726525	-0.0374266
0.72655	-0.00080078
0.726575	-0.0288546
0.7266	-0.0202826
0.726625	-0.0421023
0.72665	-0.117692
0.726675	-0.092755
0.7267	-0.0514535
0.726725	-0.0608048
0.72675	-0.0592463
0.726775	-0.075611
0.7268	-0.123926
0.726825	-0.100548
0.72685	-0.0623633
0.726875	-0.058467
0.7269	-0.0717146
0.726925	-0.0717146
0.72695	-0.0280753
0.726975	-0.067039
0.727	-0.114575
0.727025	-0.102886
0.72705	-0.0506743
0.727075	-0.0553499
0.7271	-0.00080078
0.727125	-0.0124899
0.72715	-0.0475572
0.727175	-0.0631426
0.7272	-0.0834037
0.727225	-0.0748317
0.72725	-0.134056
0.727275	-0.113795
0.7273	-0.0623633
0.727325	-0.032751
0.72735	-0.0561292
0.727375	-0.0475572
0.7274	-0.049895
0.727425	-0.0592463
0.72745	-0.0265168
0.727475	0.0132261
0.7275	-0.0171655
0.727525	-0.0210619
0.72755	-0.0288546
0.727575	0.0163432
0.7276	0.0264738
0.727625	-0.0444401
0.72765	-0.0592463
0.727675	-0.0865208
0.7277	-0.0350888
0.727725	-0.0366473
0.72775	-0.0561292
0.727775	-0.105223
0.7278	-0.0459986
0.727825	-0.0623633
0.72785	-0.049895
0.727875	-0.058467
0.7279	-0.0592463
0.727925	-0.0506743
0.72795	-0.0335302
0.727975	-0.0210619
0.728	-0.0950928
0.728025	-0.0662597
0.72805	-0.0608048
0.728075	-0.0592463
0.7281	-0.0514535
0.728125	-0.0647012
0.72815	-0.0288546
0.728175	-0.0350888
0.7282	-0.0428815
0.728225	-0.0989892
0.72825	-0.0537913
0.728275	-0.0943135
0.7283	-0.138732
0.728325	-0.041323
0.72835	-0.0732732
0.728375	-0.0654804
0.7284	-0.0740524
0.728425	-0.0795074
0.72845	-0.0452193
0.728475	-0.0522328
0.7285	-0.121588
0.728525	-0.0911965
0.72855	-0.0576877
0.728575	-0.0382059
0.7286	-0.0358681
0.728625	-0.0982099
0.72865	-0.0421023
0.728675	-0.106003
0.7287	-0.084183
0.728725	-0.0452193
0.72875	-0.0561292
0.728775	-0.0592463
0.7288	-0.0452193
0.728825	-0.0537913
0.72885	-0.0382059
0.728875	-0.0678183
0.7289	-0.0397644
0.728925	-0.067039
0.72895	-0.0880794
0.728975	-0.0763903
0.729	-0.0779488
0.729025	-0.0304132
0.72905	-0.0202826
0.729075	-0.0771695
0.7291	-0.100548
0.729125	-0.0997685
0.72915	0.0054334
0.729175	-0.0444401
0.7292	-0.0272961
0.729225	-0.0623633
0.72925	-0.0358681
0.729275	-0.0374266
0.7293	-0.0210619
0.729325	-0.0693768
0.72935	-0.0163862
0.729375	-0.0132691
0.7294	-0.041323
0.729425	-0.0787281
0.72945	-0.0911965
0.729475	-0.0654804
0.7295	-0.0623633
0.729525	-0.024179
0.72955	-0.0569084
0.729575	-0.0514535
0.7296	-0.0421023
0.729625	-0.0311924
0.72965	-0.0787281
0.729675	-0.0802866
0.7297	-0.0732732
0.729725	-0.0522328
0.72975	-0.0958721
0.729775	-0.102886
0.7298	-0.084183
0.729825	-0.111458
0.72985	-0.114575
0.729875	-0.0561292
0.7299	-0.0530121
0.729925	-0.0272961
0.72995	-0.0787281
0.729975	-0.141849
0.73	-0.0826244
0.730025	-0.0724939
0.73005	-0.0467779
0.730075	-0.0693768
0.7301	-0.0163862
0.730125	-0.0374266
0.73015	-0.0389852
0.730175	-0.115354
0.7302	-0.0748317
0.730225	-0.0530121
0.73025	-0.0989892
0.730275	-0.058467
0.7303	-0.0436608
0.730325	-0.0506743
0.73035	-0.0382059
0.730375	-0.0374266
0.7304	-0.0272961
0.730425	-0.0834037
0.73045	-0.0662597
0.730475	-0.0304132
0.7305	-0.0662597
0.730525	-0.0389852
0.73055	-0.015607
0.730575	-0.0709354
0.7306	-0.0709354
0.730625	-0.105223
0.73065	-0.0943135
0.730675	-0.0319717
0.7307	-0.0304132
0.730725	-0.0732732
0.73075	-0.0561292
0.730775	-0.0911965
0.7308	-0.0849623
0.730825	-0.032751
0.73085	-0.0452193
0.730875	-0.0452193
0.7309	-0.0724939
0.730925	-0.0701561
0.73095	-0.0405437
0.730975	-0.0771695
0.731	-0.0678183
0.731025	-0.0109313
0.73105	-0.067039
0.731075	-0.0436608
0.7311	-0.0569084
0.731125	-0.00158005
0.73115	-0.00547642
0.731175	-0.0109313
0.7312	-0.058467
0.731225	-0.0693768
0.73125	-0.0187241
0.731275	-0.0569084
0.7313	-0.0748317
0.731325	-0.0545706
0.73135	-0.0397644
0.731375	-0.0732732
0.7314	-0.0389852
0.731425	-0.117692
0.73145	-0.0865208
0.731475	-0.0763903
0.7315	-0.0553499
0.731525	-0.116912
0.73155	-0.118471
0.731575	-0.0748317
0.7316	-0.0483364
0.731625	-0.0631426
0.73165	-0.0163862
0.731675	-0.0132691
0.7317	-0.0569084
0.731725	-0.0366473
0.73175	-0.0514535
0.731775	-0.0685975
0.7318	-0.0272961
0.731825	-0.0335302
0.73185	-0.0834037
0.731875	-0.102886
0.7319	-0.0849623
0.731925	-0.0647012
0.73195	-0.0195033
0.731975	-0.024179
0.732	-0.0483364
0.732025	-0.0296339
0.73205	-0.0210619
0.732075	-0.0530121
0.7321	-0.0272961
0.732125	-0.024179
0.73215	-0.0405437
0.732175	-0.0608048
0.7322	-0.0989892
0.732225	-0.10834
0.73225	-0.0576877
0.732275	-0.0202826
0.7323	-0.0654804
0.732325	-0.0475572
0.73235	-0.0358681
0.732375	-0.0678183
0.7324	-0.0467779
0.732425	-0.0452193
0.73245	-0.075611
0.732475	-0.0615841
0.7325	-0.0943135
0.732525	-0.0678183
0.73255	-0.0319717
0.732575	-0.0452193
0.7326	-0.128602
0.732625	-0.0857415
0.73265	-0.0311924
0.732675	-0.0444401
0.7327	0.010109
0.732725	-0.0483364
0.73275	-0.00859351
0.732775	-0.101327
0.7328	-0.118471
0.732825	-0.0475572
0.73285	-0.084183
0.732875	-0.0623633
0.7329	-0.067039
0.732925	-0.0662597
0.73295	-0.0195033
0.732975	-0.0397644
0.733	-0.0904172
0.733025	-0.102106
0.73305	-0.00625569
0.733075	-0.0436608
0.7331	-0.0600255
0.733125	-0.0428815
0.73315	-0.0771695
0.733175	-0.0763903
0.7332	-0.041323
0.733225	-0.049895
0.73325	-0.0514535
0.733275	-0.0226204
0.7333	0.00387486
0.733325	-0.0117106
0.73335	-0.0802866
0.733375	-0.0771695
0.7334	-0.0779488
0.733425	-0.0561292
0.73345	-0.0569084
0.733475	-0.100548
0.7335	-0.0343095
0.733525	-0.0467779
0.73355	-0.0475572
0.733575	-0.0631426
0.7336	-0.10834
0.733625	-0.0904172
0.73365	-0.0693768
0.733675	-0.075611
0.7337	-0.0436608
0.733725	-0.0818452
0.73375	-0.121588
0.733775	-0.127822
0.7338	-0.0592463
0.733825	-0.0358681
0.73385	-0.0537913
0.733875	-0.0724939
0.7339	-0.0693768
0.733925	-0.0849623
0.73395	-0.0257375
0.733975	-0.0031386
0.734	-0.106003
0.734025	-0.0647012
0.73405	-0.0210619
0.734075	-0.0288546
0.7341	-0.0709354
0.734125	-0.0319717
0.73415	-0.0491157
0.734175	-0.0226204
0.7342	-0.0304132
0.734225	-0.0382059
0.73425	-0.0382059
0.734275	-0.0974306
0.7343	-0.0187241
0.734325	-0.049895
0.73435	-0.084183
0.734375	-0.0958721
0.7344	-0.0459986
0.734425	-0.0210619
0.73445	-0.0576877
0.734475	-0.0966514
0.7345	-0.092755
0.734525	-0.0880794
0.73455	-0.0748317
0.734575	-0.0366473
0.7346	-0.0195033
0.734625	-0.0265168
0.73465	-0.0600255
0.734675	-0.0795074
0.7347	-0.0615841
0.734725	-0.0989892
0.73475	-0.0335302
0.734775	-0.0763903
0.7348	-0.0717146
0.734825	-0.0491157
0.73485	-0.0265168
0.734875	-0.0569084
0.7349	-0.0724939
0.734925	-0.0880794
0.73495	-0.0421023
0.734975	-0.075611
0.735	-0.0491157
0.735025	-0.0888586
0.73505	-0.0826244
0.735075	-0.0615841
0.7351	-0.0530121
0.735125	-2.1507e-05
0.73515	-0.0467779
0.735175	-0.0397644
0.7352	-0.0124899
0.735225	-0.0810659
0.73525	-0.0732732
0.735275	-0.0834037
0.7353	-0.0919757
0.735325	-0.0459986
0.73535	-0.0919757
0.735375	-0.13016
0.7354	-0.0475572
0.735425	-0.0569084
0.73545	-0.0701561
0.735475	-0.0919757
0.7355	-0.0561292
0.735525	-0.049895
0.73555	-0.0421023
0.735575	-0.0366473
0.7356	-0.0491157
0.735625	-0.0530121
0.73565	-0.0608048
0.735675	-0.0740524
0.7357	-0.0140484
0.735725	-0.0475572
0.73575	-0.0631426
0.735775	-0.114575
0.7358	-0.0304132
0.735825	-0.0311924
0.73585	-0.0779488
0.735875	-0.101327
0.7359	-0.0647012
0.735925	0.00777122
0.73595	-0.0304132
0.735975	-0.0592463
0.736	-0.067039
0.736025	-0.0218412
0.73605	-0.0576877
0.736075	-0.0514535
0.7361	-0.024179
0.736125	-0.0459986
0.73615	-0.0795074
0.736175	-0.0647012
0.7362	-0.0522328
0.736225	-0.0763903
0.73625	-0.0382059
0.736275	-0.0358681
0.7363	-0.0140484
0.736325	-0.058467
0.73635	-0.0904172
0.736375	-0.0537913
0.7364	-0.0272961
0.736425	-0.00391787
0.73645	-0.0514535
0.736475	-0.0763903
0.7365	-0.0748317
0.736525	-0.0608048
0.73655	-0.0311924
0.736575	-0.0553499
0.7366	-0.0958721
0.736625	-0.107561
0.73665	-0.0724939
0.736675	-0.0350888
0.7367	-0.0592463
0.736725	-0.0631426
0.73675	-0.0171655
0.736775	-0.0506743
0.7368	-0.0771695
0.736825	-0.100548
0.73685	-0.0639219
0.736875	-0.0989892
0.7369	-0.0304132
0.736925	-0.0467779
0.73695	-0.0834037
0.736975	-0.0343095
0.737	-0.0475572
0.737025	-0.0950928
0.73705	-0.032751
0.737075	0.018681
0.7371	-0.024179
0.737125	-0.0389852
0.73715	-0.105223
0.737175	-0.0974306
0.7372	-0.10912
0.737225	-0.0904172
0.73725	-0.0459986
0.737275	-0.0179448
0.7373	-0.0576877
0.737325	-0.00469715
0.73735	-0.0335302
0.737375	-0.058467
0.7374	-0.0553499
0.737425	-0.0795074
0.73745	-0.0545706
0.737475	-0.109899
0.7375	-0.112237
0.737525	-0.127822
0.73755	-0.0514535
0.737575	-0.00547642
0.7376	-0.0904172
0.737625	-0.0553499
0.73765	-0.0787281
0.737675	-0.102886
0.7377	-0.0148277
0.737725	-0.0382059
0.73775	-0.032751
0.737775	-0.0350888
0.7378	-0.067039
0.737825	-0.0569084
0.73785	-0.0428815
0.737875	-0.131719
0.7379	-0.0943135
0.737925	-0.113795
0.73795	-0.0288546
0.737975	-0.0592463
0.738	-0.0506743
0.738025	-0.0662597
0.73805	-0.0943135
0.738075	-0.0506743
0.7381	-0.0374266
0.738125	-0.0615841
0.73815	-0.0467779
0.738175	-0.0569084
0.7382	-0.0140484
0.738225	-0.0397644
0.73825	-0.0763903
0.738275	-0.0428815
0.7383	-0.00391787
0.738325	-0.0397644
0.73835	-0.0974306
0.738375	-0.0950928
0.7384	-0.0966514
0.738425	-0.0514535
0.73845	-0.0249582
0.738475	-0.0280753
0.7385	-0.0031386
0.738525	-0.0350888
0.73855	-0.00391787
0.738575	-0.0436608
0.7386	-0.0958721
0.738625	-0.0491157
0.73865	-0.0818452
0.738675	-0.0280753
0.7387	-0.0608048
0.738725	-0.0802866
0.73875	-0.0374266
0.738775	-0.0280753
0.7388	-0.0802866
0.738825	-0.0428815
0.73885	-0.041323
0.738875	-0.0280753
0.7389	-0.0678183
0.738925	-0.0748317
0.73895	-0.103665
0.738975	-0.058467
0.739	-0.104444
0.739025	-0.101327
0.73905	-0.0904172
0.739075	-0.0600255
0.7391	-0.0444401
0.739125	-0.00781424
0.73915	-0.0350888
0.739175	-0.0467779
0.7392	-0.0374266
0.739225	-0.0600255
0.73925	-0.0834037
0.739275	-0.0865208
0.7393	-0.0826244
0.739325	-0.0771695
0.73935	-0.0296339
0.739375	-0.0592463
0.7394	-0.0444401
0.739425	-0.0685975
0.73945	-0.0904172
0.739475	-0.0958721
0.7395	-0.0701561
0.739525	-0.0202826
0.73955	-0.0218412
0.739575	-0.041323
0.7396	-0.00937278
0.739625	-0.0631426
0.73965	-0.0600255
0.739675	-0.0569084
0.7397	-0.0561292
0.739725	-0.00235933
0.73975	-0.0678183
0.739775	-0.0943135
0.7398	-0.0779488
0.739825	-0.0366473
0.73985	-0.0631426
0.739875	-0.0421023
0.7399	-0.0537913
0.739925	-0.0202826
0.73995	-0.0569084
0.739975	-0.0647012
0.74	-0.0257375
0.740025	-0.049895
0.74005	-0.0218412
0.740075	-0.0382059
0.7401	-0.041323
0.740125	-0.0522328
0.74015	-0.0561292
0.740175	-0.032751
0.7402	-0.0350888
0.740225	-0.0561292
0.74025	-0.0748317
0.740275	-0.127822
0.7403	-0.0545706
0.740325	-0.0506743
0.74035	-0.0795074
0.740375	-0.0491157
0.7404	-0.0459986
0.740425	-0.0896379
0.74045	-0.0958721
0.740475	-0.0483364
0.7405	-0.0569084
0.740525	-0.0779488
0.74055	-0.0701561
0.740575	-0.0187241
0.7406	-0.0483364
0.740625	-0.0218412
0.74065	-0.0818452
0.740675	-0.0343095
0.7407	-0.0857415
0.740725	-0.106003
0.74075	-0.165227
0.740775	-0.159772
0.7408	-0.0997685
0.740825	-0.0662597
0.74085	-0.0514535
0.740875	-0.084183
0.7409	-0.1512
0.740925	-0.0280753
0.74095	0.0108883
0.740975	-0.0553499
0.741	-0.0576877
0.741025	-0.0530121
0.74105	-0.0530121
0.741075	-0.0436608
0.7411	-0.0288546
0.741125	-0.0031386
0.74115	-0.0530121
0.741175	-0.0506743
0.7412	-0.0615841
0.741225	-0.0608048
0.74125	-0.024179
0.741275	-0.0226204
0.7413	-0.0187241
0.741325	-0.106782
0.74135	-0.0748317
0.741375	-0.0888586
0.7414	-0.0600255
0.741425	-0.0857415
0.74145	-0.0491157
0.741475	-0.0506743
0.7415	-0.041323
0.741525	-0.0950928
0.74155	-0.0576877
0.741575	-0.0717146
0.7416	-0.049895
0.741625	-0.00469715
0.74165	-0.0576877
0.741675	-0.0982099
0.7417	-0.0257375
0.741725	0.0163432
0.74175	-0.092755
0.741775	-0.0982099
0.7418	-0.0475572
0.741825	-0.0428815
0.74185	-0.0358681
0.741875	-0.0187241
0.7419	-0.0280753
0.741925	-0.0896379
0.74195	-0.0647012
0.741975	-0.067039
0.742	-0.0709354
0.742025	-0.0311924
0.74205	-0.0530121
0.742075	-0.0623633
0.7421	-0.00937278
0.742125	-0.0709354
0.74215	-0.0265168
0.742175	-0.0483364
0.7422	-0.0428815
0.742225	-0.0950928
0.74225	-0.0109313
0.742275	-0.0226204
0.7423	-0.0748317
0.742325	-0.0382059
0.74235	-0.0631426
0.742375	-0.0873001
0.7424	-0.0701561
0.742425	-0.0459986
0.74245	-0.113016
0.742475	-0.144966
0.7425	-0.0810659
0.742525	-0.102106
0.74255	-0.116912
0.742575	-0.102106
0.7426	-0.0600255
0.742625	-0.0982099
0.74265	-0.116133
0.742675	-0.0514535
0.7427	-0.00859351
0.742725	-0.0171655
0.74275	-0.0966514
0.742775	-0.0818452
0.7428	-0.0826244
0.742825	-0.0818452
0.74285	-0.0569084
0.742875	-0.0459986
0.7429	-0.0553499
0.742925	-0.120809
0.74295	-0.0997685
0.742975	-0.0795074
0.743	-0.0662597
0.743025	-0.0717146
0.74305	-0.0288546
0.743075	-0.0335302
0.7431	-0.0615841
0.743125	-0.0280753
0.74315	-0.0459986
0.743175	-0.0873001
0.7432	-0.0514535
0.743225	-0.0311924
0.74325	0.000757766
0.743275	-0.0436608
0.7433	-0.0576877
0.743325	-0.0647012
0.74335	-0.0350888
0.743375	-0.0506743
0.7434	-0.0452193
0.743425	-0.0732732
0.74345	-0.100548
0.743475	-0.0452193
0.7435	-0.106003
0.743525	-0.0888586
0.74355	-0.0514535
0.743575	-0.0685975
0.7436	-0.0873001
0.743625	-0.0608048
0.74365	-0.0233997
0.743675	-0.0795074
0.7437	-0.0740524
0.743725	-0.0475572
0.74375	-0.0421023
0.743775	-0.0257375
0.7438	-0.0537913
0.743825	-0.104444
0.74385	-0.0779488
0.743875	-0.0685975
0.7439	-0.0911965
0.743925	-0.104444
0.74395	-0.0444401
0.743975	-0.0491157
0.744	-0.0436608
0.744025	-0.0514535
0.74405	-0.0249582
0.744075	-0.0732732
0.7441	-0.0436608
0.744125	-0.0576877
0.74415	-0.0483364
0.744175	-0.0608048
0.7442	0.00387486
0.744225	-0.0678183
0.74425	-0.0810659
0.744275	-0.0374266
0.7443	-0.0483364
0.744325	-0.0802866
0.74435	-0.0483364
0.744375	0.00231631
0.7444	-0.0382059
0.744425	-0.0514535
0.74445	-0.0654804
0.744475	-0.0865208
0.7445	-0.0491157
0.744525	-0.0171655
0.74455	-0.118471
0.744575	-0.067039
0.7446	-0.084183
0.744625	-0.0678183
0.74465	-0.0576877
0.744675	-0.0444401
0.7447	-0.0592463
0.744725	-0.0374266
0.74475	-0.0265168
0.744775	-0.0389852
0.7448	-0.0685975
0.744825	-0.0787281
0.74485	-0.0717146
0.744875	-0.0857415
0.7449	-0.0662597
0.744925	-0.0452193
0.74495	-0.092755
0.744975	-0.0171655
0.745	-0.0265168
0.745025	-0.0459986
0.74505	-0.0880794
0.745075	-0.0709354
0.7451	-0.00235933
0.745125	0.0233567
0.74515	-0.0210619
0.745175	-0.0545706
0.7452	-0.0717146
0.745225	-0.0569084
0.74525	-0.0459986
0.745275	-0.0615841
0.7453	-0.0249582
0.745325	-0.0748317
0.74535	-0.0958721
0.745375	-0.0795074
0.7454	-0.0553499
0.745425	-0.0280753
0.74545	-0.0132691
0.745475	-0.0319717
0.7455	-0.0272961
0.745525	-0.0319717
0.74555	-0.0849623
0.745575	-0.0685975
0.7456	-0.106782
0.745625	-0.0514535
0.74565	-0.0717146
0.745675	-0.0545706
0.7457	-0.0647012
0.745725	-0.0561292
0.74575	-0.0701561
0.745775	-0.0647012
0.7458	-0.0428815
0.745825	-0.00080078
0.74585	-0.116912
0.745875	-0.0740524
0.7459	-0.0304132
0.745925	-0.0522328
0.74595	-0.0522328
0.745975	-0.0343095
0.746	-0.0366473
0.746025	-0.0491157
0.74605	-0.00235933
0.746075	-0.0350888
0.7461	-0.0561292
0.746125	-0.058467
0.74615	-0.0382059
0.746175	-0.0163862
0.7462	-0.0311924
0.746225	-0.0717146
0.74625	-0.084183
0.746275	-0.0514535
0.7463	-0.103665
0.746325	-0.0950928
0.74635	-0.0935343
0.746375	-0.0732732
0.7464	-0.0787281
0.746425	-0.0919757
0.74645	-0.112237
0.746475	-0.0444401
0.7465	-0.0553499
0.746525	-0.0561292
0.74655	-0.0233997
0.746575	-0.0124899
0.7466	-0.0350888
0.746625	-0.0935343
0.74665	-0.0631426
0.746675	-0.0787281
0.7467	-0.0982099
0.746725	-0.136394
0.74675	-0.067039
0.746775	-0.13016
0.7468	-0.0911965
0.746825	-0.0678183
0.74685	-0.0647012
0.746875	-0.105223
0.7469	-0.0888586
0.746925	-0.067039
0.74695	-0.00937278
0.746975	-0.0202826
0.747	-0.0452193
0.747025	-0.049895
0.74705	-0.0693768
0.747075	-0.0717146
0.7471	-0.0117106
0.747125	-0.0187241
0.74715	-0.0382059
0.747175	-0.0748317
0.7472	-0.112237
0.747225	-0.0818452
0.74725	-0.0459986
0.747275	-0.0195033
0.7473	-0.0311924
0.747325	-0.0382059
0.74735	-0.092755
0.747375	-0.0966514
0.7474	-0.0195033
0.747425	-0.0530121
0.74745	-0.0117106
0.747475	-0.0358681
0.7475	-0.0787281
0.747525	-0.0124899
0.74755	-0.0171655
0.747575	-0.0491157
0.7476	-0.0350888
0.747625	-0.0678183
0.74765	-0.0436608
0.747675	-0.0569084
0.7477	-0.0662597
0.747725	-0.0615841
0.74775	-0.0405437
0.747775	-0.0857415
0.7478	-0.0467779
0.747825	-0.0311924
0.74785	-0.0319717
0.747875	-0.0732732
0.7479	-0.0615841
0.747925	-0.0911965
0.74795	-0.0911965
0.747975	-0.0545706
0.748	-0.092755
0.748025	-0.0272961
0.74805	-0.00703496
0.748075	0.00309559
0.7481	-0.0124899
0.748125	-0.0101521
0.74815	-0.0717146
0.748175	-0.0662597
0.7482	-0.0257375
0.748225	-0.0491157
0.74825	-0.0982099
0.748275	-0.092755
0.7483	-0.0724939
0.748325	-0.0428815
0.74835	-0.0685975
0.748375	-0.0709354
0.7484	-0.0537913
0.748425	-0.0919757
0.74845	-0.0576877
0.748475	-0.0989892
0.7485	-0.0506743
0.748525	-0.0600255
0.74855	-0.0717146
0.748575	-0.102886
0.7486	-0.041323
0.748625	-0.0257375
0.74865	-0.0530121
0.748675	-0.0966514
0.7487	-0.0647012
0.748725	-0.0904172
0.74875	-0.00547642
0.748775	-0.0304132
0.7488	-0.0810659
0.748825	-0.0857415
0.74885	-0.0366473
0.748875	-0.0272961
0.7489	-0.0662597
0.748925	-0.0873001
0.74895	-0.0709354
0.748975	-0.0693768
0.749	-0.0428815
0.749025	-0.0701561
0.74905	-0.0654804
0.749075	-0.134056
0.7491	-0.0631426
0.749125	-0.0343095
0.74915	-0.084183
0.749175	-0.092755
0.7492	-0.0678183
0.749225	-0.0195033
0.74925	-0.00391787
0.749275	-0.0522328
0.7493	-0.0467779
0.749325	-0.0935343
0.74935	-0.0826244
0.749375	-0.0483364
0.7494	-0.0374266
0.749425	-0.0335302
0.74945	-0.0865208
0.749475	-0.0600255
0.7495	-0.0896379
0.749525	-0.084183
0.74955	-0.102106
0.749575	-0.106003
0.7496	-0.127043
0.749625	-0.075611
0.74965	-0.0436608
0.749675	-0.0553499
0.7497	-0.0233997
0.749725	-0.107561
0.74975	-0.084183
0.749775	-0.117692
0.7498	-0.0724939
0.749825	-0.075611
0.74985	-0.126264
0.749875	-0.0685975
0.7499	-0.0249582
0.749925	-0.00859351
0.74995	-0.00391787
0.749975	-0.0576877
0.75	-0.0311924
0.750025	-0.0514535
0.75005	-0.0421023
0.750075	-0.075611
0.7501	-0.0319717
0.750125	-0.0296339
0.75015	-0.0444401
0.750175	-0.0311924
0.7502	-0.0608048
0.750225	-0.0709354
0.75025	-0.0709354
0.750275	-0.015607
0.7503	-0.0459986
0.750325	-0.0724939
0.75035	-0.0662597
0.750375	-0.0537913
0.7504	-0.0475572
0.750425	-0.092755
0.75045	-0.0787281
0.750475	-0.0545706
0.7505	-0.0374266
0.750525	-0.0397644
0.75055	-0.0678183
0.750575	0.00231631
0.7506	-0.0459986
0.750625	-0.0545706
0.75065	-0.0600255
0.750675	-0.0771695
0.7507	-0.0233997
0.750725	-0.0233997
0.75075	-0.0163862
0.750775	-0.0748317
0.7508	-0.0748317
0.750825	-0.0600255
0.75085	-0.0553499
0.750875	-0.0857415
0.7509	-0.0421023
0.750925	-0.0389852
0.75095	-0.0569084
0.750975	-0.0452193
0.751	-0.0366473
0.751025	-0.0888586
0.75105	-0.0974306
0.751075	-0.0911965
0.7511	-0.0257375
0.751125	-0.0647012
0.75115	-0.024179
0.751175	-0.049895
0.7512	-0.0685975
0.751225	-0.0343095
0.75125	-0.0615841
0.751275	-0.116912
0.7513	-0.0639219
0.751325	-0.058467
0.75135	-0.0748317
0.751375	-0.084183
0.7514	-0.0943135
0.751425	-0.0631426
0.75145	-0.0717146
0.751475	-0.0810659
0.7515	-0.0639219
0.751525	-0.0319717
0.75155	-0.0623633
0.751575	-0.0615841
0.7516	-0.0810659
0.751625	-0.0280753
0.75165	0.0256945
0.751675	0.00699195
0.7517	-0.0779488
0.751725	-0.0834037
0.75175	-0.0701561
0.751775	-0.0810659
0.7518	-0.0576877
0.751825	-0.0421023
0.75185	-0.0561292
0.751875	-0.0226204
0.7519	-0.0335302
0.751925	-0.00703496
0.75195	-0.116912
0.751975	-0.0802866
0.752	-0.0935343
0.752025	-0.127043
0.75205	-0.084183
0.752075	-0.058467
0.7521	-0.0732732
0.752125	-0.0280753
0.75215	-0.0514535
0.752175	-0.0459986
0.7522	-0.0288546
0.752225	-0.0615841
0.75225	-0.106003
0.752275	-0.0724939
0.7523	-0.041323
0.752325	-0.0397644
0.75235	-0.00625569
0.752375	-0.0592463
0.7524	-0.0639219
0.752425	-0.032751
0.75245	-0.0233997
0.752475	-0.0545706
0.7525	-0.0685975
0.752525	-0.0787281
0.75255	-0.0740524
0.752575	-0.0732732
0.7526	-0.0444401
0.752625	-0.0522328
0.75265	-0.041323
0.752675	-0.0428815
0.7527	-0.0405437
0.752725	-0.024179
0.75275	-0.0631426
0.752775	-0.0132691
0.7528	-0.00547642
0.752825	-0.041323
0.75285	-0.0888586
0.752875	-0.0218412
0.7529	-0.0561292
0.752925	-0.0436608
0.75295	-0.0717146
0.752975	-0.0522328
0.753	-0.0631426
0.753025	-0.114575
0.75305	-0.084183
0.753075	-0.058467
0.7531	-0.0218412
0.753125	-0.0101521
0.75315	-0.0382059
0.753175	-0.075611
0.7532	-0.0428815
0.753225	-0.0537913
0.75325	-0.0592463
0.753275	-0.0662597
0.7533	-0.101327
0.753325	-0.114575
0.75335	-0.0491157
0.753375	-0.116912
0.7534	-0.0358681
0.753425	-0.0592463
0.75345	-0.0537913
0.753475	-0.0280753
0.7535	-0.0475572
0.753525	-0.105223
0.75355	-0.0732732
0.753575	-0.0717146
0.7536	-0.0709354
0.753625	-0.0265168
0.75365	-0.0615841
0.753675	-0.0506743
0.7537	-0.0405437
0.753725	0.0085505
0.75375	-0.0569084
0.753775	-0.10834
0.7538	-0.109899
0.753825	-0.10834
0.75385	-0.0880794
0.753875	-0.0592463
0.7539	-0.0148277
0.753925	-0.0187241
0.75395	-0.0148277
0.753975	-0.0950928
0.754	-0.075611
0.754025	-0.0163862
0.75405	-0.0530121
0.754075	-0.032751
0.7541	-0.00391787
0.754125	-0.0202826
0.75415	-0.0911965
0.754175	-0.0530121
0.7542	-0.049895
0.754225	-0.104444
0.75425	-0.0771695
0.754275	-0.075611
0.7543	-0.0311924
0.754325	-0.0218412
0.75435	-0.0997685
0.754375	-0.0950928
0.7544	-0.109899
0.754425	-0.0631426
0.75445	-0.112237
0.754475	-0.106782
0.7545	-0.0896379
0.754525	-0.0483364
0.75455	-0.0724939
0.754575	-0.0709354
0.7546	-0.0444401
0.754625	-0.015607
0.75465	-0.0226204
0.754675	-0.0124899
0.7547	-0.0685975
0.754725	-0.0405437
0.75475	-0.0475572
0.754775	-0.0678183
0.7548	-0.0506743
0.754825	-0.107561
0.75485	-0.102886
0.754875	-0.0444401
0.7549	-0.0179448
0.754925	-0.0608048
0.75495	-0.0428815
0.754975	-0.0530121
0.755	-0.0366473
0.755025	-0.00625569
0.75505	-0.0724939
0.755075	-0.0537913
0.7551	-0.0226204
0.755125	-0.0467779
0.75515	-0.0459986
0.755175	-0.0873001
0.7552	-0.0724939
0.755225	-0.0530121
0.75525	-0.0210619
0.755275	-0.0576877
0.7553	-0.0522328
0.755325	-0.0639219
0.75535	-0.024179
0.755375	-0.00158005
0.7554	-0.0522328
0.755425	-0.0576877
0.75545	-0.0685975
0.755475	-0.0569084
0.7555	-0.0810659
0.755525	-0.115354
0.75555	-0.0678183
0.755575	-0.0545706
0.7556	-0.0148277
0.755625	-0.0171655
0.75565	-0.00469715
0.755675	-0.0265168
0.7557	-0.092755
0.755725	-0.0950928
0.75575	-0.0724939
0.755775	-0.0834037
0.7558	-0.0592463
0.755825	-0.0888586
0.75585	-0.041323
0.755875	-0.0802866
0.7559	-0.0763903
0.755925	-0.0561292
0.75595	-0.0358681
0.755975	-0.11925
0.756	-0.0272961
0.756025	-0.0187241
0.75605	-0.0693768
0.756075	-0.0452193
0.7561	-0.0732732
0.756125	-0.0179448
0.75615	-0.0647012
0.756175	-0.0639219
0.7562	-0.0685975
0.756225	-0.0631426
0.75625	-0.0319717
0.756275	-0.0989892
0.7563	-0.1512
0.756325	-0.0732732
0.75635	-0.0709354
0.756375	-0.0475572
0.7564	-0.0459986
0.756425	-0.0569084
0.75645	-0.0678183
0.756475	-0.0592463
0.7565	-0.075611
0.756525	-0.0592463
0.75655	-0.0319717
0.756575	-0.015607
0.7566	-0.0623633
0.756625	-0.0834037
0.75665	-0.0210619
0.756675	0.0116676
0.7567	-0.049895
0.756725	-0.0748317
0.75675	-0.0826244
0.756775	-0.0545706
0.7568	-0.0475572
0.756825	-0.0678183
0.75685	-0.0389852
0.756875	-0.0522328
0.7569	-0.084183
0.756925	-0.041323
0.75695	-0.0615841
0.756975	-0.0950928
0.757	-0.0374266
0.757025	-0.0444401
0.75705	-0.0265168
0.757075	-0.0467779
0.7571	-0.0421023
0.757125	-0.0101521
0.75715	-0.058467
0.757175	-0.0475572
0.7572	-0.112237
0.757225	-0.128602
0.75725	-0.0763903
0.757275	-0.129381
0.7573	-0.0491157
0.757325	-0.0350888
0.75735	-0.0226204
0.757375	-0.0444401
0.7574	-0.102106
0.757425	-0.0873001
0.75745	-0.0514535
0.757475	-0.0763903
0.7575	-0.049895
0.757525	-0.0600255
0.75755	-0.0810659
0.757575	-0.0873001
0.7576	-0.0311924
0.757625	-0.0545706
0.75765	-0.0569084
0.757675	-0.0795074
0.7577	-0.0709354
0.757725	-0.0319717
0.75775	-0.0709354
0.757775	-0.0545706
0.7578	-0.0405437
0.757825	-0.0483364
0.75785	-0.0615841
0.757875	-0.0958721
0.7579	-0.0592463
0.757925	-0.0444401
0.75795	-0.0717146
0.757975	-0.0896379
0.758	-0.0553499
0.758025	-0.0561292
0.75805	-0.0615841
0.758075	-0.0724939
0.7581	-0.0654804
0.758125	-0.049895
0.75815	-0.0304132
0.758175	-0.067039
0.7582	-0.0459986
0.758225	-0.0771695
0.75825	-0.0943135
0.758275	-0.0124899
0.7583	-0.0101521
0.758325	-0.0491157
0.75835	-0.0382059
0.758375	-0.00781424
0.7584	-0.110678
0.758425	-0.0561292
0.75845	-0.0506743
0.758475	-0.075611
0.7585	-0.0623633
0.758525	-0.0787281
0.75855	-0.143408
0.758575	-0.134836
0.7586	-0.0873001
0.758625	-0.0592463
0.75865	-0.0272961
0.758675	0.0140054
0.7587	-0.0101521
0.758725	-0.0319717
0.75875	-0.0950928
0.758775	-0.15198
0.7588	-0.0662597
0.758825	-0.0382059
0.75885	-0.0576877
0.758875	-0.0685975
0.7589	-0.0117106
0.758925	-0.0545706
0.75895	-0.101327
0.758975	-0.0997685
0.759	-0.0335302
0.759025	-0.0405437
0.75905	-0.0374266
0.759075	-0.0561292
0.7591	-0.0218412
0.759125	0.0085505
0.75915	-0.0195033
0.759175	-0.0109313
0.7592	-0.0397644
0.759225	-0.0911965
0.75925	-0.0452193
0.759275	-0.075611
0.7593	-0.0249582
0.759325	-0.0257375
0.75935	-0.0771695
0.759375	-0.0763903
0.7594	-0.0639219
0.759425	-0.0335302
0.75945	-0.0436608
0.759475	-0.0475572
0.7595	-0.075611
0.759525	-0.0537913
0.75955	-0.0724939
0.759575	-0.0514535
0.7596	-0.032751
0.759625	-0.115354
0.75965	-0.105223
0.759675	-0.0631426
0.7597	-0.0654804
0.759725	-0.0288546
0.75975	-0.067039
0.759775	-0.049895
0.7598	-0.10834
0.759825	-0.0763903
0.75985	-0.0647012
0.759875	-0.049895
0.7599	-0.092755
0.759925	-0.120809
0.75995	-0.0109313
0.759975	-0.0101521
0.76	-0.00391787
0.760025	-0.0810659
0.76005	-0.075611
0.760075	-0.0459986
0.7601	-0.0662597
0.760125	-0.067039
0.76015	-0.0514535
0.760175	-0.067039
0.7602	-0.142628
0.760225	-0.0421023
0.76025	-0.0724939
0.760275	-0.0444401
0.7603	-0.0483364
0.760325	-0.0600255
0.76035	-0.0919757
0.760375	-0.0865208
0.7604	-0.0740524
0.760425	-0.0623633
0.76045	-0.0623633
0.760475	-0.049895
0.7605	-0.0272961
0.760525	-0.067039
0.76055	-0.0740524
0.760575	-0.067039
0.7606	-0.0678183
0.760625	-0.0272961
0.76065	-0.0202826
0.760675	-0.0233997
0.7607	-0.024179
0.760725	-0.00080078
0.76075	-0.0654804
0.760775	-0.0740524
0.7608	-0.0818452
0.760825	-0.0810659
0.76085	-0.0615841
0.760875	-0.0701561
0.7609	-0.058467
0.760925	-0.0569084
0.76095	-0.0226204
0.760975	-0.0374266
0.761	-0.0405437
0.761025	-0.0950928
0.76105	-0.0974306
0.761075	-0.0732732
0.7611	-0.067039
0.761125	-0.100548
0.76115	-0.0210619
0.761175	-0.0444401
0.7612	-0.0358681
0.761225	-0.0272961
0.76125	-0.0639219
0.761275	-0.0810659
0.7613	-0.0779488
0.761325	-0.0693768
0.76135	-0.104444
0.761375	-0.0982099
0.7614	-0.0802866
0.761425	-0.0405437
0.76145	-0.0272961
0.761475	-0.00703496
0.7615	-0.0693768
0.761525	-0.0740524
0.76155	-0.0592463
0.761575	-0.0545706
0.7616	-0.0226204
0.761625	-2.1507e-05
0.76165	-2.1507e-05
0.761675	-0.024179
0.7617	-0.110678
0.761725	-0.0748317
0.76175	-0.0311924
0.761775	-0.0834037
0.7618	-0.058467
0.761825	-0.049895
0.76185	-0.0888586
0.761875	-0.104444
0.7619	-0.10912
0.761925	-0.0631426
0.76195	-0.0693768
0.761975	-0.0374266
0.762	-0.0873001
0.762025	-0.00080078
0.76205	-0.0132691
0.762075	-0.0195033
0.7621	0.0124469
0.762125	-0.0935343
0.76215	-0.067039
0.762175	-0.158214
0.7622	-0.0724939
0.762225	-0.0576877
0.76225	-0.0491157
0.762275	-0.0615841
0.7623	-0.0311924
0.762325	-0.0631426
0.76235	-0.0615841
0.762375	-0.0771695
0.7624	-0.0779488
0.762425	-0.00937278
0.76245	-0.0530121
0.762475	-0.058467
0.7625	-0.0506743
0.762525	-0.0826244
0.76255	-0.0600255
0.762575	-0.113016
0.7626	-0.100548
0.762625	-0.0810659
0.76265	-0.0195033
0.762675	-0.0631426
0.7627	-0.0491157
0.762725	-0.0491157
0.76275	-0.0452193
0.762775	-0.00859351
0.7628	-0.0662597
0.762825	-0.0467779
0.76285	-0.112237
0.762875	-0.092755
0.7629	-0.0943135
0.762925	-0.067039
0.76295	-0.0421023
0.762975	-0.0249582
0.763	-0.0389852
0.763025	-0.0436608
0.76305	-0.0506743
0.763075	-0.0405437
0.7631	-0.0210619
0.763125	-0.0537913
0.76315	-0.0530121
0.763175	-0.0600255
0.7632	-0.0709354
0.763225	-0.0382059
0.76325	-0.0436608
0.763275	-0.0444401
0.7633	-0.0802866
0.763325	-0.084183
0.76335	-0.127043
0.763375	-0.0763903
0.7634	-0.0421023
0.763425	-0.0576877
0.76345	-0.0654804
0.763475	-0.0576877
0.7635	-0.0639219
0.763525	-0.032751
0.76355	-0.0880794
0.763575	-0.0873001
0.7636	-0.0335302
0.763625	-0.0405437
0.76365	-0.0475572
0.763675	-0.12003
0.7637	-0.127822
0.763725	-0.0639219
0.76375	-0.0459986
0.763775	-0.0732732
0.7638	-0.084183
0.763825	-0.0732732
0.76385	-0.0436608
0.763875	-0.0452193
0.7639	-0.0779488
0.763925	-0.0888586
0.76395	-0.0724939
0.763975	-0.0366473
0.764	-0.0522328
0.764025	-0.0031386
0.76405	-0.0483364
0.764075	-0.0818452
0.7641	-0.0467779
0.764125	-0.0662597
0.76415	-0.0350888
0.764175	-0.0257375
0.7642	-0.0405437
0.764225	-0.024179
0.76425	-0.0561292
0.764275	-0.0732732
0.7643	-0.0740524
0.764325	-0.058467
0.76435	-0.0405437
0.764375	-0.075611
0.7644	-0.0647012
0.764425	0.0054334
0.76445	-0.00625569
0.764475	-0.0210619
0.7645	-0.0296339
0.764525	-0.0740524
0.76455	-0.0467779
0.764575	-0.0319717
0.7646	-0.049895
0.764625	-0.0475572
0.76465	-0.0631426
0.764675	-0.0935343
0.7647	-0.102106
0.764725	-0.0304132
0.76475	-0.00469715
0.764775	-0.0233997
0.7648	-0.00937278
0.764825	-0.0358681
0.76485	-0.0171655
0.764875	-0.0358681
0.7649	-0.136394
0.764925	-0.0802866
0.76495	-0.0631426
0.764975	-0.0569084
0.765	-0.0335302
0.765025	-0.0459986
0.76505	-0.0693768
0.765075	-0.0818452
0.7651	-0.14107
0.765125	-0.0966514
0.76515	-0.0982099
0.765175	-0.0771695
0.7652	-0.0522328
0.765225	-0.0530121
0.76525	-0.0639219
0.765275	-0.084183
0.7653	-0.0709354
0.765325	-0.058467
0.76535	-0.0358681
0.765375	-0.00625569
0.7654	-0.00158005
0.765425	-0.00235933
0.76545	-0.0226204
0.765475	-0.0343095
0.7655	-0.0849623
0.765525	-0.0950928
0.76555	-0.0569084
0.765575	-0.0389852
0.7656	-0.0724939
0.765625	-0.154318
0.76565	-0.0763903
0.765675	-0.111458
0.7657	-0.0537913
0.765725	-0.0265168
0.76575	-0.0615841
0.765775	-0.0818452
0.7658	-0.0982099
0.765825	-0.0514535
0.76585	-0.0771695
0.765875	-0.0779488
0.7659	-0.0826244
0.765925	-0.0288546
0.76595	-0.0358681
0.765975	-0.0405437
0.766	-0.0631426
0.766025	-0.0592463
0.76605	-0.0662597
0.766075	-0.0553499
0.7661	-0.0467779
0.766125	-0.0179448
0.76615	-0.0296339
0.766175	-0.0724939
0.7662	-0.0818452
0.766225	-0.0475572
0.76625	-0.00158005
0.766275	-0.0389852
0.7663	-0.0218412
0.766325	-0.0545706
0.76635	-0.0935343
0.766375	-0.0654804
0.7664	-0.0974306
0.766425	-0.0374266
0.76645	0.000757766
0.766475	-0.0631426
0.7665	-0.0280753
0.766525	-0.0654804
0.76655	-0.0631426
0.766575	-0.058467
0.7666	-0.0631426
0.766625	-0.0592463
0.76665	-0.0950928
0.766675	-0.0818452
0.7667	-0.0685975
0.766725	-0.0639219
0.76675	-0.0709354
0.766775	-0.0717146
0.7668	-0.0647012
0.766825	-0.067039
0.76685	-0.102886
0.766875	-0.105223
0.7669	-0.0904172
0.766925	-2.1507e-05
0.76695	-0.0374266
0.766975	-0.0592463
0.767	-0.075611
0.767025	-0.058467
0.76705	-0.0405437
0.767075	0.0436178
0.7671	-0.0288546
0.767125	-0.0257375
0.76715	-0.0911965
0.767175	-0.0779488
0.7672	-0.084183
0.767225	-0.0802866
0.76725	-0.0366473
0.767275	-0.0358681
0.7673	-0.0335302
0.767325	-0.0257375
0.76735	-0.0818452
0.767375	-0.0950928
0.7674	-0.0709354
0.767425	-0.0553499
0.76745	-0.0530121
0.767475	-0.0195033
0.7675	-0.041323
0.767525	-0.0452193
0.76755	-0.130939
0.767575	-0.0459986
0.7676	-0.0748317
0.767625	-0.0880794
0.76765	-0.092755
0.767675	-0.0678183
0.7677	-0.0974306
0.767725	-0.075611
0.76775	-0.0748317
0.767775	-0.0795074
0.7678	-0.113795
0.767825	-0.0701561
0.76785	-0.0857415
0.767875	-0.112237
0.7679	-0.0763903
0.767925	-0.0358681
0.76795	-0.101327
0.767975	0.00699195
0.768	-0.0319717
0.768025	-0.0109313
0.76805	-0.0958721
0.768075	-0.0553499
0.7681	-0.0592463
0.768125	-0.032751
0.76815	-0.0304132
0.768175	-0.0218412
0.7682	-0.0366473
0.768225	-0.0795074
0.76825	-0.0506743
0.768275	-0.0421023
0.7683	-0.0592463
0.768325	-0.0389852
0.76835	-0.0459986
0.768375	-0.0405437
0.7684	-0.0748317
0.768425	-0.0802866
0.76845	-0.0654804
0.768475	-0.0421023
0.7685	-0.0763903
0.768525	-0.0989892
0.76855	-0.0452193
0.768575	-0.00859351
0.7686	-0.0366473
0.768625	-0.024179
0.76865	-0.0623633
0.768675	-0.0615841
0.7687	0.00621268
0.768725	-0.0202826
0.76875	-0.113016
0.768775	-0.124705
0.7688	-0.0350888
0.768825	-0.0382059
0.76885	-0.0537913
0.768875	-0.0818452
0.7689	-0.0569084
0.768925	-0.0763903
0.76895	-0.0857415
0.768975	-0.041323
0.769	-0.0600255
0.769025	-0.0724939
0.76905	-0.0771695
0.769075	-0.0608048
0.7691	-0.0724939
0.769125	-0.0374266
0.76915	-0.0374266
0.769175	-0.0272961
0.7692	-0.0615841
0.769225	-0.0389852
0.76925	-0.0358681
0.769275	-0.100548
0.7693	-0.0561292
0.769325	-0.0335302
0.76935	0.00621268
0.769375	-0.0553499
0.7694	-0.0265168
0.769425	-0.0592463
0.76945	-0.0537913
0.769475	-0.0257375
0.7695	-0.105223
0.769525	-0.0748317
0.76955	-0.11925
0.769575	-0.0553499
0.7696	-0.0787281
0.769625	-0.0740524
0.76965	-0.0678183
0.769675	-0.0709354
0.7697	-0.0483364
0.769725	-0.0343095
0.76975	-0.049895
0.769775	-0.0685975
0.7698	-0.00080078
0.769825	-0.0350888
0.76985	-0.032751
0.769875	-0.0802866
0.7699	-0.0834037
0.769925	-0.0873001
0.76995	-0.0218412
0.769975	0.010109
0.77	-0.0818452
0.770025	-0.130939
0.77005	-0.0467779
0.770075	-0.0467779
0.7701	-0.0366473
0.770125	-0.0685975
0.77015	-0.0857415
0.770175	-0.0654804
0.7702	-0.0623633
0.770225	-0.0405437
0.77025	-0.0272961
0.770275	-0.0350888
0.7703	-0.0865208
0.770325	-0.0608048
0.77035	-0.0724939
0.770375	-0.0101521
0.7704	-0.0904172
0.770425	-0.058467
0.77045	-0.0623633
0.770475	-0.0678183
0.7705	-0.0966514
0.770525	-0.106782
0.77055	-0.0795074
0.770575	-0.0709354
0.7706	-0.0304132
0.770625	-0.0311924
0.77065	-0.0615841
0.770675	-0.0748317
0.7707	-0.0779488
0.770725	-0.0202826
0.77075	-0.0771695
0.770775	-0.170682
0.7708	-0.0421023
0.770825	-0.0280753
0.77085	-0.0553499
0.770875	-0.0615841
0.7709	-0.0514535
0.770925	-0.0717146
0.77095	-0.0600255
0.770975	-0.0132691
0.771	-0.0444401
0.771025	-0.0530121
0.77105	-0.049895
0.771075	-0.0140484
0.7711	-0.0280753
0.771125	-0.0717146
0.77115	-0.0693768
0.771175	-0.0904172
0.7712	-0.0569084
0.771225	-0.041323
0.77125	-0.075611
0.771275	-0.102886
0.7713	-0.117692
0.771325	-0.0834037
0.77135	-0.0304132
0.771375	-0.0467779
0.7714	0.00621268
0.771425	-0.0140484
0.77145	0.0295909
0.771475	-0.041323
0.7715	-0.0382059
0.771525	-0.0802866
0.77155	-0.0561292
0.771575	-0.0615841
0.7716	-0.0483364
0.771625	-0.0717146
0.77165	-0.0795074
0.771675	-0.0576877
0.7717	-0.0561292
0.771725	-0.0693768
0.77175	-0.0592463
0.771775	-0.0226204
0.7718	-0.0787281
0.771825	-0.0475572
0.77185	-0.0335302
0.771875	-0.0382059
0.7719	-0.0202826
0.771925	-0.0615841
0.77195	-0.0171655
0.771975	-0.0834037
0.772	-0.152759
0.772025	-0.0654804
0.77205	-0.0272961
0.772075	-0.0304132
0.7721	-0.049895
0.772125	-0.0233997
0.77215	-0.0701561
0.772175	-0.084183
0.7722	-0.0405437
0.772225	-0.0709354
0.77225	-0.101327
0.772275	-0.0771695
0.7723	-0.0943135
0.772325	-0.0592463
0.77235	-0.0405437
0.772375	-0.0179448
0.7724	-0.0374266
0.772425	-0.0685975
0.77245	-0.0709354
0.772475	-0.0943135
0.7725	-0.0405437
0.772525	-0.117692
0.77255	-0.0569084
0.772575	-0.0608048
0.7726	-0.0483364
0.772625	-0.0982099
0.77265	-0.0662597
0.772675	-0.0483364
0.7727	-0.0771695
0.772725	-0.0623633
0.77275	-0.0132691
0.772775	-0.0724939
0.7728	-0.0249582
0.772825	-0.0966514
0.77285	-0.0935343
0.772875	-0.0779488
0.7729	-0.0397644
0.772925	-0.00547642
0.77295	-0.0787281
0.772975	-0.0576877
0.773	-0.0280753
0.773025	-0.0452193
0.77305	-0.0233997
0.773075	-0.0226204
0.7731	-0.0249582
0.773125	-0.0506743
0.77315	-0.0826244
0.773175	-0.123926
0.7732	-0.0491157
0.773225	-0.0428815
0.77325	-0.0257375
0.773275	-0.0374266
0.7733	-0.0904172
0.773325	-0.0717146
0.77335	-0.0639219
0.773375	-0.0701561
0.7734	-0.092755
0.773425	-0.0771695
0.77345	-0.113795
0.773475	-0.0873001
0.7735	-0.0779488
0.773525	-0.0405437
0.77355	-0.0195033
0.773575	-0.0202826
0.7736	-0.0265168
0.773625	-0.0709354
0.77365	-0.0740524
0.773675	-0.0459986
0.7737	-0.0537913
0.773725	-0.0467779
0.77375	-0.0654804
0.773775	-0.0709354
0.7738	-0.0249582
0.773825	-0.0732732
0.77385	-0.0662597
0.773875	-0.0748317
0.7739	-0.106782
0.773925	-0.0475572
0.77395	-0.0647012
0.773975	-0.103665
0.774	-0.0319717
0.774025	-0.0335302
0.77405	-0.0506743
0.774075	-0.00703496
0.7741	-0.058467
0.774125	-0.0701561
0.77415	-0.0919757
0.774175	-0.0982099
0.7742	-0.0233997
0.774225	-0.00080078
0.77425	-0.0366473
0.774275	-0.0304132
0.7743	-0.0592463
0.774325	-0.109899
0.77435	-0.0444401
0.774375	-0.0771695
0.7744	-0.0802866
0.774425	-0.0265168
0.77445	-0.0163862
0.774475	-0.0382059
0.7745	-0.0537913
0.774525	-0.0647012
0.77455	-0.067039
0.774575	-0.0374266
0.7746	-0.0031386
0.774625	-0.075611
0.77465	-0.104444
0.774675	-0.0865208
0.7747	-0.0701561
0.774725	-0.0436608
0.77475	-0.0561292
0.774775	-0.0787281
0.7748	-0.0732732
0.774825	-0.0662597
0.77485	-0.015607
0.774875	-0.0514535
0.7749	-0.0366473
0.774925	-0.0888586
0.77495	-0.0763903
0.774975	-0.0335302
0.775	-0.00937278
0.775025	-0.0522328
0.77505	-0.0343095
0.775075	-0.0615841
0.7751	-0.102106
0.775125	-0.0647012
0.77515	-0.0545706
0.775175	-0.0514535
0.7752	-0.0763903
0.775225	-0.0467779
0.77525	-0.0919757
0.775275	-0.0958721
0.7753	-0.114575
0.775325	-0.075611
0.77535	-0.0350888
0.775375	-0.032751
0.7754	-0.0350888
0.775425	-0.0569084
0.77545	-0.0280753
0.775475	-0.0982099
0.7755	-0.0662597
0.775525	-0.0771695
0.77555	-0.0140484
0.775575	0.0210189
0.7756	0.010109
0.775625	-0.0943135
0.77565	-0.0467779
0.775675	-0.0202826
0.7757	-0.0779488
0.775725	-0.0810659
0.77575	-0.0491157
0.775775	-0.0561292
0.7758	-0.101327
0.775825	-0.0491157
0.77585	-0.0717146
0.775875	-0.0615841
0.7759	-0.092755
0.775925	-0.0810659
0.77595	-0.0459986
0.775975	-0.0452193
0.776	-0.0226204
0.776025	-0.0288546
0.77605	-0.0467779
0.776075	-0.10834
0.7761	-0.0748317
0.776125	-0.0896379
0.77615	-0.0537913
0.776175	-0.0608048
0.7762	-0.0304132
0.776225	-0.0545706
0.77625	-0.084183
0.776275	-0.0467779
0.7763	-0.0857415
0.776325	-0.0974306
0.77635	-0.123926
0.776375	-0.0615841
0.7764	-0.0958721
0.776425	-0.0280753
0.77645	-0.0374266
0.776475	-0.102886
0.7765	-0.0576877
0.776525	-0.0654804
0.77655	-0.0530121
0.776575	-0.0958721
0.7766	-0.0732732
0.776625	-0.0265168
0.77665	-0.0724939
0.776675	-0.0537913
0.7767	-0.0763903
0.776725	-0.0226204
0.77675	-0.0561292
0.776775	-0.0553499
0.7768	-0.0210619
0.776825	-0.0436608
0.77685	-0.0335302
0.776875	-0.0459986
0.7769	-0.0958721
0.776925	-0.0795074
0.77695	-0.0475572
0.776975	-0.0265168
0.777	-0.0350888
0.777025	-0.0428815
0.77705	-0.100548
0.777075	-0.0265168
0.7771	-0.0600255
0.777125	-0.0880794
0.77715	-0.0989892
0.777175	-0.0834037
0.7772	-0.101327
0.777225	-0.049895
0.77725	-0.0537913
0.777275	-0.0343095
0.7773	-0.092755
0.777325	-0.0950928
0.77735	-0.0545706
0.777375	-0.0810659
0.7774	-0.0810659
0.777425	-0.0226204
0.77745	-0.0132691
0.777475	-0.0272961
0.7775	-0.0467779
0.777525	-0.0389852
0.77755	-0.0678183
0.777575	-0.106782
0.7776	-0.0631426
0.777625	-0.0600255
0.77765	-0.0717146
0.777675	-0.067039
0.7777	-0.0888586
0.777725	-0.0491157
0.77775	-0.0296339
0.777775	-0.0491157
0.7778	-0.0249582
0.777825	-0.00859351
0.77785	-0.0366473
0.777875	-0.0685975
0.7779	-0.0467779
0.777925	-0.0592463
0.77795	-0.0654804
0.777975	-0.0615841
0.778	0.0108883
0.778025	-0.0506743
0.77805	-0.0911965
0.778075	-0.0647012
0.7781	-0.0623633
0.778125	-0.0561292
0.77815	-0.0179448
0.778175	-0.0444401
0.7782	-0.0662597
0.778225	-0.0202826
0.77825	-0.0202826
0.778275	-0.10912
0.7783	-0.102106
0.778325	-0.0989892
0.77835	-0.0717146
0.778375	-0.0382059
0.7784	-0.032751
0.778425	-0.0576877
0.77845	-0.0623633
0.778475	-0.0553499
0.7785	-0.0514535
0.778525	-0.00158005
0.77855	0.0288116
0.778575	-0.100548
0.7786	-0.116912
0.778625	-0.0950928
0.77865	-0.102106
0.778675	-0.0880794
0.7787	-0.0350888
0.778725	-0.0304132
0.77875	-0.041323
0.778775	-0.109899
0.7788	-0.0904172
0.778825	-0.0919757
0.77885	-0.0623633
0.778875	-0.0514535
0.7789	-0.0615841
0.778925	-0.0600255
0.77895	-0.0763903
0.778975	-0.0514535
0.779	-0.0779488
0.779025	-0.0452193
0.77905	-0.0421023
0.779075	-0.0779488
0.7791	-0.0873001
0.779125	-0.0545706
0.77915	-0.0436608
0.779175	-0.0685975
0.7792	-0.0226204
0.779225	-0.0163862
0.77925	-0.0810659
0.779275	-0.0467779
0.7793	-0.0475572
0.779325	-0.0685975
0.77935	-0.0319717
0.779375	-0.0795074
0.7794	-0.0475572
0.779425	0.00699195
0.77945	-0.0117106
0.779475	-0.0911965
0.7795	-0.122367
0.779525	-0.0475572
0.77955	-0.0382059
0.779575	-0.0265168
0.7796	-0.084183
0.779625	-0.0935343
0.77965	-0.12003
0.779675	-0.0631426
0.7797	-0.0865208
0.779725	-0.0834037
0.77975	-0.0350888
0.779775	-0.0857415
0.7798	-0.0826244
0.779825	-0.0818452
0.77985	-0.049895
0.779875	-0.0740524
0.7799	-0.0405437
0.779925	-0.00469715
0.77995	-0.0561292
0.779975	-0.0530121
0.78	-0.0350888
0.780025	-0.0911965
0.78005	-0.0740524
0.780075	-0.0257375
0.7801	-0.0943135
0.780125	-0.0904172
0.78015	-0.103665
0.780175	-0.0514535
0.7802	-0.084183
0.780225	-0.0195033
0.78025	-0.0140484
0.780275	-0.0615841
0.7803	-0.0911965
0.780325	-0.0374266
0.78035	-0.00937278
0.780375	-0.0693768
0.7804	-0.0678183
0.780425	-0.0904172
0.78045	-0.0943135
0.780475	-0.00235933
0.7805	-0.0826244
0.780525	-0.0444401
0.78055	-0.0335302
0.780575	-0.0654804
0.7806	-0.0639219
0.780625	-0.0140484
0.78065	-0.0257375
0.780675	-0.0382059
0.7807	-0.0366473
0.780725	-0.0553499
0.78075	-0.0888586
0.780775	-0.0701561
0.7808	-0.0382059
0.780825	-0.0537913
0.78085	-0.0771695
0.780875	-0.0639219
0.7809	-0.0491157
0.780925	-0.100548
0.78095	-0.0576877
0.780975	-0.084183
0.781	-0.0763903
0.781025	-0.0911965
0.78105	-0.0195033
0.781075	-0.024179
0.7811	-0.0717146
0.781125	-0.114575
0.78115	-0.0982099
0.781175	-0.0569084
0.7812	-0.0545706
0.781225	-0.0873001
0.78125	-0.0623633
0.781275	-0.0834037
0.7813	-0.118471
0.781325	-0.0849623
0.78135	-0.0724939
0.781375	-0.0717146
0.7814	-0.104444
0.781425	-0.0491157
0.78145	-0.0366473
0.781475	-0.0717146
0.7815	-0.0530121
0.781525	-0.0226204
0.78155	-0.0366473
0.781575	-0.0561292
0.7816	-0.0576877
0.781625	-0.0405437
0.78165	-0.0366473
0.781675	-0.0717146
0.7817	-0.0140484
0.781725	0.0108883
0.78175	-0.0101521
0.781775	-0.0335302
0.7818	-0.0109313
0.781825	-0.0576877
0.78185	-0.0982099
0.781875	-0.0288546
0.7819	-0.0265168
0.781925	-0.0350888
0.78195	-0.0491157
0.781975	-0.0389852
0.782	-0.0537913
0.782025	-0.0569084
0.78205	-0.0865208
0.782075	-0.0631426
0.7821	-0.155876
0.782125	-0.101327
0.78215	-0.0117106
0.782175	-0.0421023
0.7822	-0.0101521
0.782225	-0.0974306
0.78225	-0.0350888
0.782275	-0.0662597
0.7823	-0.101327
0.782325	-0.0662597
0.78235	-0.0958721
0.782375	-0.0405437
0.7824	-0.0343095
0.782425	-0.0140484
0.78245	-0.0280753
0.782475	-0.0724939
0.7825	-0.0615841
0.782525	-0.0210619
0.78255	-0.0117106
0.782575	-0.058467
0.7826	-0.114575
0.782625	-0.0366473
0.78265	-0.0779488
0.782675	-0.0561292
0.7827	-0.0654804
0.782725	-0.0779488
0.78275	-0.0179448
0.782775	0.000757766
0.7828	-0.0483364
0.782825	-0.0358681
0.78285	-0.0576877
0.782875	-0.0366473
0.7829	-0.0919757
0.782925	-0.0865208
0.78295	-0.0389852
0.782975	-0.0639219
0.783	-0.032751
0.783025	-0.135615
0.78305	-0.0631426
0.783075	-0.0335302
0.7831	-0.0335302
0.783125	-0.0771695
0.78315	-0.0623633
0.783175	-0.0561292
0.7832	-0.0561292
0.783225	-0.0693768
0.78325	-0.0911965
0.783275	-0.0639219
0.7833	-0.0732732
0.783325	-0.0374266
0.78335	-0.0943135
0.783375	-0.0943135
0.7834	-0.0569084
0.783425	-0.0436608
0.78345	-0.100548
0.783475	-0.0919757
0.7835	-0.0132691
0.783525	-0.0592463
0.78355	-0.160552
0.783575	-0.107561
0.7836	-0.0428815
0.783625	-0.0366473
0.78365	-0.00391787
0.783675	-0.00625569
0.7837	-0.0179448
0.783725	-0.00781424
0.78375	-0.0148277
0.783775	-0.0140484
0.7838	-0.0514535
0.783825	-0.0569084
0.78385	-0.0296339
0.783875	-0.0366473
0.7839	-0.0600255
0.783925	-0.0997685
0.78395	-0.0763903
0.783975	-0.0296339
0.784	-0.0763903
0.784025	-0.106782
0.78405	-0.0600255
0.784075	-0.0639219
0.7841	-0.00469715
0.784125	-0.015607
0.78415	0.00309559
0.784175	-0.0343095
0.7842	-0.104444
0.784225	-0.0896379
0.78425	-0.136394
0.784275	-0.0873001
0.7843	-0.0272961
0.784325	-0.0374266
0.78435	0.0085505
0.784375	-0.0522328
0.7844	-0.0795074
0.784425	-0.0436608
0.78445	-0.0179448
0.784475	-0.0904172
0.7845	-0.10834
0.784525	-0.0834037
0.78455	-0.0459986
0.784575	-0.0709354
0.7846	-0.0857415
0.784625	-0.101327
0.78465	-0.0444401
0.784675	-0.0140484
0.7847	-0.0685975
0.784725	-0.0943135
0.78475	-0.121588
0.784775	-0.102106
0.7848	-0.0280753
0.784825	-0.049895
0.78485	-0.0826244
0.784875	-0.0475572
0.7849	-0.092755
0.784925	-0.00625569
0.78495	-0.0561292
0.784975	-0.0210619
0.785	-0.0475572
0.785025	0.000757766
0.78505	-0.0685975
0.785075	-0.102886
0.7851	-0.0943135
0.785125	-0.058467
0.78515	-0.0880794
0.785175	-0.0654804
0.7852	-0.049895
0.785225	-0.058467
0.78525	-0.0865208
0.785275	-0.0506743
0.7853	-0.0787281
0.785325	-0.0545706
0.78535	-0.0311924
0.785375	-0.0311924
0.7854	-0.0218412
0.785425	-0.0522328
0.78545	-0.0467779
0.785475	-0.0732732
0.7855	-0.0904172
0.785525	-0.0319717
0.78555	-0.0779488
0.785575	-0.0896379
0.7856	-0.164448
0.785625	-0.137174
0.78565	-0.0623633
0.785675	-0.121588
0.7857	-0.058467
0.785725	-0.0561292
0.78575	-0.0561292
0.785775	-0.041323
0.7858	-0.092755
0.785825	-0.12003
0.78585	-0.107561
0.785875	-0.0818452
0.7859	-0.0522328
0.785925	-0.0802866
0.78595	-0.0740524
0.785975	-0.0132691
0.786	-0.0389852
0.786025	-0.0779488
0.78605	-0.0740524
0.786075	-0.0545706
0.7861	-0.0272961
0.786125	0.00465413
0.78615	-0.0467779
0.786175	-0.0132691
0.7862	-0.041323
0.786225	-0.0795074
0.78625	-0.0288546
0.786275	-0.0405437
0.7863	-0.0171655
0.786325	-0.0787281
0.78635	-0.0779488
0.786375	-0.0148277
0.7864	0.010109
0.786425	0.0311494
0.78645	-0.0218412
0.786475	-0.0452193
0.7865	-0.0966514
0.786525	-0.0265168
0.78655	-0.0350888
0.786575	-0.0639219
0.7866	-0.0467779
0.786625	-0.0335302
0.78665	-0.106782
0.786675	-0.0109313
0.7867	-0.041323
0.786725	-0.0421023
0.78675	-0.0693768
0.786775	-0.049895
0.7868	-0.0210619
0.786825	-0.0857415
0.78685	-0.0459986
0.786875	-0.0919757
0.7869	-0.110678
0.786925	-0.0343095
0.78695	0.0108883
0.786975	-0.0436608
0.787	-0.0389852
0.787025	-0.0810659
0.78705	-0.0452193
0.787075	-0.058467
0.7871	-0.0335302
0.787125	-0.00547642
0.78715	-0.049895
0.787175	-0.0537913
0.7872	-0.0382059
0.787225	-0.0857415
0.78725	-0.0685975
0.787275	-0.0647012
0.7873	-0.115354
0.787325	-0.0740524
0.78735	-0.0452193
0.787375	-0.0810659
0.7874	-0.0483364
0.787425	-0.0592463
0.78745	-0.0732732
0.787475	-0.0600255
0.7875	-0.0428815
0.787525	-0.0631426
0.78755	-0.0522328
0.787575	-0.049895
0.7876	-0.12003
0.787625	-0.0647012
0.78765	-0.00469715
0.787675	-0.0171655
0.7877	-0.0405437
0.787725	-0.067039
0.78775	-0.0506743
0.787775	-0.0639219
0.7878	-0.0569084
0.787825	-0.0537913
0.78785	-0.111458
0.787875	-0.129381
0.7879	-0.0467779
0.787925	-0.0717146
0.78795	-0.0311924
0.787975	-0.0545706
0.788	-0.0608048
0.788025	-0.0545706
0.78805	-0.0771695
0.788075	-0.0561292
0.7881	-0.0561292
0.788125	-0.0966514
0.78815	-0.0834037
0.788175	-0.12003
0.7882	-0.0732732
0.788225	-0.0452193
0.78825	-0.0218412
0.788275	-0.00391787
0.7883	-0.0717146
0.788325	-0.0459986
0.78835	-0.0148277
0.788375	-0.116912
0.7884	-0.0865208
0.788425	-0.0685975
0.78845	-0.0732732
0.788475	-0.0997685
0.7885	-0.0709354
0.788525	-0.0459986
0.78855	-0.0530121
0.788575	-0.0982099
0.7886	-0.102886
0.788625	-0.0701561
0.78865	-0.0911965
0.788675	-0.0724939
0.7887	-0.058467
0.788725	-0.0343095
0.78875	-0.00781424
0.788775	-0.0358681
0.7888	-0.0810659
0.788825	-0.0304132
0.78885	-0.0210619
0.788875	-0.0459986
0.7889	-0.0880794
0.788925	-0.114575
0.78895	-0.0545706
0.788975	-0.0701561
0.789	-0.0545706
0.789025	-0.132498
0.78905	-0.0537913
0.789075	-0.129381
0.7891	-0.0522328
0.789125	-0.0880794
0.78915	-0.032751
0.789175	-0.0358681
0.7892	-0.00859351
0.789225	-0.0296339
0.78925	-0.00937278
0.789275	-0.0140484
0.7893	-0.058467
0.789325	-0.113795
0.78935	-0.0350888
0.789375	-0.0779488
0.7894	-0.0319717
0.789425	-0.0491157
0.78945	-0.0950928
0.789475	-0.0405437
0.7895	-0.0444401
0.789525	-0.0592463
0.78955	-0.041323
0.789575	-0.0163862
0.7896	-0.0350888
0.789625	-0.125484
0.78965	-0.0693768
0.789675	-0.0950928
0.7897	-0.0382059
0.789725	-0.0701561
0.78975	-0.117692
0.789775	-0.0662597
0.7898	-0.0576877
0.789825	-0.0795074
0.78985	-0.0943135
0.789875	-0.0802866
0.7899	-0.0561292
0.789925	-0.00547642
0.78995	-0.105223
0.789975	-0.0693768
0.79	-0.0444401
0.790025	-0.0475572
0.79005	-0.0265168
0.790075	-0.0101521
0.7901	-0.0389852
0.790125	-0.0631426
0.79015	-0.0623633
0.790175	-0.041323
0.7902	-0.0132691
0.790225	-0.0405437
0.79025	-0.0319717
0.790275	-0.0834037
0.7903	-0.0343095
0.790325	-0.0545706
0.79035	-0.0210619
0.790375	-0.0171655
0.7904	-0.00080078
0.790425	0.0085505
0.79045	0.00153704
0.790475	-0.0810659
0.7905	-0.114575
0.790525	-0.0849623
0.79055	-0.0982099
0.790575	-0.0997685
0.7906	-0.0693768
0.790625	-0.049895
0.79065	-0.0779488
0.790675	-0.0647012
0.7907	-0.0561292
0.790725	-0.0639219
0.79075	-0.0428815
0.790775	-0.0210619
0.7908	-0.0787281
0.790825	-0.0202826
0.79085	-0.0265168
0.790875	-0.00235933
0.7909	-0.103665
0.790925	-0.0982099
0.79095	-0.0576877
0.790975	-0.0335302
0.791	-0.0771695
0.791025	-0.0514535
0.79105	-0.0101521
0.791075	-0.0459986
0.7911	-0.133277
0.791125	-0.13016
0.79115	-0.155097
0.791175	-0.0966514
0.7912	-0.0506743
0.791225	-0.0506743
0.79125	-0.0374266
0.791275	-0.0218412
0.7913	-0.0382059
0.791325	-0.0615841
0.79135	-0.0382059
0.791375	-0.0576877
0.7914	-0.0530121
0.791425	-0.0226204
0.79145	-0.0459986
0.791475	-0.0296339
0.7915	-0.0522328
0.791525	-0.0280753
0.79155	-0.0888586
0.791575	-0.0530121
0.7916	-0.0288546
0.791625	-0.0249582
0.79165	-0.0623633
0.791675	-0.0943135
0.7917	-0.0904172
0.791725	-0.135615
0.79175	-0.0818452
0.791775	-0.0732732
0.7918	-0.0319717
0.791825	-0.0257375
0.79185	-0.0187241
0.791875	-0.0732732
0.7919	-0.0561292
0.791925	-0.0475572
0.79195	-0.0358681
0.791975	-0.0592463
0.792	-0.0421023
0.792025	-0.0374266
0.79205	-0.0974306
0.792075	-0.124705
0.7921	-0.0873001
0.792125	-0.0405437
0.79215	-0.0615841
0.792175	-0.0459986
0.7922	-0.0537913
0.792225	-0.0288546
0.79225	-0.0382059
0.792275	-0.0514535
0.7923	-0.0639219
0.792325	-0.0545706
0.79235	-0.0693768
0.792375	-0.116133
0.7924	-0.0724939
0.792425	-0.0421023
0.79245	-0.0545706
0.792475	-0.0210619
0.7925	-0.0873001
0.792525	-0.0802866
0.79255	-0.0608048
0.792575	-0.0873001
0.7926	-0.0600255
0.792625	-0.0148277
0.79265	-0.0140484
0.792675	-0.0483364
0.7927	-0.0436608
0.792725	-0.0506743
0.79275	-0.127822
0.792775	-0.0771695
0.7928	-0.015607
0.792825	-0.0600255
0.79285	-0.0631426
0.792875	-0.0678183
0.7929	-0.067039
0.792925	-0.0483364
0.79295	-0.0319717
0.792975	-0.0366473
0.793	-0.0452193
0.793025	-0.0623633
0.79305	-0.084183
0.793075	-0.0802866
0.7931	-0.0530121
0.793125	-0.075611
0.79315	-0.0834037
0.793175	-0.0475572
0.7932	-0.0421023
0.793225	-0.0179448
0.79325	-0.0350888
0.793275	-0.0522328
0.7933	-0.0530121
0.793325	-0.0561292
0.79335	-0.0615841
0.793375	-0.0397644
0.7934	-0.0233997
0.793425	-0.032751
0.79345	-0.0483364
0.793475	-0.0195033
0.7935	-0.0335302
0.793525	-0.0631426
0.79355	-0.0608048
0.793575	-0.0343095
0.7936	-0.0818452
0.793625	-0.0935343
0.79365	-0.104444
0.793675	-0.0210619
0.7937	-0.0389852
0.793725	-0.0919757
0.79375	-0.0530121
0.793775	-0.0818452
0.7938	-0.0506743
0.793825	-0.102106
0.79385	-0.0561292
0.793875	-0.0592463
0.7939	-0.101327
0.793925	-0.0475572
0.79395	-0.0389852
0.793975	-0.0288546
0.794	-0.0483364
0.794025	-0.00158005
0.79405	-0.0631426
0.794075	-0.00703496
0.7941	-0.0163862
0.794125	-0.092755
0.79415	-0.0904172
0.794175	-0.0834037
0.7942	-0.0989892
0.794225	-0.116133
0.79425	-0.0467779
0.794275	-0.0210619
0.7943	-0.0678183
0.794325	-0.0366473
0.79435	-0.00937278
0.794375	-0.0405437
0.7944	-0.110678
0.794425	-0.0685975
0.79445	-0.0483364
0.794475	-0.134056
0.7945	-0.0475572
0.794525	-0.0787281
0.79455	-0.103665
0.794575	-0.0421023
0.7946	-0.0989892
0.794625	-0.0405437
0.79465	-0.0849623
0.794675	-0.0615841
0.7947	-0.0467779
0.794725	-0.0701561
0.79475	-0.058467
0.794775	0.00309559
0.7948	-0.0647012
0.794825	-0.0740524
0.79485	-0.0389852
0.794875	-0.0374266
0.7949	-0.0421023
0.794925	-0.12003
0.79495	-0.0685975
0.794975	-0.0553499
0.795	-0.0491157
0.795025	-0.0631426
0.79505	-0.0779488
0.795075	-0.0771695
0.7951	-0.0654804
0.795125	-0.067039
0.79515	-0.0148277
0.795175	-0.0163862
0.7952	-0.0506743
0.795225	-0.0537913
0.79525	-0.0709354
0.795275	-0.0974306
0.7953	-0.0654804
0.795325	-0.0966514
0.79535	-0.0615841
0.795375	-0.0647012
0.7954	-0.0834037
0.795425	-0.0436608
0.79545	-0.032751
0.795475	-0.103665
0.7955	-0.12003
0.795525	-0.0919757
0.79555	-0.0569084
0.795575	-0.134836
0.7956	-0.0974306
0.795625	-0.0561292
0.79565	-0.0459986
0.795675	-0.0397644
0.7957	-0.0530121
0.795725	-0.0319717
0.79575	-0.058467
0.795775	-0.0592463
0.7958	-0.0366473
0.795825	-0.100548
0.79585	-0.0732732
0.795875	-0.0639219
0.7959	-0.0506743
0.795925	-0.0405437
0.79595	-0.00781424
0.795975	0.00387486
0.796	-0.0506743
0.796025	-0.0732732
0.79605	-0.0265168
0.796075	-0.00469715
0.7961	-0.0405437
0.796125	-0.0218412
0.79615	-0.0701561
0.796175	-0.0561292
0.7962	-0.0569084
0.796225	-0.0444401
0.79625	-0.0296339
0.796275	-0.0795074
0.7963	-0.0740524
0.796325	-0.102886
0.79635	-0.0436608
0.796375	-0.0311924
0.7964	-0.0576877
0.796425	-0.0350888
0.79645	-0.0553499
0.796475	-0.0467779
0.7965	-0.0553499
0.796525	-0.0506743
0.79655	-0.0709354
0.796575	-0.067039
0.7966	-0.105223
0.796625	-0.114575
0.79665	-0.0873001
0.796675	-0.0202826
0.7967	-0.0288546
0.796725	-0.0857415
0.79675	0.0108883
0.796775	-0.0272961
0.7968	-0.0857415
0.796825	-0.0311924
0.79685	-0.0397644
0.796875	-0.0608048
0.7969	-0.0335302
0.796925	-0.0608048
0.79695	-0.0304132
0.796975	-0.0202826
0.797	-0.0911965
0.797025	-0.0802866
0.79705	-0.00158005
0.797075	-0.0249582
0.7971	-0.00080078
0.797125	-0.0233997
0.79715	-0.0608048
0.797175	-0.0374266
0.7972	-0.0631426
0.797225	-0.116912
0.79725	-0.0974306
0.797275	-0.0647012
0.7973	-0.0693768
0.797325	-0.041323
0.79735	-0.0522328
0.797375	-0.0358681
0.7974	-0.134836
0.797425	-0.154318
0.79745	-0.0491157
0.797475	-0.0140484
0.7975	-0.0163862
0.797525	-0.102886
0.79755	-0.0818452
0.797575	-0.0904172
0.7976	-0.102106
0.797625	-0.113016
0.79765	-0.104444
0.797675	-0.0779488
0.7977	-0.0818452
0.797725	-0.0904172
0.79775	-0.0467779
0.797775	-0.058467
0.7978	-0.137953
0.797825	-0.107561
0.79785	-0.0943135
0.797875	-0.075611
0.7979	-0.0397644
0.797925	-0.0475572
0.79795	-0.0896379
0.797975	-0.0475572
0.798	-0.0608048
0.798025	-0.00469715
0.79805	-0.0109313
0.798075	-0.0296339
0.7981	-0.0389852
0.798125	-0.0537913
0.79815	-0.0709354
0.798175	-0.0943135
0.7982	-0.0475572
0.798225	-0.0304132
0.79825	-0.0163862
0.798275	-0.0366473
0.7983	-0.0265168
0.798325	-0.0522328
0.79835	-0.0265168
0.798375	-0.0787281
0.7984	-0.0545706
0.798425	-0.067039
0.79845	-0.0569084
0.798475	-0.0771695
0.7985	-0.103665
0.798525	-0.0740524
0.79855	0.00465413
0.798575	-0.0553499
0.7986	-0.0132691
0.798625	-0.0818452
0.79865	-0.0943135
0.798675	-0.0483364
0.7987	-0.0210619
0.798725	-0.0849623
0.79875	-0.0530121
0.798775	-0.102886
0.7988	-0.118471
0.798825	-0.0522328
0.79885	-0.0795074
0.798875	-0.0771695
0.7989	-0.0132691
0.798925	0.00153704
0.79895	-0.0101521
0.798975	-0.0740524
0.799	-0.075611
0.799025	-0.0483364
0.79905	-0.0857415
0.799075	-0.0974306
0.7991	-0.0763903
0.799125	-0.0483364
0.79915	-0.0374266
0.799175	-0.0343095
0.7992	-0.0740524
0.799225	-0.0685975
0.79925	-0.0343095
0.799275	-0.0350888
0.7993	-0.0654804
0.799325	-0.0140484
0.79935	-0.0304132
0.799375	-0.0576877
0.7994	-0.0506743
0.799425	-0.0444401
0.79945	-0.0787281
0.799475	-0.0966514
0.7995	-0.0475572
0.799525	0.00309559
0.79955	-0.067039
0.799575	-0.0740524
0.7996	-0.0717146
0.799625	-0.105223
0.79965	-0.041323
0.799675	-0.0459986
0.7997	-0.0265168
0.799725	-0.0537913
0.79975	-0.0639219
0.799775	-0.0857415
0.7998	-0.104444
0.799825	-0.12003
0.79985	-0.058467
0.799875	-0.0654804
0.7999	-0.0218412
0.799925	-0.0483364
0.79995	-0.0109313
0.799975	-0.102886
0.8	-0.0740524
0.800025	-0.0709354
0.80005	-0.103665
0.800075	-0.00547642
0.8001	-0.0124899
0.800125	-0.0701561
0.80015	-0.0374266
0.800175	-0.0592463
0.8002	-0.0787281
0.800225	-0.0436608
0.80025	-0.0717146
0.800275	-0.114575
0.8003	-0.0904172
0.800325	-0.0810659
0.80035	-0.0569084
0.800375	-0.084183
0.8004	-0.122367
0.800425	-0.049895
0.80045	0.0147847
0.800475	0.010109
0.8005	-0.00080078
0.800525	-0.0405437
0.80055	-0.0919757
0.800575	-0.0826244
0.8006	-0.0296339
0.800625	0.0116676
0.80065	-0.0623633
0.800675	-0.0911965
0.8007	-0.0358681
0.800725	-0.0452193
0.80075	-0.0265168
0.800775	-0.0195033
0.8008	-0.0608048
0.800825	-0.0771695
0.80085	-0.0148277
0.800875	-0.0545706
0.8009	-0.0202826
0.800925	-0.0124899
0.80095	-0.0810659
0.800975	-0.0654804
0.801	-0.049895
0.801025	-0.116133
0.80105	-0.0576877
0.801075	-0.0779488
0.8011	-0.067039
0.801125	-0.0810659
0.80115	-0.0763903
0.801175	-0.0709354
0.8012	-0.015607
0.801225	-0.0834037
0.80125	-0.10912
0.801275	-0.109899
0.8013	-0.0553499
0.801325	-0.024179
0.80135	-0.0491157
0.801375	-0.0615841
0.8014	-0.058467
0.801425	-0.0288546
0.80145	-0.0397644
0.801475	-0.0623633
0.8015	-0.0615841
0.801525	-0.032751
0.80155	-0.0678183
0.801575	-0.0623633
0.8016	-0.0233997
0.801625	-0.032751
0.80165	-0.0576877
0.801675	-0.0405437
0.8017	-0.0467779
0.801725	-0.0810659
0.80175	-0.0491157
0.801775	-0.084183
0.8018	-0.0958721
0.801825	-0.126264
0.80185	-0.101327
0.801875	-0.032751
0.8019	-0.0358681
0.801925	-0.0179448
0.80195	0.00153704
0.801975	-0.0514535
0.802	-0.0896379
0.802025	-0.10834
0.80205	-0.104444
0.802075	-0.0163862
0.8021	-0.0382059
0.802125	-0.0701561
0.80215	-0.0421023
0.802175	-0.0140484
0.8022	-0.0226204
0.802225	-0.0506743
0.80225	-0.0514535
0.802275	-0.015607
0.8023	-0.0623633
0.802325	-0.0888586
0.80235	-0.138732
0.802375	-0.0834037
0.8024	-0.049895
0.802425	-0.0771695
0.80245	-0.0834037
0.802475	-0.0569084
0.8025	-0.0389852
0.802525	-0.0452193
0.80255	-0.0678183
0.802575	-0.0467779
0.8026	-0.144187
0.802625	-0.122367
0.80265	-0.0771695
0.802675	-0.0421023
0.8027	-0.0397644
0.802725	-0.0218412
0.80275	-0.049895
0.802775	-0.0350888
0.8028	-0.0374266
0.802825	-0.0514535
0.80285	-0.0569084
0.802875	-0.0545706
0.8029	-0.0724939
0.802925	-0.0802866
0.80295	-0.0311924
0.802975	-0.0732732
0.803	-0.0701561
0.803025	-0.0779488
0.80305	-0.0997685
0.803075	-0.0678183
0.8031	-0.0374266
0.803125	-0.0358681
0.80315	-0.0366473
0.803175	-0.058467
0.8032	-0.106782
0.803225	-0.0732732
0.80325	-0.0569084
0.803275	-0.0802866
0.8033	-0.0647012
0.803325	-0.0350888
0.80335	-0.0880794
0.803375	-0.0771695
0.8034	-0.0374266
0.803425	-0.0163862
0.80345	-0.0654804
0.803475	-0.0195033
0.8035	-0.041323
0.803525	-0.106782
0.80355	-0.0444401
0.803575	-0.0459986
0.8036	-0.0950928
0.803625	-0.0787281
0.80365	-0.0639219
0.803675	-0.0911965
0.8037	-0.0709354
0.803725	-0.0678183
0.80375	-0.0491157
0.803775	-0.075611
0.8038	-0.0795074
0.803825	-0.0639219
0.80385	-0.0810659
0.803875	-0.0382059
0.8039	-0.0748317
0.803925	-0.075611
0.80395	-0.0436608
0.803975	-0.0491157
0.804	-0.0826244
0.804025	-0.0600255
0.80405	-0.0592463
0.804075	-0.0389852
0.8041	-0.00469715
0.804125	0.000757766
0.80415	-0.0350888
0.804175	-0.0717146
0.8042	-0.0678183
0.804225	-0.0553499
0.80425	-0.0943135
0.804275	-0.0530121
0.8043	-0.0678183
0.804325	-0.107561
0.80435	-0.100548
0.804375	-0.0358681
0.8044	-0.0257375
0.804425	-0.0506743
0.80445	-0.049895
0.804475	-0.0249582
0.8045	-0.0592463
0.804525	-0.0117106
0.80455	-0.101327
0.804575	-0.0834037
0.8046	-0.0810659
0.804625	-0.0771695
0.80465	-0.067039
0.804675	-0.0109313
0.8047	-0.0187241
0.804725	0.000757766
0.80475	-0.092755
0.804775	-0.0849623
0.8048	-0.0311924
0.804825	-0.00235933
0.80485	-0.0966514
0.804875	-0.0374266
0.8049	-0.0343095
0.804925	-0.0350888
0.80495	-0.127043
0.804975	-0.0865208
0.805	-0.0475572
0.805025	-0.049895
0.80505	-0.0382059
0.805075	-0.0265168
0.8051	-0.0576877
0.805125	-0.0459986
0.80515	-0.0592463
0.805175	-0.0452193
0.8052	-0.0148277
0.805225	-0.0647012
0.80525	-0.0654804
0.805275	-0.0483364
0.8053	-0.0358681
0.805325	-0.0647012
0.80535	-0.100548
0.805375	-0.0771695
0.8054	-0.0506743
0.805425	-0.0358681
0.80545	-0.0311924
0.805475	-0.0366473
0.8055	-0.0343095
0.805525	-0.0818452
0.80555	-0.0857415
0.805575	-0.0436608
0.8056	-0.0569084
0.805625	-0.0428815
0.80565	-0.0382059
0.805675	-0.0530121
0.8057	-0.0623633
0.805725	-0.0530121
0.80575	-0.0989892
0.805775	-0.0483364
0.8058	-0.0389852
0.805825	-0.058467
0.80585	-0.0724939
0.805875	-0.0514535
0.8059	-0.0740524
0.805925	-0.067039
0.80595	-0.0467779
0.805975	-0.0467779
0.806	-0.0880794
0.806025	-0.0319717
0.80605	-0.0935343
0.806075	-0.067039
0.8061	-0.0459986
0.806125	-0.0483364
0.80615	-0.0779488
0.806175	-0.032751
0.8062	-0.11925
0.806225	-0.0865208
0.80625	-0.0795074
0.806275	-0.0366473
0.8063	-0.0553499
0.806325	-0.0553499
0.80635	-0.0873001
0.806375	-0.0475572
0.8064	-0.0662597
0.806425	-0.0530121
0.80645	-0.00859351
0.806475	-0.00703496
0.8065	-0.084183
0.806525	-0.0647012
0.80655	-0.116133
0.806575	-0.123147
0.8066	-0.0459986
0.806625	-0.0319717
0.80665	-0.0202826
0.806675	-0.0257375
0.8067	-0.0132691
0.806725	-0.0545706
0.80675	-0.0358681
0.806775	-0.0436608
0.8068	-0.067039
0.806825	-0.0187241
0.80685	-0.0771695
0.806875	-0.0179448
0.8069	-0.0608048
0.806925	-0.123926
0.80695	-0.118471
0.806975	-0.0483364
0.807	-0.0615841
0.807025	-0.0537913
0.80705	0.00465413
0.807075	0.00153704
0.8071	-0.0132691
0.807125	-0.0592463
0.80715	-0.0608048
0.807175	-0.0576877
0.8072	-0.0615841
0.807225	-0.102106
0.80725	-0.100548
0.807275	-0.084183
0.8073	-0.116133
0.807325	-0.0296339
0.80735	-0.0436608
0.807375	-0.0647012
0.8074	-0.0265168
0.807425	-0.0779488
0.80745	-0.0459986
0.807475	-0.0545706
0.8075	-0.0600255
0.807525	-0.0631426
0.80755	-0.041323
0.807575	-0.0452193
0.8076	-0.0382059
0.807625	-0.0374266
0.80765	-0.0795074
0.807675	-0.0467779
0.8077	-0.0249582
0.807725	-0.0919757
0.80775	-0.0943135
0.807775	-0.0834037
0.8078	-0.0296339
0.807825	-0.0405437
0.80785	-0.128602
0.807875	-0.084183
0.8079	-0.0124899
0.807925	-0.00937278
0.80795	-0.0561292
0.807975	-0.0467779
0.808	-0.0631426
0.808025	0.00465413
0.80805	-2.1507e-05
0.808075	-0.0802866
0.8081	-0.0880794
0.808125	-0.0943135
0.80815	-0.0810659
0.808175	-0.115354
0.8082	-0.0506743
0.808225	-0.058467
0.80825	-0.0608048
0.808275	-0.0382059
0.8083	-0.0522328
0.808325	-0.0506743
0.80835	-0.075611
0.808375	-0.0218412
0.8084	-0.0717146
0.808425	-0.104444
0.80845	-0.0818452
0.808475	-0.075611
0.8085	-0.024179
0.808525	-0.0467779
0.80855	-0.0553499
0.808575	-0.0600255
0.8086	-0.0576877
0.808625	-0.0280753
0.80865	-0.0818452
0.808675	-0.0639219
0.8087	-0.0459986
0.808725	-0.0771695
0.80875	-0.0249582
0.808775	-0.0148277
0.8088	-0.0537913
0.808825	-0.0647012
0.80885	-0.103665
0.808875	-0.11925
0.8089	-0.0693768
0.808925	-0.0101521
0.80895	-0.0296339
0.808975	-0.0849623
0.809	-0.0358681
0.809025	-0.0382059
0.80905	-0.0483364
0.809075	-0.0911965
0.8091	-0.0802866
0.809125	-0.084183
0.80915	-0.0366473
0.809175	-0.0537913
0.8092	-0.0849623
0.809225	-0.0779488
0.80925	-0.0647012
0.809275	-0.0857415
0.8093	-0.0522328
0.809325	-0.0561292
0.80935	-0.0202826
0.809375	-0.0475572
0.8094	-0.0779488
0.809425	-0.107561
0.80945	-0.0896379
0.809475	-0.123926
0.8095	-0.0950928
0.809525	-0.116912
0.80955	-0.084183
0.809575	-0.0966514
0.8096	-0.0802866
0.809625	-0.0771695
0.80965	-0.0935343
0.809675	-0.0117106
0.8097	0.0225774
0.809725	-0.0218412
0.80975	-0.0709354
0.809775	-0.0896379
0.8098	-0.0693768
0.809825	-0.0366473
0.80985	-0.0265168
0.809875	-0.0802866
0.8099	-0.0997685
0.809925	-0.0662597
0.80995	-0.0124899
0.809975	-0.0265168
0.81	-0.0569084
0.810025	-0.0397644
0.81005	-0.075611
0.810075	-0.0724939
0.8101	-0.00158005
0.810125	-0.0319717
0.81015	-0.0304132
0.810175	-0.0873001
0.8102	-0.0810659
0.810225	-0.049895
0.81025	-0.0304132
0.810275	-0.0405437
0.8103	-0.0475572
0.810325	-0.0491157
0.81035	-0.0522328
0.810375	-0.058467
0.8104	-0.0654804
0.810425	-0.0514535
0.81045	-0.0647012
0.810475	-0.0693768
0.8105	-0.0187241
0.810525	0.0319287
0.81055	-0.0109313
0.810575	-0.0701561
0.8106	-0.0779488
0.810625	-0.0818452
0.81065	-0.0732732
0.810675	-0.0857415
0.8107	-0.0662597
0.810725	-0.0966514
0.81075	-0.0522328
0.810775	-0.0865208
0.8108	-0.112237
0.810825	-0.0896379
0.81085	-0.0600255
0.810875	-0.100548
0.8109	0.00777122
0.810925	-0.0272961
0.81095	-0.075611
0.810975	-0.0732732
0.811	-0.0771695
0.811025	-0.0304132
0.81105	-0.0428815
0.811075	-0.0787281
0.8111	-0.117692
0.811125	-0.0615841
0.81115	-0.102106
0.811175	-0.0818452
0.8112	-0.0421023
0.811225	-0.0366473
0.81125	-0.0382059
0.811275	-0.0257375
0.8113	-0.024179
0.811325	-0.0140484
0.81135	-0.0304132
0.811375	-0.103665
0.8114	-0.0888586
0.811425	-0.0600255
0.81145	-0.0350888
0.811475	-0.0732732
0.8115	-0.0880794
0.811525	-0.0553499
0.81155	-0.0639219
0.811575	-0.0989892
0.8116	-0.0608048
0.811625	-0.0530121
0.81165	-0.0553499
0.811675	-0.032751
0.8117	-0.00937278
0.811725	-0.0966514
0.81175	-0.0467779
0.811775	-0.0818452
0.8118	-0.0717146
0.811825	-0.0452193
0.81185	-0.0374266
0.811875	-0.0826244
0.8119	-0.0857415
0.811925	-0.049895
0.81195	-0.0802866
0.811975	-0.0296339
0.812	-0.0148277
0.812025	-0.0678183
0.81205	-0.0569084
0.812075	-0.0545706
0.8121	-0.0311924
0.812125	-0.0685975
0.81215	-0.0467779
0.812175	-0.0810659
0.8122	-0.0592463
0.812225	-0.0124899
0.81225	-0.0031386
0.812275	-0.00781424
0.8123	-0.0857415
0.812325	-0.0989892
0.81235	-0.0631426
0.812375	-0.0779488
0.8124	-0.0561292
0.812425	-0.0553499
0.81245	-0.024179
0.812475	-0.0530121
0.8125	-0.0187241
0.812525	-0.0109313
0.81255	-0.0849623
0.812575	-0.0654804
0.8126	-0.0693768
0.812625	-0.0795074
0.81265	-0.0763903
0.812675	-0.0452193
0.8127	-0.0475572
0.812725	-0.0288546
0.81275	-0.0865208
0.812775	-0.0592463
0.8128	-0.0530121
0.812825	-0.0717146
0.81285	-0.058467
0.812875	-0.0787281
0.8129	-0.0343095
0.812925	-0.0561292
0.81295	-0.0717146
0.812975	-0.0382059
0.813	-0.0405437
0.813025	-0.0459986
0.81305	-0.0662597
0.813075	-0.0639219
0.8131	-0.00859351
0.813125	-0.0382059
0.81315	-0.0639219
0.813175	-0.049895
0.8132	-0.109899
0.813225	-0.122367
0.81325	-0.0701561
0.813275	-0.0226204
0.8133	-0.084183
0.813325	-0.123926
0.81335	-0.0771695
0.813375	-0.120809
0.8134	-0.0904172
0.813425	-0.0218412
0.81345	-0.0335302
0.813475	-0.0631426
0.8135	-0.067039
0.813525	-0.0724939
0.81355	-0.041323
0.813575	-0.0506743
0.8136	-0.0779488
0.813625	-0.0904172
0.81365	-0.0623633
0.813675	-0.0195033
0.8137	-0.0647012
0.813725	-0.0467779
0.81375	-0.0662597
0.813775	-0.0265168
0.8138	-0.00469715
0.813825	-0.0428815
0.81385	-0.0514535
0.813875	-0.0537913
0.8139	-0.058467
0.813925	-0.102886
0.81395	-0.0459986
0.813975	-0.0428815
0.814	-0.0608048
0.814025	0.0288116
0.81405	-0.0732732
0.814075	-0.0810659
0.8141	-0.0748317
0.814125	-0.0374266
0.81415	-0.104444
0.814175	-0.0631426
0.8142	-0.0623633
0.814225	-0.0358681
0.81425	-0.0795074
0.814275	-0.0989892
0.8143	-0.0888586
0.814325	-0.0272961
0.81435	-0.0522328
0.814375	-0.0218412
0.8144	-0.0974306
0.814425	-0.075611
0.81445	-0.134836
0.814475	-0.0561292
0.8145	-0.015607
0.814525	-0.0592463
0.81455	-0.0787281
0.814575	-0.0950928
0.8146	-0.106782
0.814625	-0.0436608
0.81465	-0.0763903
0.814675	-0.0436608
0.8147	-0.00859351
0.814725	-0.0319717
0.81475	-0.0849623
0.814775	-0.0218412
0.8148	-0.0475572
0.814825	-0.0553499
0.81485	-0.0592463
0.814875	-0.0553499
0.8149	0.00309559
0.814925	-0.0615841
0.81495	-0.0132691
0.814975	-0.024179
0.815	-0.0233997
0.815025	-0.0834037
0.81505	-0.148863
0.815075	-0.0763903
0.8151	-0.0397644
0.815125	-0.0506743
0.81515	-0.0553499
0.815175	-0.0974306
0.8152	-0.092755
0.815225	-0.0615841
0.81525	-0.0335302
0.815275	-0.0631426
0.8153	-0.0530121
0.815325	-0.067039
0.81535	-0.0615841
0.815375	-0.049895
0.8154	-0.0919757
0.815425	-0.111458
0.81545	-0.0124899
0.815475	0.00699195
0.8155	-0.00703496
0.815525	-0.0896379
0.81555	-0.113016
0.815575	-0.0452193
0.8156	-0.0218412
0.815625	-0.0436608
0.81565	-0.0452193
0.815675	-0.0436608
0.8157	-0.0428815
0.815725	-0.0265168
0.81575	-0.0950928
0.815775	-0.0592463
0.8158	-0.0537913
0.815825	-0.0771695
0.81585	-0.130939
0.815875	-0.122367
0.8159	-0.0311924
0.815925	-0.0397644
0.81595	-0.0771695
0.815975	-0.0771695
0.816	-0.0693768
0.816025	-0.0880794
0.81605	-0.0693768
0.816075	-0.049895
0.8161	-0.0475572
0.816125	-0.0545706
0.81615	-0.0787281
0.816175	-0.0483364
0.8162	-0.0483364
0.816225	-0.0678183
0.81625	-0.0709354
0.816275	-0.0311924
0.8163	-0.0561292
0.816325	-0.0187241
0.81635	-0.0717146
0.816375	-0.0202826
0.8164	-0.0101521
0.816425	-0.0709354
0.81645	-0.0647012
0.816475	-0.0678183
0.8165	-0.0802866
0.816525	-0.00391787
0.81655	-0.0662597
0.816575	-0.0545706
0.8166	-0.0491157
0.816625	-0.0647012
0.81665	-0.0530121
0.816675	-0.0662597
0.8167	-0.0748317
0.816725	-0.0647012
0.81675	-0.0421023
0.816775	-0.0537913
0.8168	-0.0436608
0.816825	-0.0537913
0.81685	-0.0834037
0.816875	-0.0592463
0.8169	-0.00703496
0.816925	-0.125484
0.81695	-0.0631426
0.816975	-0.116133
0.817	-0.0974306
0.817025	-0.075611
0.81705	-0.0592463
0.817075	-0.049895
0.8171	-0.0576877
0.817125	-0.0382059
0.81715	-0.0436608
0.817175	-0.0421023
0.8172	-0.0171655
0.817225	-0.0483364
0.81725	-0.0272961
0.817275	-0.0647012
0.8173	-0.0569084
0.817325	-0.128602
0.81735	-0.0748317
0.817375	-0.084183
0.8174	-0.024179
0.817425	-0.058467
0.81745	-0.0748317
0.817475	0.0108883
0.8175	-0.0233997
0.817525	0.00699195
0.81755	-0.0296339
0.817575	-0.0740524
0.8176	-0.0709354
0.817625	-0.0514535
0.81765	-0.032751
0.817675	-0.0483364
0.8177	-0.0491157
0.817725	-0.0366473
0.81775	-0.0639219
0.817775	-0.0631426
0.8178	-0.0576877
0.817825	-0.0311924
0.81785	-0.0358681
0.817875	-0.0545706
0.8179	-0.0849623
0.817925	-0.0724939
0.81795	-0.0608048
0.817975	-0.0467779
0.818	-0.0475572
0.818025	-0.067039
0.81805	-0.075611
0.818075	-0.107561
0.8181	-0.0421023
0.818125	-0.114575
0.81815	-0.0763903
0.818175	0.00465413
0.8182	-0.00703496
0.818225	-0.0272961
0.81825	-0.0304132
0.818275	-0.0530121
0.8183	-0.0280753
0.818325	-0.0265168
0.81835	-0.058467
0.818375	-0.00235933
0.8184	-0.0187241
0.818425	-0.114575
0.81845	-0.0904172
0.818475	-0.0818452
0.8185	-0.0647012
0.818525	-0.075611
0.81855	-0.113795
0.818575	-0.0647012
0.8186	-0.0304132
0.818625	-0.0436608
0.81865	-0.0530121
0.818675	-0.117692
0.8187	-0.12003
0.818725	-0.084183
0.81875	-0.0522328
0.818775	-0.0436608
0.8188	-0.113795
0.818825	-0.0592463
0.81885	-0.0506743
0.818875	-0.0249582
0.8189	-0.0249582
0.818925	-0.0569084
0.81895	-0.126264
0.818975	-0.0491157
0.819	-0.103665
0.819025	-0.0709354
0.81905	-0.0421023
0.819075	-0.0350888
0.8191	-0.0748317
0.819125	-0.075611
0.81915	-0.0826244
0.819175	-0.0514535
0.8192	-0.0319717
0.819225	-0.0452193
0.81925	-0.0982099
0.819275	-0.100548
0.8193	-0.0296339
0.819325	-0.0506743
0.81935	-0.0569084
0.819375	-0.102106
0.8194	-0.106782
0.819425	-0.0639219
0.81945	-0.0452193
0.819475	-0.0779488
0.8195	-0.00391787
0.819525	-0.075611
0.81955	-0.0483364
0.819575	-0.0522328
0.8196	-0.0787281
0.819625	-0.0615841
0.81965	-0.0405437
0.819675	-0.0553499
0.8197	0.00231631
0.819725	-0.0537913
0.81975	-0.102886
0.819775	-0.0935343
0.8198	-0.107561
0.819825	-0.0163862
0.81985	-0.0428815
0.819875	-0.0685975
0.8199	-0.0693768
0.819925	-0.0740524
0.81995	-0.0249582
0.819975	-0.015607
0.82	-0.0553499
0.820025	-0.075611
0.82005	-0.0389852
0.820075	0.00777122
0.8201	-0.0467779
0.820125	-0.0296339
0.82015	-0.0771695
0.820175	-0.0623633
0.8202	-0.075611
0.820225	-0.0350888
0.82025	-0.0350888
0.820275	-0.0514535
0.8203	-0.041323
0.820325	-0.0444401
0.82035	-0.0483364
0.820375	-0.0506743
0.8204	-0.058467
0.820425	-0.0950928
0.82045	-0.0810659
0.820475	-0.0678183
0.8205	-0.0467779
0.820525	-0.0311924
0.82055	-0.075611
0.820575	-0.139511
0.8206	-0.0935343
0.820625	-0.0233997
0.82065	-0.00937278
0.820675	-0.0592463
0.8207	-0.0569084
0.820725	-0.075611
0.82075	-0.0693768
0.820775	-0.0911965
0.8208	-0.0569084
0.820825	-0.104444
0.82085	-0.114575
0.820875	-0.0608048
0.8209	-0.041323
0.820925	-0.0343095
0.82095	-0.032751
0.820975	-0.0444401
0.821	-0.0031386
0.821025	-0.00703496
0.82105	-0.0374266
0.821075	-0.0654804
0.8211	-0.0888586
0.821125	-0.0662597
0.82115	-0.0997685
0.821175	-0.0428815
0.8212	-0.049895
0.821225	0.0124469
0.82125	-0.0537913
0.821275	-0.0350888
0.8213	-0.102886
0.821325	-0.0569084
0.82135	-0.049895
0.821375	-0.0763903
0.8214	-0.0685975
0.821425	-0.106782
0.82145	-0.084183
0.821475	-0.0569084
0.8215	-0.0530121
0.821525	-0.0724939
0.82155	-0.0561292
0.821575	-0.0335302
0.8216	-0.0592463
0.821625	-0.092755
0.82165	-0.0709354
0.821675	-0.0265168
0.8217	-0.0101521
0.821725	-0.0109313
0.82175	-0.0288546
0.821775	-0.0358681
0.8218	-0.0195033
0.821825	-0.0304132
0.82185	-0.00547642
0.821875	-0.0592463
0.8219	-0.0654804
0.821925	-0.0888586
0.82195	-0.0826244
0.821975	-0.041323
0.822	-0.0857415
0.822025	-0.0117106
0.82205	-0.0483364
0.822075	-0.0382059
0.8221	-0.113795
0.822125	-0.0623633
0.82215	-0.101327
0.822175	-0.0740524
0.8222	-0.0452193
0.822225	-0.0608048
0.82225	-0.0467779
0.822275	0.0124469
0.8223	-2.1507e-05
0.822325	0.0054334
0.82235	-0.0272961
0.822375	-0.0226204
0.8224	-0.0382059
0.822425	-0.0366473
0.82245	-0.0600255
0.822475	-0.0421023
0.8225	-0.136394
0.822525	-0.0732732
0.82255	-0.0935343
0.822575	-0.058467
0.8226	-0.0452193
0.822625	-0.0662597
0.82265	-0.0748317
0.822675	-0.0288546
0.8227	-0.0514535
0.822725	-0.0779488
0.82275	-0.049895
0.822775	-0.0615841
0.8228	-0.0857415
0.822825	-0.0787281
0.82285	-0.0662597
0.822875	-0.0639219
0.8229	-0.067039
0.822925	-0.092755
0.82295	-0.0974306
0.822975	-0.0311924
0.823	-0.0576877
0.823025	-0.00080078
0.82305	-0.0654804
0.823075	-0.0475572
0.8231	-0.0717146
0.823125	-0.102106
0.82315	-0.0608048
0.823175	-0.110678
0.8232	-0.0763903
0.823225	-0.0748317
0.82325	-0.137174
0.823275	-0.0966514
0.8233	-0.0623633
0.823325	-0.0195033
0.82335	-0.0514535
0.823375	-0.0732732
0.8234	-0.0280753
0.823425	-0.102886
0.82345	-0.0880794
0.823475	-0.0818452
0.8235	-0.0545706
0.823525	-0.0319717
0.82355	-0.0537913
0.823575	-0.0810659
0.8236	-0.0685975
0.823625	-0.0179448
0.82365	-0.0545706
0.823675	-0.0771695
0.8237	-0.032751
0.823725	-0.0397644
0.82375	-0.075611
0.823775	-0.049895
0.8238	-0.0218412
0.823825	-0.0647012
0.82385	-0.075611
0.823875	-0.14107
0.8239	-0.0888586
0.823925	-0.0600255
0.82395	-0.0343095
0.823975	-0.0514535
0.824	-0.00158005
0.824025	0.010109
0.82405	-0.0272961
0.824075	-0.0966514
0.8241	-0.0561292
0.824125	-0.0709354
0.82415	-0.113795
0.824175	-0.0218412
0.8242	-0.0265168
0.824225	-0.0452193
0.82425	-0.0810659
0.824275	-0.0647012
0.8243	-0.0537913
0.824325	-0.0358681
0.82435	-0.0639219
0.824375	-0.0732732
0.8244	-0.0569084
0.824425	-0.00625569
0.82445	-0.00703496
0.824475	-0.107561
0.8245	-0.132498
0.824525	-0.116912
0.82455	-0.0537913
0.824575	-0.0272961
0.8246	-0.0233997
0.824625	-0.0444401
0.82465	-0.0561292
0.824675	-0.0857415
0.8247	-0.0428815
0.824725	-0.0989892
0.82475	-0.0904172
0.824775	-0.0600255
0.8248	-0.0405437
0.824825	-0.0459986
0.82485	-0.101327
0.824875	-0.0880794
0.8249	-0.0491157
0.824925	-0.0109313
0.82495	-0.0428815
0.824975	-0.084183
0.825	-0.0405437
0.825025	-0.0771695
0.82505	-0.0974306
0.825075	-0.138732
0.8251	-0.0623633
0.825125	-0.0639219
0.82515	-0.0288546
0.825175	-0.0740524
0.8252	-0.00625569
0.825225	-0.0117106
0.82525	-0.114575
0.825275	-0.0685975
0.8253	-0.0187241
0.825325	-0.0452193
0.82535	-0.0428815
0.825375	-0.0717146
0.8254	-0.0569084
0.825425	-0.0444401
0.82545	-0.0195033
0.825475	-0.0428815
0.8255	-0.102106
0.825525	-0.075611
0.82555	-0.0639219
0.825575	-0.00391787
0.8256	-0.0233997
0.825625	-0.0358681
0.82565	-0.0647012
0.825675	-0.0647012
0.8257	-0.0296339
0.825725	-0.0296339
0.82575	-0.0600255
0.825775	-0.101327
0.8258	-0.0654804
0.825825	-0.0226204
0.82585	-0.0436608
0.825875	-0.0195033
0.8259	-0.0857415
0.825925	-0.0537913
0.82595	-0.0795074
0.825975	-0.0561292
0.826	-0.0459986
0.826025	-0.0148277
0.82605	-0.0600255
0.826075	-0.0140484
0.8261	-0.0685975
0.826125	-0.0506743
0.82615	-0.0865208
0.826175	-0.058467
0.8262	-0.0514535
0.826225	-0.0802866
0.82625	-0.0265168
0.826275	-0.0592463
0.8263	-0.106782
0.826325	-0.0389852
0.82635	-0.0218412
0.826375	-0.0740524
0.8264	-0.0763903
0.826425	-0.084183
0.82645	-0.0709354
0.826475	-0.0576877
0.8265	-0.0826244
0.826525	-0.0350888
0.82655	-0.0631426
0.826575	-0.0233997
0.8266	-0.0452193
0.826625	-0.067039
0.82665	-0.0210619
0.826675	-0.0522328
0.8267	-0.0834037
0.826725	-0.0366473
0.82675	-0.113016
0.826775	-0.0802866
0.8268	-0.0950928
0.826825	-0.0459986
0.82685	-0.0662597
0.826875	-0.0818452
0.8269	-0.0452193
0.826925	-0.0350888
0.82695	-0.0911965
0.826975	-0.14107
0.827	-0.0615841
0.827025	-0.0748317
0.82705	-0.0561292
0.827075	-0.0233997
0.8271	-0.0311924
0.827125	-0.075611
0.82715	-0.132498
0.827175	-0.0343095
0.8272	-0.0382059
0.827225	-0.0592463
0.82725	-0.0950928
0.827275	-0.0647012
0.8273	-0.0101521
0.827325	-0.0685975
0.82735	-0.0974306
0.827375	-0.0506743
0.8274	-0.0101521
0.827425	-0.0459986
0.82745	-0.121588
0.827475	-0.0958721
0.8275	-0.00469715
0.827525	-0.0888586
0.82755	-0.0615841
0.827575	-0.0802866
0.8276	-0.0911965
0.827625	-0.0717146
0.82765	-0.0444401
0.827675	0.0202396
0.8277	-0.0179448
0.827725	-0.0514535
0.82775	-0.0545706
0.827775	-0.049895
0.8278	-0.12003
0.827825	-0.0771695
0.82785	-0.0350888
0.827875	-0.0296339
0.8279	-0.0522328
0.827925	-0.0257375
0.82795	-0.0678183
0.827975	-0.0350888
0.828	-0.0132691
0.828025	-0.0779488
0.82805	-0.0405437
0.828075	-0.049895
0.8281	-0.0701561
0.828125	-0.0545706
0.82815	-0.0537913
0.828175	-0.0491157
0.8282	-0.0421023
0.828225	-0.0428815
0.82825	-0.0304132
0.828275	-0.0467779
0.8283	-0.032751
0.828325	-0.0421023
0.82835	-0.0506743
0.828375	-0.0452193
0.8284	-0.0857415
0.828425	-0.0647012
0.82845	-0.0608048
0.828475	-0.0561292
0.8285	-0.0740524
0.828525	-0.126264
0.82855	-0.106003
0.828575	-0.0202826
0.8286	-0.0810659
0.828625	-0.0919757
0.82865	-0.0358681
0.828675	0.00231631
0.8287	-0.0272961
0.828725	-0.0467779
0.82875	-0.084183
0.828775	-0.0701561
0.8288	-0.0374266
0.828825	-0.0506743
0.82885	-0.049895
0.828875	-0.0662597
0.8289	-0.107561
0.828925	-0.0748317
0.82895	-0.0748317
0.828975	-0.092755
0.829	-0.101327
0.829025	-0.0818452
0.82905	-0.10834
0.829075	-0.0265168
0.8291	-0.0428815
0.829125	-0.0506743
0.82915	-0.0171655
0.829175	-0.101327
0.8292	-0.0935343
0.829225	-0.0834037
0.82925	-0.0483364
0.829275	-0.0452193
0.8293	-0.0382059
0.829325	-0.0639219
0.82935	-0.0249582
0.829375	-0.0187241
0.8294	-0.0311924
0.829425	-0.015607
0.82945	-0.0904172
0.829475	-0.0826244
0.8295	-0.0475572
0.829525	0.0085505
0.82955	-0.0732732
0.829575	-0.0405437
0.8296	-0.0405437
0.829625	-0.101327
0.82965	-0.0132691
0.829675	-0.0693768
0.8297	-0.0187241
0.829725	-0.0608048
0.82975	-0.0763903
0.829775	-0.0600255
0.8298	-0.0561292
0.829825	-0.0748317
0.82985	-0.0491157
0.829875	-0.0787281
0.8299	-0.0802866
0.829925	-0.067039
0.82995	-0.00469715
0.829975	-0.0249582
0.83	-0.0748317
0.830025	-0.0997685
0.83005	-0.0296339
0.830075	0.0054334
0.8301	-0.0600255
0.830125	-0.0779488
0.83015	-0.0880794
0.830175	-0.101327
0.8302	-0.0826244
0.830225	-0.0405437
0.83025	-0.0179448
0.830275	-0.0740524
0.8303	-0.111458
0.830325	-0.0950928
0.83035	-0.0272961
0.830375	-0.105223
0.8304	-0.0654804
0.830425	-0.0623633
0.83045	-0.0452193
0.830475	-0.0569084
0.8305	-0.100548
0.830525	-0.0600255
0.83055	-0.0654804
0.830575	-0.084183
0.8306	-0.0530121
0.830625	-0.0857415
0.83065	-0.0974306
0.830675	-0.024179
0.8307	-0.015607
0.830725	-0.0226204
0.83075	-0.0101521
0.830775	-0.0382059
0.8308	-0.0600255
0.830825	-0.106003
0.83085	-0.0810659
0.830875	-0.0319717
0.8309	-0.0873001
0.830925	-0.00781424
0.83095	0.0054334
0.830975	-0.075611
0.831	-0.113016
0.831025	-0.120809
0.83105	-0.160552
0.831075	-0.10834
0.8311	-0.0405437
0.831125	-0.0444401
0.83115	-0.0452193
0.831175	-0.0163862
0.8312	-0.0101521
0.831225	-0.0522328
0.83125	-0.0732732
0.831275	-0.0459986
0.8313	-0.049895
0.831325	-0.0779488
0.83135	-0.0514535
0.831375	-0.0701561
0.8314	-0.0600255
0.831425	-0.0873001
0.83145	-0.0857415
0.831475	-0.0272961
0.8315	-0.0288546
0.831525	-0.0483364
0.83155	-0.0623633
0.831575	-0.0615841
0.8316	-0.0943135
0.831625	-0.0873001
0.83165	-0.0834037
0.831675	-0.132498
0.8317	-0.0701561
0.831725	-0.0187241
0.83175	-0.0561292
0.831775	-0.0272961
0.8318	-0.0226204
0.831825	-0.075611
0.83185	-0.113795
0.831875	-0.0335302
0.8319	-0.0187241
0.831925	-0.0553499
0.83195	-0.0530121
0.831975	-0.0561292
0.832	-0.0233997
0.832025	-0.0218412
0.83205	-0.116912
0.832075	-0.0826244
0.8321	-0.0701561
0.832125	-0.0623633
0.83215	-0.0350888
0.832175	-0.0257375
0.8322	-0.0382059
0.832225	-0.0335302
0.83225	-0.0117106
0.832275	-0.024179
0.8323	-0.0179448
0.832325	-0.041323
0.83235	-0.049895
0.832375	-0.0608048
0.8324	-0.0873001
0.832425	-0.0919757
0.83245	-0.0888586
0.832475	-0.0989892
0.8325	-0.0818452
0.832525	-0.0202826
0.83255	-0.0405437
0.832575	-0.0693768
0.8326	-0.116133
0.832625	-0.0444401
0.83265	-0.0124899
0.832675	-0.0631426
0.8327	-0.015607
0.832725	-0.0389852
0.83275	-0.0911965
0.832775	-0.0608048
0.8328	-0.024179
0.832825	-0.0693768
0.83285	-0.041323
0.832875	-0.0436608
0.8329	-0.0210619
0.832925	-0.0491157
0.83295	-0.0919757
0.832975	-0.122367
0.833	-0.101327
0.833025	-0.0787281
0.83305	-0.0483364
0.833075	-0.0826244
0.8331	-0.0428815
0.833125	-0.0179448
0.83315	-0.0350888
0.833175	-0.0233997
0.8332	-0.041323
0.833225	-0.0888586
0.83325	-0.067039
0.833275	-0.0631426
0.8333	-0.0888586
0.833325	-0.109899
0.83335	-0.136394
0.833375	-0.0873001
0.8334	-0.0514535
0.833425	-0.0444401
0.83345	-0.0514535
0.833475	-0.0506743
0.8335	-0.0989892
0.833525	-0.0475572
0.83355	0.000757766
0.833575	-0.00080078
0.8336	-0.0163862
0.833625	-0.00158005
0.83365	-0.0366473
0.833675	-0.0514535
0.8337	-0.0257375
0.833725	-0.0709354
0.83375	-0.0966514
0.833775	-0.0608048
0.8338	-0.0576877
0.833825	-0.178475
0.83385	-0.0911965
0.833875	-0.0436608
0.8339	-0.0810659
0.833925	-0.0982099
0.83395	-0.0467779
0.833975	-0.0826244
0.834	-0.00937278
0.834025	-0.0888586
0.83405	-0.0296339
0.834075	-0.0117106
0.8341	-0.0615841
0.834125	-0.0187241
0.83415	-0.0849623
0.834175	-0.0335302
0.8342	-0.0210619
0.834225	-0.102886
0.83425	-0.136394
0.834275	-0.049895
0.8343	-0.0296339
0.834325	-0.100548
0.83435	-0.0600255
0.834375	-0.0257375
0.8344	-0.0382059
0.834425	-0.0810659
0.83445	-0.0763903
0.834475	-0.0647012
0.8345	-0.0405437
0.834525	-0.0530121
0.83455	-0.0561292
0.834575	-0.0865208
0.8346	-0.0787281
0.834625	-0.0545706
0.83465	-0.0771695
0.834675	-0.0319717
0.8347	-0.0740524
0.834725	-0.127822
0.83475	-0.0397644
0.834775	-0.0717146
0.8348	-0.041323
0.834825	-0.0678183
0.83485	-0.0826244
0.834875	-0.0483364
0.8349	-0.0654804
0.834925	-0.10912
0.83495	-0.0569084
0.834975	-0.0171655
0.835	-0.049895
0.835025	0.00777122
0.83505	-0.0374266
0.835075	-0.0506743
0.8351	-0.0732732
0.835125	-0.0904172
0.83515	-0.0491157
0.835175	-0.0888586
0.8352	-0.0405437
0.835225	-0.0545706
0.83525	-0.0350888
0.835275	-0.0343095
0.8353	-0.00859351
0.835325	-0.0405437
0.83535	-0.0701561
0.835375	-0.0779488
0.8354	-0.0911965
0.835425	-0.0600255
0.83545	-0.0288546
0.835475	-0.0467779
0.8355	-0.092755
0.835525	-0.0366473
0.83555	-0.0685975
0.835575	-0.116912
0.8356	-0.0436608
0.835625	-0.0187241
0.83565	-0.0631426
0.835675	-0.041323
0.8357	-0.024179
0.835725	-0.0857415
0.83575	-0.0374266
0.835775	-0.0031386
0.8358	-0.0265168
0.835825	-0.0280753
0.83585	-0.102886
0.835875	-0.0857415
0.8359	-0.0304132
0.835925	-0.12003
0.83595	-0.084183
0.835975	-0.0911965
0.836	-0.058467
0.836025	-0.0647012
0.83605	-0.0647012
0.836075	-0.0678183
0.8361	-0.041323
0.836125	-0.0218412
0.83615	-0.102106
0.836175	-0.0319717
0.8362	-0.075611
0.836225	-0.0826244
0.83625	-0.0919757
0.836275	-0.104444
0.8363	-0.058467
0.836325	-0.0693768
0.83635	-0.0397644
0.836375	-0.0631426
0.8364	-0.0717146
0.836425	-0.0615841
0.83645	-0.133277
0.836475	-0.092755
0.8365	-0.0717146
0.836525	-0.0537913
0.83655	-0.0124899
0.836575	-0.0358681
0.8366	-0.0397644
0.836625	-0.024179
0.83665	-0.0366473
0.836675	-0.0397644
0.8367	-0.140291
0.836725	-0.0654804
0.83675	-0.0397644
0.836775	-0.0335302
0.8368	-0.0187241
0.836825	-0.0436608
0.83685	-0.0280753
0.836875	-0.0615841
0.8369	-0.0631426
0.836925	-0.0693768
0.83695	-0.0233997
0.836975	-0.0452193
0.837	0.00777122
0.837025	-0.0249582
0.83705	-0.0919757
0.837075	-0.0654804
0.8371	-0.0865208
0.837125	-0.0195033
0.83715	-0.0272961
0.837175	-0.0787281
0.8372	-0.075611
0.837225	-0.0506743
0.83725	-0.109899
0.837275	-0.0506743
0.8373	-0.0304132
0.837325	-0.0561292
0.83735	-0.0717146
0.837375	-0.024179
0.8374	-0.0608048
0.837425	-0.110678
0.83745	-0.0826244
0.837475	-0.106003
0.8375	-0.0475572
0.837525	-0.0647012
0.83755	-0.0506743
0.837575	-0.00469715
0.8376	-0.049895
0.837625	-0.0358681
0.83765	-0.0132691
0.837675	-0.0296339
0.8377	-0.0233997
0.837725	0.00231631
0.83775	-0.0265168
0.837775	-0.0685975
0.8378	-0.0631426
0.837825	-0.0530121
0.83785	-0.0647012
0.837875	-0.0662597
0.8379	-0.118471
0.837925	-0.0717146
0.83795	-0.0358681
0.837975	-0.0311924
0.838	-0.0849623
0.838025	-0.0818452
0.83805	-0.0608048
0.838075	-0.0233997
0.8381	0.018681
0.838125	-0.032751
0.83815	-0.032751
0.838175	-0.067039
0.8382	-0.0421023
0.838225	-0.0296339
0.83825	-0.0865208
0.838275	-0.0888586
0.8383	-0.0561292
0.838325	-0.0233997
0.83835	-0.0763903
0.838375	-0.0171655
0.8384	-0.0319717
0.838425	-0.0802866
0.83845	-0.112237
0.838475	-0.0732732
0.8385	-0.049895
0.838525	-0.0491157
0.83855	-0.0233997
0.838575	-0.0405437
0.8386	-0.0467779
0.838625	-0.0647012
0.83865	-0.0974306
0.838675	-0.102886
0.8387	-0.0740524
0.838725	-0.0873001
0.83875	-0.0421023
0.838775	-0.0818452
0.8388	-0.0405437
0.838825	-0.0608048
0.83885	-0.11925
0.838875	-0.0537913
0.8389	-0.101327
0.838925	-0.109899
0.83895	-0.0826244
0.838975	-0.0382059
0.839	-0.0732732
0.839025	-0.0452193
0.83905	-0.0576877
0.839075	-0.0522328
0.8391	-0.0311924
0.839125	-0.0685975
0.83915	-0.113795
0.839175	-0.0132691
0.8392	-0.0366473
0.839225	-0.0576877
0.83925	-0.0296339
0.839275	-0.0763903
0.8393	-0.0865208
0.839325	-0.0717146
0.83935	-0.0849623
0.839375	-0.0569084
0.8394	-0.0631426
0.839425	-0.0296339
0.83945	-0.0187241
0.839475	-0.116912
0.8395	-0.0834037
0.839525	-0.0491157
0.83955	-0.0187241
0.839575	-0.0444401
0.8396	-0.058467
0.839625	-0.0592463
0.83965	-0.0826244
0.839675	-0.0693768
0.8397	-0.0834037
0.839725	-0.0569084
0.83975	-0.0639219
0.839775	-0.0366473
0.8398	-0.0662597
0.839825	-0.0600255
0.83985	-0.0779488
0.839875	-0.109899
0.8399	-0.0506743
0.839925	-0.0296339
0.83995	-0.0943135
0.839975	-0.0358681
0.84	-0.0701561
0.840025	-0.0210619
0.84005	-0.0561292
0.840075	-0.0491157
0.8401	-0.0615841
0.840125	-0.0989892
0.84015	-0.0530121
0.840175	-0.084183
0.8402	-0.0740524
0.840225	-0.0740524
0.84025	-0.024179
0.840275	-0.0428815
0.8403	-0.0421023
0.840325	-0.0382059
0.84035	-0.0304132
0.840375	-0.0537913
0.8404	-0.0896379
0.840425	-0.0974306
0.84045	-0.0763903
0.840475	-0.0459986
0.8405	-0.0639219
0.840525	-0.0709354
0.84055	-0.0389852
0.840575	-0.0561292
0.8406	-0.111458
0.840625	-0.0647012
0.84065	-0.0592463
0.840675	-0.0553499
0.8407	-0.0732732
0.840725	-0.106782
0.84075	-0.0366473
0.840775	-0.0163862
0.8408	-0.0257375
0.840825	-0.0288546
0.84085	-0.0288546
0.840875	-0.0304132
0.8409	-0.075611
0.840925	-0.147304
0.84095	-0.0522328
0.840975	-0.0452193
0.841	-0.075611
0.841025	-0.0958721
0.84105	-0.0288546
0.841075	-0.0537913
0.8411	-0.10834
0.841125	-0.0966514
0.84115	-0.0280753
0.841175	-0.0195033
0.8412	-0.0561292
0.841225	-0.0537913
0.84125	-0.0654804
0.841275	-0.0366473
0.8413	-0.0257375
0.841325	-0.0950928
0.84135	-0.0678183
0.841375	-0.0343095
0.8414	-0.0140484
0.841425	-0.0319717
0.84145	-0.0210619
0.841475	-0.058467
0.8415	-0.0382059
0.841525	-0.0195033
0.84155	-0.101327
0.841575	-0.13016
0.8416	-0.0709354
0.841625	-0.0693768
0.84165	-0.0849623
0.841675	-0.0171655
0.8417	-0.00937278
0.841725	-0.0693768
0.84175	-0.0740524
0.841775	-0.0834037
0.8418	-0.0483364
0.841825	-0.092755
0.84185	-0.0654804
0.841875	-0.049895
0.8419	-0.0592463
0.841925	-0.0545706
0.84195	-0.0919757
0.841975	-0.0919757
0.842	-0.0826244
0.842025	-0.0779488
0.84205	-0.0740524
0.842075	-0.0795074
0.8421	-0.067039
0.842125	-0.0685975
0.84215	-0.0795074
0.842175	-0.0257375
0.8422	-0.0623633
0.842225	-0.0374266
0.84225	-0.0818452
0.842275	-0.0421023
0.8423	-0.0428815
0.842325	-0.0779488
0.84235	-0.0771695
0.842375	-0.0483364
0.8424	-0.0647012
0.842425	-0.0163862
0.84245	-0.0608048
0.842475	-0.075611
0.8425	-0.0608048
0.842525	-0.015607
0.84255	-0.0717146
0.842575	-0.067039
0.8426	-0.0265168
0.842625	-0.0280753
0.84265	-0.0740524
0.842675	-0.0436608
0.8427	-0.0553499
0.842725	-0.0623633
0.84275	-0.0849623
0.842775	-0.084183
0.8428	-0.0202826
0.842825	-0.0647012
0.84285	-0.0530121
0.842875	-0.0117106
0.8429	-0.0296339
0.842925	-0.0483364
0.84295	-0.0382059
0.842975	-0.0405437
0.843	-0.0444401
0.843025	-0.0553499
0.84305	-0.107561
0.843075	-0.0857415
0.8431	-0.0576877
0.843125	-0.0787281
0.84315	-0.0366473
0.843175	-0.0506743
0.8432	-0.0335302
0.843225	-0.102886
0.84325	-0.0561292
0.843275	-0.0319717
0.8433	-0.0685975
0.843325	-0.0873001
0.84335	-0.0428815
0.843375	-0.0249582
0.8434	-0.0795074
0.843425	-0.0919757
0.84345	-0.0740524
0.843475	-0.0810659
0.8435	-0.0561292
0.843525	-0.0374266
0.84355	-0.0389852
